Log,ac_flowrate,cp_pressure,cp_temperature,cp_flowrate,mixer_pressure,mixer_temperature_Funnel,mixer_motor_temperature_M2,mixer_motor_temperature_M1,mixer_torque_M2,mixer_torque_M1,mixer_speed_M2,mixer_speed_M1,Time
1,88.0,1.034,26.6,3.0,0.0891,24.5,22.3,19.3,4.9843,4.0026,61.5538,60.03,09:51:18.071
2,88.0,0.9253,28.0,3.0,0.094,24.5,22.3,20.0,3.776,2.9453,59.7882,59.7728,09:51:19.739
3,88.0,1.0157,28.0,3.0,0.0696,24.5,22.3,20.0,3.0208,3.1718,58.9679,59.6803,09:51:21.056
4,88.0,0.9668,28.0,3.0,0.1392,24.5,21.8,20.4,4.0781,3.3984,59.8921,60.1055,09:51:22.376
5,88.0,0.9949,28.0,3.0,0.083,24.5,22.3,20.4,4.0403,4.0781,59.9093,59.7764,09:51:23.690
6,88.0,0.9766,28.0,3.0,0.1172,24.5,22.5,19.3,2.9453,4.72,59.8875,59.8592,09:51:25.008
7,88.0,1.0669,28.1,3.0,0.0635,24.5,22.7,20.7,4.3424,3.5872,59.7437,59.3514,09:51:26.314
8,88.0,0.9156,26.6,3.0,0.0439,24.5,22.3,19.8,3.5872,3.3984,59.6929,59.5473,09:51:27.647
9,88.0,0.9412,28.1,3.0,0.0928,24.5,21.8,20.4,2.9075,2.832,59.8731,60.8212,09:51:28.965
10,88.0,0.9961,28.1,3.0,0.0464,24.5,22.5,20.0,3.8515,2.9075,59.6766,59.8145,09:51:30.278
11,88.0,0.929,26.6,3.0,0.0818,24.5,22.3,20.2,3.5117,3.625,59.7937,59.8662,09:51:31.598
12,88.0,1.001,26.6,3.0,0.0793,24.5,22.3,20.2,3.7382,2.4544,59.9662,60.4935,09:51:32.914
13,88.0,0.9619,26.6,3.0,0.127,24.5,22.0,20.4,4.7578,2.983,60.266,61.7321,09:51:34.230
14,88.0,1.0364,28.1,3.0,0.155,24.5,21.8,20.9,3.2096,3.5117,60.0575,60.2593,09:51:35.553
15,88.0,1.0547,28.1,3.0,0.1111,24.5,22.5,20.4,3.8138,2.5677,60.6023,59.6762,09:51:36.842
16,88.0,1.0022,28.1,3.0,0.1587,24.5,22.3,20.0,3.776,3.2474,59.664,60.6814,09:51:38.156
17,88.0,0.9497,28.1,3.0,0.1355,24.5,22.5,20.0,3.776,2.7187,60.7221,60.1471,09:51:39.471
18,88.0,0.8936,26.6,3.0,0.0867,24.5,22.0,20.4,3.8138,3.0208,60.4035,61.4066,09:51:40.791
19,88.0,1.0352,28.1,3.0,0.1013,24.5,22.3,20.7,3.5494,2.7942,60.2166,59.9813,09:51:42.107
20,88.0,0.9839,26.6,3.0,0.1038,26.0,21.8,20.7,4.0026,3.3984,59.8688,60.3931,09:51:43.419
21,88.0,1.0913,26.6,3.0,0.0989,26.0,22.3,20.4,3.5117,2.4922,59.5619,60.2643,09:51:44.731
22,88.0,0.9497,26.7,3.0,0.1086,26.0,22.3,20.0,3.9648,2.9453,59.8019,59.8277,09:51:46.045
23,88.0,0.9717,28.1,3.0,0.0964,26.0,22.7,20.2,4.72,2.5677,60.4533,60.5143,09:51:47.362
24,88.0,0.9912,26.6,3.0,0.1489,24.6,22.7,20.4,4.1536,3.7382,59.979,59.9388,09:51:48.684
25,88.0,0.9485,26.7,3.0,0.0537,26.0,22.0,20.4,4.5312,2.7565,59.9334,60.0292,09:51:49.998
26,88.0,0.968,26.7,3.0,0.0696,24.6,22.5,20.4,4.569,3.5494,59.1221,60.2621,09:51:51.319
27,88.0,0.9595,28.1,3.0,0.0769,24.6,22.0,19.5,3.776,2.5677,59.802,59.5405,09:51:52.636
28,88.0,1.0486,28.1,3.0,0.144,24.6,22.3,20.2,3.6627,2.7942,59.9701,60.2286,09:51:53.956
29,88.0,0.9522,28.1,3.0,0.1367,24.6,22.0,20.9,3.776,2.9075,59.8126,60.0211,09:51:55.274
30,88.0,1.0144,28.1,3.0,0.0452,24.6,22.3,20.4,3.5872,4.1914,60.105,59.7922,09:51:56.593
31,88.0,0.9973,28.1,3.0,0.0964,24.6,22.7,21.1,3.5117,2.681,59.8274,59.6009,09:51:57.908
32,88.0,0.8924,28.1,3.0,0.0989,24.6,22.0,20.0,3.8138,3.1718,60.3112,60.6717,09:51:59.221
33,88.0,1.0364,26.7,3.0,0.0879,24.6,22.3,21.3,4.8333,3.5117,60.0148,60.1381,09:52:00.557
34,88.0,0.9021,26.7,3.0,0.0732,24.6,22.3,20.4,3.7005,2.0768,60.0609,60.2402,09:52:01.887
35,88.0,0.9998,26.7,3.0,0.1172,24.6,22.5,20.4,5.664,4.871,60.0762,60.0142,09:52:03.205
36,88.0,0.9436,26.7,3.0,0.1025,24.6,22.3,19.8,5.0976,3.0208,60.4016,59.9173,09:52:04.525
37,88.0,0.9912,28.1,3.0,0.1123,24.6,22.3,20.4,4.7955,2.4544,60.67,59.7588,09:52:05.838
38,88.0,1.034,28.1,3.0,0.1831,24.6,22.7,20.0,3.776,5.0598,59.5677,59.7266,09:52:07.139
39,88.0,0.9973,26.7,3.0,0.1233,24.6,22.3,20.0,3.776,3.9648,59.8556,59.5803,09:52:08.457
40,88.0,1.0047,26.7,3.0,0.0549,24.6,22.3,20.9,3.4739,2.5677,60.478,60.6648,09:52:09.773
41,88.0,0.8997,26.7,3.0,0.0867,24.6,22.0,20.2,3.1341,3.0208,60.3409,60.0558,09:52:11.106
42,88.0,1.0401,26.7,3.0,0.1013,24.6,22.3,20.4,4.4557,3.3984,59.6567,59.7057,09:52:12.427
43,88.0,0.968,26.7,3.0,0.116,26.1,22.3,20.0,4.2291,2.3034,60.746,61.1492,09:52:13.761
44,88.0,1.034,26.7,3.0,0.1123,26.1,22.5,20.2,3.4739,4.0403,59.8909,60.0027,09:52:15.077
45,88.0,0.9888,26.7,3.0,0.1038,26.1,22.5,20.4,3.9648,3.1341,59.8403,59.7941,09:52:16.397
46,88.0,0.9912,26.7,3.0,0.1184,26.1,22.5,20.2,3.3606,3.0208,59.8184,59.9429,09:52:17.714
47,88.0,0.9925,26.7,3.0,0.0867,26.1,22.7,19.5,3.1341,3.8893,60.1037,60.247,09:52:19.034
48,88.0,0.9827,26.7,3.0,0.1038,24.7,22.5,19.8,4.2291,2.7565,59.9877,60.1179,09:52:20.353
49,88.0,0.979,26.7,3.0,0.1233,26.1,22.7,20.2,3.5117,3.8138,59.665,59.9308,09:52:21.672
50,88.0,0.94,26.7,3.0,0.094,24.7,22.5,20.4,3.5872,2.3789,59.7424,59.5902,09:52:22.973
51,88.0,1.0437,26.7,3.0,0.1404,24.7,22.5,19.8,3.7382,2.832,59.6013,60.0737,09:52:24.272
52,88.0,1.001,26.7,3.0,0.0745,24.7,22.3,20.7,4.4557,3.4739,59.7301,59.9178,09:52:25.587
53,88.0,1.001,26.7,3.0,0.1111,24.7,22.7,20.0,3.5494,2.5299,59.9401,60.1506,09:52:26.905
54,88.0,0.9436,26.7,3.0,0.1685,24.7,22.7,20.4,3.8515,3.0963,59.979,59.4092,09:52:28.221
55,88.0,0.9449,26.7,3.0,0.0745,24.7,22.7,20.0,4.1536,3.5117,59.5379,59.8367,09:52:29.536
56,88.0,1.0218,26.8,3.0,0.1221,24.7,22.3,20.4,3.2474,2.3789,59.7529,60.9049,09:52:30.854
57,88.0,0.9339,26.8,3.0,0.0586,26.2,22.3,20.9,4.8333,3.0586,60.2951,59.7482,09:52:32.177
58,88.0,0.9973,26.7,3.0,0.0964,26.2,22.7,20.4,3.2851,2.9453,60.5678,60.0025,09:52:33.509
59,88.0,0.9351,28.2,3.0,0.1599,24.7,22.7,19.8,3.4362,3.2851,59.7987,59.9367,09:52:34.833
60,88.0,1.001,28.2,3.0,0.1306,24.7,22.7,19.8,5.3242,3.0963,59.9697,60.0086,09:52:36.158
61,88.0,1.0144,28.2,3.0,0.0964,24.7,22.7,20.7,3.4362,3.2474,59.7747,59.4955,09:52:37.486
62,88.0,1.0059,28.2,3.0,0.1172,24.7,22.9,20.2,3.3229,2.7942,60.3649,59.5736,09:52:38.806
63,88.0,0.9717,28.2,3.0,0.1062,24.7,22.5,20.4,3.3229,2.5677,60.0815,60.1821,09:52:40.125
64,88.0,0.9058,26.8,3.0,0.0793,24.7,22.7,20.4,4.0781,3.8515,60.0772,59.8888,09:52:41.436
65,88.0,1.0205,26.8,3.0,0.1233,24.7,22.0,20.0,3.7005,2.7565,59.544,60.2566,09:52:42.770
66,88.0,0.9668,26.8,3.0,0.0745,24.7,22.3,20.4,3.0208,2.8698,59.8882,60.0941,09:52:44.084
67,88.0,0.9973,26.8,3.0,0.0879,24.7,22.5,20.4,3.7005,3.0208,60.2621,59.9165,09:52:45.404
68,88.0,0.9888,28.2,3.0,0.0696,24.7,22.9,20.4,3.9648,3.5494,59.691,60.1219,09:52:46.720
69,88.0,0.9827,28.2,3.0,0.0916,24.7,22.3,20.9,2.7565,3.5117,59.7766,59.8273,09:52:48.019
70,88.0,0.9778,28.2,3.0,0.1453,24.7,22.3,20.2,4.1158,3.4739,59.5673,59.9126,09:52:49.331
71,88.0,0.9583,28.2,3.0,0.0684,24.7,22.7,20.4,3.6627,3.7382,59.9557,59.9377,09:52:50.634
72,88.0,0.8252,28.2,3.0,0.0989,24.7,22.7,20.4,3.5117,3.0963,59.8217,60.2018,09:52:51.964
73,88.0,0.8936,28.2,3.0,0.0977,24.8,22.7,20.4,4.4934,3.2851,59.972,60.6193,09:52:53.283
74,88.0,1.0291,26.8,3.0,0.1514,24.8,22.7,20.4,3.4362,3.3229,59.9275,59.915,09:52:54.602
75,88.0,0.9912,28.2,3.0,0.1135,24.8,22.5,20.4,3.7005,2.7187,60.3727,59.9125,09:52:55.919
76,88.0,0.9949,26.8,3.0,0.1062,24.8,22.3,20.2,4.72,2.983,59.5389,59.7071,09:52:57.236
77,88.0,0.8301,26.8,3.0,0.0916,24.8,22.5,20.4,3.7005,3.8893,59.8418,59.9612,09:52:58.559
78,88.0,0.9839,26.8,3.0,0.1111,24.8,22.9,20.9,3.5117,2.0768,59.8035,59.7624,09:52:59.873
79,88.0,0.9827,26.8,3.0,0.1221,24.8,22.7,20.7,4.2669,3.2474,59.9302,60.867,09:53:01.185
80,88.0,0.9693,28.2,3.0,0.1074,24.8,22.7,20.9,3.3229,3.2851,59.5603,59.6528,09:53:02.499
81,88.0,0.9912,28.2,3.0,0.0867,24.8,22.5,20.9,4.2291,2.832,59.8652,59.7154,09:53:03.813
82,88.0,1.0059,28.2,3.0,0.1257,24.8,22.7,20.7,3.2474,3.0963,62.0103,60.0132,09:53:05.131
83,88.0,0.9998,26.8,3.0,0.1294,24.8,22.7,19.8,3.625,3.4362,60.3333,59.8924,09:53:06.467
84,88.0,1.0022,26.8,3.0,0.116,24.8,23.2,20.0,3.6627,2.7187,59.7997,60.2454,09:53:07.785
85,88.0,1.0437,26.8,3.0,0.1514,24.8,22.3,20.7,2.8698,3.776,59.0973,60.0158,09:53:09.113
86,88.0,1.001,26.8,3.0,0.0928,24.8,22.5,20.4,3.927,2.983,59.8818,59.7269,09:53:10.419
87,88.0,1.0022,26.8,3.0,0.0781,24.8,23.2,20.4,3.625,2.832,60.9251,60.3288,09:53:11.744
88,88.0,1.0096,26.8,3.0,0.0842,26.3,22.5,20.4,4.1158,3.3606,60.0119,60.2951,09:53:13.061
89,88.0,0.8484,26.8,3.0,0.1123,26.3,22.7,20.2,5.1731,4.4557,60.0746,59.9225,09:53:14.387
90,88.0,0.9766,28.2,3.0,0.1062,24.8,22.7,20.4,4.1914,2.832,59.621,61.3076,09:53:15.725
91,88.0,0.9485,28.2,3.0,0.083,24.8,22.9,19.8,3.3606,5.0221,59.3826,59.8277,09:53:17.045
92,88.0,0.979,28.2,3.0,0.072,24.8,22.5,20.4,3.625,2.9453,59.9803,60.0172,09:53:18.376
93,88.0,0.9571,28.2,3.0,0.1111,24.8,22.7,20.4,4.9466,3.3606,60.0557,59.5293,09:53:19.697
94,88.0,0.968,26.8,3.0,0.1135,24.8,22.7,20.7,3.1341,2.7565,60.7706,60.0005,09:53:21.016
95,88.0,0.9729,26.8,3.0,0.0513,24.8,22.7,20.4,4.0403,3.0586,59.7685,59.7327,09:53:22.349
96,88.0,0.8936,26.8,3.0,0.1025,24.9,22.5,20.4,4.9843,3.3606,59.7197,59.3133,09:53:23.670
97,88.0,1.001,26.8,3.0,0.0781,24.9,22.5,20.7,2.9075,2.832,59.8583,60.2277,09:53:24.989
98,88.0,0.9204,26.8,3.0,0.1648,26.3,22.7,20.4,3.927,3.776,59.8312,60.2947,09:53:26.326
99,88.0,1.0242,26.8,3.0,0.0818,26.3,22.5,21.1,3.0208,3.0208,59.173,59.6428,09:53:27.638
100,88.0,0.9546,26.8,3.0,0.1294,26.3,22.9,20.9,4.871,2.832,59.9411,60.5141,09:53:28.955
101,88.0,1.0022,26.8,3.0,0.1294,26.4,23.2,20.4,3.3606,2.832,59.6573,60.1117,09:53:30.272
102,88.0,0.9876,26.8,3.0,0.072,24.9,22.7,20.4,4.3802,2.9075,59.5034,59.7853,09:53:31.605
103,88.0,0.9265,26.8,3.0,0.0977,24.9,22.5,20.4,4.6067,2.7942,59.968,60.4846,09:53:32.910
104,88.0,0.968,26.8,3.0,0.1367,26.3,23.2,20.4,4.1536,2.5299,59.8473,60.4307,09:53:34.228
105,88.0,0.8765,26.8,3.0,0.1892,26.4,22.9,20.7,3.8138,3.3229,60.0533,59.0364,09:53:35.539
106,88.0,1.0389,26.8,3.0,0.094,26.4,22.9,19.8,3.2474,2.5299,60.312,59.849,09:53:36.862
107,88.0,0.9546,28.2,3.0,0.1013,24.9,22.9,20.0,4.569,3.0208,60.0184,59.9027,09:53:38.192
108,88.0,0.8997,28.2,3.0,0.0635,24.9,22.5,21.3,4.72,3.3984,60.0267,59.796,09:53:39.516
109,88.0,1.073,28.2,3.0,0.094,24.9,22.7,20.0,4.0403,3.2474,59.8164,60.2991,09:53:40.818
110,88.0,0.9876,28.2,3.0,0.1038,24.9,22.7,20.4,3.0963,2.681,59.6752,59.0451,09:53:42.142
111,88.0,1.012,28.2,3.0,0.1367,24.9,22.7,20.4,5.513,3.625,60.1749,59.8775,09:53:43.455
112,88.0,0.9571,26.8,3.0,0.1209,26.4,22.7,20.7,3.2474,2.4544,60.7911,59.7286,09:53:44.769
113,88.0,0.9351,26.8,3.0,0.0696,26.4,22.5,20.4,3.8138,2.8698,60.0073,60.3498,09:53:46.068
114,88.0,0.8716,28.3,3.0,0.0671,24.9,22.7,20.4,5.664,3.7005,59.9332,59.7534,09:53:47.418
115,88.0,0.9888,28.3,3.0,0.0879,24.9,22.5,21.1,2.9075,2.7187,59.9429,59.8165,09:53:48.736
116,88.0,0.9949,26.8,3.0,0.1587,24.9,22.9,20.4,3.3984,3.0963,59.8969,60.0883,09:53:50.058
117,88.0,0.9888,26.8,3.0,0.0989,24.9,22.7,20.7,3.7382,3.2851,60.1514,59.7856,09:53:51.375
118,88.0,1.095,26.8,3.0,0.1184,24.9,22.7,20.4,4.72,3.4362,60.6074,59.8897,09:53:52.696
119,88.0,0.9839,26.8,3.0,0.094,25.0,22.9,20.4,2.9453,2.5677,59.8802,60.0247,09:53:54.002
120,88.0,0.94,28.2,3.0,0.0732,25.0,22.5,21.3,4.3424,3.4362,60.1684,60.3799,09:53:55.318
121,88.0,0.8594,26.8,3.0,0.0684,24.9,23.2,21.3,3.1341,3.4362,60.6595,59.762,09:53:56.619
122,88.0,0.9204,26.8,3.0,0.072,25.0,22.7,20.9,3.776,3.0208,60.0067,60.7583,09:53:57.951
123,88.0,0.9497,26.8,3.0,0.1013,24.9,22.9,21.1,3.8893,3.8893,59.5996,59.9256,09:53:59.294
124,88.0,1.0157,26.8,3.0,0.0818,26.4,22.7,20.4,3.4739,4.0026,60.0815,59.4359,09:54:00.629
125,88.0,0.9412,26.8,3.0,0.1294,25.0,22.7,20.7,4.4179,2.681,60.0354,60.0708,09:54:01.949
126,88.0,0.8997,26.8,3.0,0.1856,26.4,22.5,20.4,5.2109,2.832,60.0059,59.7811,09:54:03.252
127,88.0,0.9485,26.8,3.0,0.1465,26.5,23.2,20.7,3.8515,3.4739,59.8329,60.2656,09:54:04.566
128,88.0,0.9217,26.8,3.0,0.0879,25.0,23.2,20.0,3.5872,2.832,59.7959,60.504,09:54:05.908
129,88.0,0.9839,28.3,3.0,0.1038,25.0,22.9,20.7,3.3229,3.0208,60.0757,59.6119,09:54:07.242
130,88.0,0.8594,28.2,3.0,0.1782,25.0,23.2,21.1,3.8515,4.3802,59.6121,60.1356,09:54:08.559
131,88.0,0.929,26.8,3.0,0.0793,25.0,22.9,20.4,3.8515,2.0768,59.912,59.6302,09:54:09.890
132,88.0,0.9998,26.8,3.0,0.1209,25.0,22.9,20.7,4.3046,3.776,59.8606,60.1803,09:54:11.208
133,88.0,0.9619,26.8,3.0,0.0732,25.0,23.2,20.4,4.6445,2.983,60.2592,59.8186,09:54:12.528
134,88.0,0.979,26.8,3.0,0.116,25.0,22.9,20.9,3.4362,2.2278,60.1955,60.3138,09:54:13.862
135,88.0,0.9449,26.8,3.0,0.0964,25.0,22.5,20.4,3.8893,3.2474,60.4019,59.861,09:54:15.197
136,88.0,0.9864,28.2,3.0,0.116,25.0,22.5,21.3,4.4557,3.8138,60.5594,59.5146,09:54:16.530
137,88.0,0.9009,26.8,3.0,0.1221,25.0,22.9,20.7,3.1718,2.6054,60.1793,59.7628,09:54:17.849
138,88.0,1.0437,28.3,3.0,0.0562,25.0,23.2,20.9,3.8515,3.2096,60.1333,59.819,09:54:19.179
139,88.0,0.8496,28.2,3.0,0.0867,25.0,22.5,20.7,3.0586,3.4362,60.0376,59.9226,09:54:20.496
140,88.0,0.929,26.8,3.0,0.1392,25.0,23.2,21.1,4.7578,2.6432,60.1825,59.601,09:54:21.836
141,88.0,1.0816,26.8,3.0,0.1294,25.0,23.4,20.7,4.6445,3.2851,59.8961,59.911,09:54:23.162
142,88.0,1.0718,26.8,3.0,0.0867,25.0,23.2,20.9,4.3424,2.9075,60.0105,59.8531,09:54:24.474
143,88.0,0.9961,26.8,3.0,0.1135,25.0,22.9,21.3,3.4739,2.5299,60.1006,59.8959,09:54:25.784
144,88.0,0.9302,26.8,3.0,0.0818,25.0,22.7,20.9,3.8515,3.776,59.8535,60.0585,09:54:27.092
145,88.0,0.9217,26.8,3.0,0.0696,25.0,22.7,20.0,4.0781,3.5117,59.8597,59.7702,09:54:28.416
146,88.0,0.8716,26.8,3.0,0.0745,25.0,23.2,20.9,3.3229,2.7187,59.4626,59.9526,09:54:29.731
147,88.0,1.0547,26.8,3.0,0.1172,25.0,23.2,20.7,3.1718,3.927,59.5054,59.9271,09:54:31.048
148,88.0,0.9192,26.8,3.0,0.0842,25.0,22.7,20.4,5.2864,2.9453,60.3394,59.1476,09:54:32.371
149,88.0,0.8667,26.8,3.0,0.0867,25.0,23.4,21.3,4.569,3.6627,61.1551,59.6634,09:54:33.692
150,88.0,1.1011,26.8,3.0,0.1135,25.0,23.2,21.3,2.832,2.4922,59.9678,59.7945,09:54:35.003
151,88.0,1.0791,26.8,3.0,0.083,25.0,22.9,21.3,4.3802,3.8515,60.1864,59.7562,09:54:36.323
152,88.0,0.9595,26.8,3.0,0.1013,25.0,23.2,21.3,3.776,2.8698,60.768,59.6482,09:54:37.641
153,88.0,0.9436,26.8,3.0,0.0818,25.0,23.2,20.9,3.5494,2.983,59.8867,60.1793,09:54:38.956
154,88.0,0.907,26.8,3.0,0.1086,25.0,23.2,21.1,3.7382,3.2096,59.8356,60.2525,09:54:40.269
155,88.0,1.0254,28.2,3.0,0.1013,25.0,22.9,21.1,4.5312,3.5872,60.1797,59.9292,09:54:41.579
156,88.0,1.0205,28.2,3.0,0.0867,25.0,22.7,20.9,3.3606,2.681,59.9278,59.3899,09:54:42.884
157,88.0,0.9619,28.2,3.0,0.0977,25.1,23.2,20.9,4.0026,5.0976,59.7626,59.8198,09:54:44.188
158,88.0,0.9473,28.2,3.0,0.0769,25.1,22.9,20.4,2.983,3.3984,60.0177,60.1259,09:54:45.493
159,88.0,1.0645,28.2,3.0,0.1807,25.1,22.7,20.7,3.9648,2.9075,60.3699,59.7557,09:54:46.806
160,88.0,0.9644,26.8,3.0,0.0916,25.1,22.9,21.3,3.3229,3.2474,60.0211,59.849,09:54:48.141
161,88.0,0.9925,26.8,3.0,0.1074,25.1,23.2,20.2,4.1914,3.2096,59.9843,60.2172,09:54:49.454
162,88.0,0.8692,26.8,3.0,0.1184,25.1,22.7,20.9,3.4362,2.681,60.2372,60.0732,09:54:50.770
163,88.0,0.907,28.2,3.0,0.1318,25.1,23.2,20.4,3.1718,3.0208,60.0478,59.9035,09:54:52.081
164,88.0,1.0315,26.7,3.0,0.1123,25.1,22.7,20.9,3.8138,4.569,59.6098,60.1028,09:54:53.411
165,88.0,1.0364,26.8,3.0,0.094,25.1,22.7,20.9,3.3984,2.4922,59.1717,60.1415,09:54:54.743
166,88.0,0.9864,26.7,3.0,0.0745,25.1,22.7,20.9,3.2851,3.7382,59.8283,60.0378,09:54:56.067
167,88.0,0.9876,26.7,3.0,0.1917,25.1,23.4,20.7,3.9648,3.3229,59.5093,59.6014,09:54:57.399
168,88.0,1.0474,28.2,3.0,0.0684,25.1,22.9,20.7,4.0403,3.5117,60.0671,60.3596,09:54:58.750
169,88.0,0.9009,26.8,3.0,0.1038,25.1,22.9,20.4,2.9453,3.3984,59.7875,59.8561,09:55:00.049
170,88.0,1.001,26.8,3.0,0.1306,26.6,23.2,21.3,3.5117,3.0963,59.8748,60.1867,09:55:01.352
171,88.0,0.8887,26.8,3.0,0.0696,26.6,23.2,21.1,3.9648,3.0208,60.5372,59.7427,09:55:02.665
172,88.0,0.9021,26.7,3.0,0.0989,25.1,22.7,20.7,3.3984,2.8698,59.9589,60.0648,09:55:03.983
173,88.0,0.9961,26.8,3.0,0.0732,26.6,22.7,20.9,3.9648,3.7005,59.9273,59.9948,09:55:05.312
174,88.0,0.9973,26.8,3.0,0.1343,25.1,23.2,20.4,4.6822,2.832,60.1084,59.2268,09:55:06.616
175,88.0,0.9583,26.7,3.0,0.0793,26.6,23.2,21.3,3.7382,2.983,59.984,60.3505,09:55:07.921
176,88.0,0.9888,26.8,3.0,0.1941,25.1,23.4,20.9,4.3046,3.1718,59.9173,59.7549,09:55:09.229
177,88.0,0.8863,26.7,3.0,0.1416,26.6,23.2,20.7,4.3046,4.1914,59.5265,60.085,09:55:10.546
178,88.0,0.8826,26.8,3.0,0.1538,26.6,23.2,21.6,3.4362,2.4166,60.7053,60.1408,09:55:11.882
179,88.0,1.0865,28.2,3.0,0.1233,25.2,22.7,20.7,4.4934,3.5117,60.0581,60.0392,09:55:13.214
180,88.0,0.9912,26.7,3.0,0.0891,25.1,22.9,20.9,3.5494,3.3606,60.7816,60.6941,09:55:14.567
181,88.0,1.0108,26.7,3.0,0.1636,26.6,23.2,21.3,4.0403,2.039,60.134,60.0412,09:55:15.895
182,88.0,1.0425,26.7,3.0,0.1013,26.6,23.6,21.3,4.3424,3.3229,60.6209,59.9266,09:55:17.214
183,88.0,0.9717,26.7,3.0,0.0879,26.6,23.2,20.7,3.776,3.2096,60.044,59.6901,09:55:18.553
184,88.0,0.9973,26.7,3.0,0.0879,26.6,22.9,20.0,3.5872,2.4544,60.4712,59.5805,09:55:19.854
185,88.0,0.979,26.7,3.0,0.1221,26.6,23.4,21.1,4.871,3.0586,60.1026,59.9405,09:55:21.168
186,88.0,0.9412,26.7,3.0,0.0732,26.6,22.9,21.3,3.9648,3.3984,60.4725,59.8026,09:55:22.498
187,88.0,0.8875,26.7,3.0,0.0842,25.2,22.7,20.9,3.7382,2.6054,60.1091,59.9962,09:55:23.833
188,88.0,1.0572,26.7,3.0,0.1294,25.2,22.7,20.9,4.3046,4.0403,59.6451,59.8504,09:55:25.165
189,88.0,1.0022,26.7,3.0,0.0562,25.2,23.2,20.4,4.6822,3.7005,60.2981,59.9519,09:55:26.484
190,88.0,0.9876,26.7,3.0,0.0928,25.2,22.9,20.2,4.0781,3.0208,60.1845,60.0403,09:55:27.816
191,88.0,1.0486,28.2,3.0,0.0793,25.2,23.6,21.3,2.8698,2.7187,60.5937,60.2227,09:55:29.119
192,88.0,0.9485,26.7,3.0,0.1355,25.2,23.4,21.1,4.1158,3.5117,59.7468,59.664,09:55:30.442
193,88.0,1.0315,26.7,3.0,0.094,25.2,23.2,21.6,3.2096,2.681,59.5808,59.9573,09:55:31.759
194,88.0,0.8875,26.7,3.0,0.1111,26.7,23.2,20.9,2.7187,3.5872,59.9102,59.8335,09:55:33.122
195,88.0,0.9876,26.7,3.0,0.0964,26.7,23.2,20.7,5.0221,3.5117,60.4323,61.3048,09:55:34.426
196,88.0,0.9644,26.7,3.0,0.0916,26.7,23.2,20.4,3.3229,2.9453,59.9787,60.148,09:55:35.739
197,88.0,0.9583,26.7,3.0,0.1892,26.7,22.9,21.3,3.0963,3.1718,59.4376,59.9277,09:55:37.054
198,88.0,0.9473,28.2,3.0,0.0891,25.2,23.4,20.9,3.6627,3.3606,59.6997,59.7672,09:55:38.386
199,88.0,0.9571,28.2,3.0,0.0745,25.2,23.2,20.4,3.3984,2.7565,59.8457,59.9865,09:55:39.721
200,88.0,1.045,28.2,3.0,0.0745,25.2,23.4,20.9,3.2851,2.7942,60.1744,59.8736,09:55:41.039
201,88.0,0.9168,28.2,3.0,0.0488,25.2,23.2,21.3,3.8138,3.1718,59.7508,60.1432,09:55:42.352
202,88.0,1.001,26.7,3.0,0.0732,25.2,23.4,21.1,3.7382,3.2851,59.1485,59.0979,09:55:43.687
203,88.0,0.857,26.7,3.0,0.1123,25.2,23.2,20.9,3.4362,3.3606,59.7335,60.0773,09:55:45.021
204,88.0,0.9302,26.7,3.0,0.072,25.2,22.9,20.2,4.1914,3.1718,59.6003,59.8263,09:55:46.335
205,88.0,0.9717,26.7,3.0,0.0305,25.2,22.9,20.9,4.3802,3.3229,59.4317,59.3867,09:55:47.659
206,88.0,1.0401,26.7,3.0,0.1135,26.7,23.2,20.9,3.2474,3.776,60.0211,60.0026,09:55:48.976
207,88.0,1.001,28.2,3.0,0.1184,25.2,22.9,20.4,4.0781,3.5494,60.2307,60.6549,09:55:50.315
208,88.0,0.9449,26.7,3.0,0.0317,25.2,23.2,21.3,4.0026,3.776,59.7916,59.7937,09:55:51.666
209,88.0,1.0681,26.7,3.0,0.1013,25.2,23.4,21.6,3.0586,3.1341,59.9109,60.0285,09:55:52.988
210,88.0,0.9217,26.7,3.0,0.0989,26.7,23.6,20.9,4.6445,3.6627,60.648,59.7609,09:55:54.321
211,88.0,0.9888,26.7,3.0,0.1221,26.7,22.9,20.4,3.2851,3.0208,60.101,59.8467,09:55:55.653
212,88.0,0.9668,28.2,3.0,0.1062,25.3,22.9,21.1,3.3229,2.832,59.4613,60.3694,09:55:56.990
213,88.0,0.896,28.1,3.0,0.116,25.3,23.4,20.4,4.8333,3.1341,59.9426,60.7342,09:55:58.308
214,88.0,0.9973,28.1,3.0,0.0684,25.3,23.2,21.3,4.2291,3.776,60.0492,59.7859,09:55:59.639
215,88.0,1.012,28.1,3.0,0.127,25.3,23.2,21.6,3.2474,2.7942,59.9362,59.9801,09:56:00.961
216,88.0,0.979,26.7,3.0,0.1355,25.3,23.4,21.3,4.1914,3.6627,60.1915,59.2914,09:56:02.272
217,88.0,1.001,26.7,3.0,0.094,25.3,23.4,21.3,3.3606,4.0403,60.1831,61.1571,09:56:03.605
218,88.0,1.0303,26.7,3.0,0.1074,25.3,23.6,20.9,4.1158,2.6432,59.6988,59.8406,09:56:04.927
219,88.0,0.8972,26.7,3.0,0.0562,25.3,23.4,21.1,5.1354,2.832,59.6746,59.2816,09:56:06.251
220,88.0,1.0242,26.7,3.0,0.1209,25.3,23.2,21.3,4.72,4.1536,59.8362,60.0102,09:56:07.568
221,88.0,0.9546,26.7,3.0,0.0793,25.3,23.2,21.8,3.8893,2.4544,60.0214,60.0238,09:56:08.896
222,88.0,0.9302,28.1,3.0,0.1233,25.3,23.8,20.4,3.8138,2.9075,59.549,59.786,09:56:10.234
223,88.0,0.9168,28.1,3.0,0.0818,25.3,23.6,20.7,4.0781,4.1158,60.0367,59.8084,09:56:11.553
224,88.0,0.9888,26.7,3.0,0.0562,25.3,23.6,20.9,3.5494,2.6054,60.1773,60.012,09:56:12.906
225,88.0,1.0169,26.7,3.0,0.1062,25.3,23.2,21.1,4.1536,4.0026,59.8705,60.1438,09:56:14.221
226,88.0,0.9449,26.7,3.0,0.1257,25.3,23.4,20.4,4.0026,4.0403,60.0433,59.9504,09:56:15.556
227,88.0,1.1023,26.7,3.0,0.1318,25.3,23.4,20.4,3.6627,2.1146,60.8359,60.0876,09:56:16.867
228,88.0,0.8911,26.7,3.0,0.0793,26.8,23.4,20.9,4.0781,3.3229,59.3497,60.549,09:56:18.198
229,88.0,1.0364,26.7,3.0,0.1123,26.8,23.6,21.1,3.1341,3.3984,60.3248,59.8525,09:56:19.532
230,88.0,0.9107,26.7,3.0,0.1416,26.8,23.4,20.9,3.3229,2.7187,60.3464,59.5973,09:56:20.848
231,88.0,0.9217,28.1,3.0,0.1355,25.3,23.6,21.1,4.6445,3.7005,59.9767,60.0224,09:56:22.176
232,88.0,0.9925,28.1,3.0,0.1062,25.3,23.6,20.4,3.4362,3.0208,60.0996,60.2964,09:56:23.507
233,88.0,1.0389,26.7,3.0,0.072,25.3,23.2,21.3,3.8138,3.0586,59.9886,60.5462,09:56:24.832
234,88.0,1.0047,26.7,3.0,0.0891,25.3,23.2,20.9,4.1158,3.1341,60.136,59.7306,09:56:26.164
235,88.0,0.9241,26.7,3.0,0.094,25.3,23.4,20.9,3.5872,3.8138,59.442,60.2965,09:56:27.514
236,88.0,1.0266,28.1,3.0,0.1233,25.3,23.4,20.9,3.4739,2.6054,60.0856,59.7591,09:56:28.836
237,88.0,0.9046,28.1,3.0,0.0977,25.3,23.6,21.3,5.0221,3.2096,59.8694,59.7924,09:56:30.176
238,88.0,1.0266,26.6,3.0,0.155,25.4,23.4,20.9,3.8893,3.625,59.7606,60.081,09:56:31.509
239,88.0,1.0364,26.7,3.0,0.0916,25.4,23.6,21.8,3.927,2.7565,60.0477,60.3177,09:56:32.845
240,88.0,1.0157,26.6,3.0,0.1892,25.4,23.6,21.3,3.3606,3.2474,59.7855,59.6736,09:56:34.160
241,88.0,1.0486,26.7,3.0,0.0867,26.8,23.2,20.9,3.3984,3.3229,60.5546,59.8507,09:56:35.479
242,88.0,1.0303,26.6,3.0,0.1025,26.8,23.4,20.7,5.2486,3.4362,60.1388,60.2473,09:56:36.818
243,88.0,1.0022,26.7,3.0,0.1599,25.4,23.4,21.6,3.2474,2.9075,60.0603,59.256,09:56:38.148
244,88.0,0.9595,26.6,3.0,0.0745,25.4,23.8,21.3,3.2096,4.1914,59.5309,60.2356,09:56:39.465
245,88.0,1.0022,26.6,3.0,0.0879,25.4,23.4,20.9,4.1914,2.6054,60.1832,60.1374,09:56:40.817
246,88.0,0.9095,26.7,3.0,0.0513,25.4,23.6,20.7,3.776,3.625,60.0719,59.5473,09:56:42.135
247,88.0,1.0389,26.6,3.0,0.0916,26.8,23.8,21.3,4.5312,3.2096,59.7839,60.2051,09:56:43.466
248,88.0,0.9717,26.6,3.0,0.0635,25.4,23.8,20.4,4.0026,2.7942,60.0398,60.649,09:56:44.808
249,88.0,1.0022,28.1,3.0,0.1758,25.4,23.8,20.7,4.72,3.7382,60.0997,59.8138,09:56:46.132
250,88.0,1.0523,28.1,3.0,0.1794,25.4,23.2,21.3,4.3424,3.3606,59.9088,59.8098,09:56:47.470
251,88.0,0.9449,28.1,3.0,0.1172,25.4,23.6,20.9,4.6822,3.4739,59.8009,60.1151,09:56:48.784
252,88.0,1.0022,28.1,3.0,0.1306,25.4,23.4,21.1,2.8698,4.2291,60.0981,59.9311,09:56:50.105
253,88.0,0.9119,26.6,3.0,0.1599,25.4,23.4,21.1,4.1158,3.4739,60.26,59.8903,09:56:51.425
254,88.0,0.9827,26.6,3.0,0.0867,25.4,23.4,20.9,4.0026,3.0963,60.1416,60.5084,09:56:52.756
255,88.0,0.9363,26.6,3.0,0.0964,26.9,23.6,21.3,3.0208,3.5117,60.1911,60.1375,09:56:54.110
256,88.0,1.0681,26.6,3.0,0.0879,25.4,23.4,20.7,3.7382,4.9088,60.4687,59.3262,09:56:55.436
257,88.0,0.9778,28.1,3.0,0.1013,25.4,23.6,21.1,3.776,2.5677,60.0697,59.7402,09:56:56.778
258,88.0,1.0071,28.1,3.0,0.0562,25.4,23.6,21.1,2.9075,2.7565,60.0245,59.8361,09:56:58.112
259,88.0,0.9961,26.6,3.0,0.1392,25.4,23.8,21.3,3.776,3.2851,59.7959,59.7361,09:56:59.425
260,88.0,1.0047,26.6,3.0,0.116,26.9,23.4,21.1,3.2851,3.4362,59.561,59.1777,09:57:00.775
261,88.0,1.0291,26.6,3.0,0.1123,25.4,23.2,20.9,3.4739,2.7565,59.7984,59.9157,09:57:02.109
262,88.0,0.9412,28.1,3.0,0.0671,25.4,23.6,22.3,4.0026,3.5872,59.8234,59.8566,09:57:03.442
263,88.0,0.9973,26.6,3.0,0.0818,25.4,23.8,20.9,3.9648,2.6432,58.952,59.8964,09:57:04.790
264,88.0,0.9925,26.6,3.0,0.1233,25.5,23.4,20.9,3.1718,2.6054,60.0935,59.8471,09:57:06.121
265,88.0,1.0059,26.6,3.0,0.1025,26.9,23.4,21.1,4.4179,4.2669,59.9722,59.9081,09:57:07.455
266,88.0,0.8386,28.1,3.0,0.1013,25.5,23.4,21.8,3.5872,2.6432,60.1871,59.5753,09:57:08.773
267,88.0,0.9571,28.1,3.0,0.0439,25.5,23.8,21.6,2.7187,2.9075,60.038,59.797,09:57:10.123
268,88.0,1.1023,26.6,3.0,0.1746,25.5,23.8,20.9,4.6445,3.4362,60.2888,59.8336,09:57:11.462
269,88.0,0.9961,26.6,3.0,0.0867,25.5,23.8,21.3,3.4739,3.6627,59.8993,59.9198,09:57:12.792
270,88.0,0.9778,26.6,3.0,0.116,26.9,23.2,21.3,3.2851,2.7187,59.883,59.7933,09:57:14.128
271,88.0,1.0096,28.1,3.0,0.1074,25.5,23.6,20.9,3.625,3.2096,60.0681,59.9333,09:57:15.458
272,88.0,0.9693,28.1,3.0,0.127,25.5,23.6,20.9,3.6627,3.4739,59.9876,59.9546,09:57:16.792
273,88.0,0.9436,26.6,3.0,0.1502,25.5,23.6,20.9,3.1341,2.7187,60.4591,59.9595,09:57:18.128
274,88.0,1.0547,26.6,3.0,0.1111,25.5,23.8,21.3,4.1536,3.5494,60.0672,60.294,09:57:19.462
275,88.0,1.0096,26.6,3.0,0.1074,27.0,24.1,21.1,5.4374,2.6432,59.7282,60.4682,09:57:20.792
276,88.0,1.0071,26.6,3.0,0.0867,27.0,23.8,21.3,2.9453,3.0963,59.5331,59.9477,09:57:22.120
277,88.0,1.0291,28.1,3.0,0.0818,25.5,23.2,20.9,3.8515,3.5494,60.1244,59.7386,09:57:23.449
278,88.0,0.9522,26.6,3.0,0.0818,25.5,23.6,21.3,3.8138,2.4922,60.0332,59.1849,09:57:24.783
279,88.0,1.0303,26.6,3.0,0.1233,27.0,23.8,21.3,3.8138,2.4922,60.6376,59.8419,09:57:26.139
280,88.0,0.8679,26.6,3.0,0.1563,25.5,23.6,21.6,4.0026,3.3606,59.9373,60.3656,09:57:27.475
281,88.0,0.9436,26.6,3.0,0.083,25.5,23.2,21.3,3.7382,2.4922,59.863,59.9945,09:57:28.842
282,88.0,0.9839,26.6,3.0,0.0989,25.5,23.6,21.6,4.0403,4.871,60.0717,60.4607,09:57:30.173
283,88.0,1.0193,26.6,3.0,0.1209,27.0,23.8,20.4,3.1718,3.7005,60.674,59.6614,09:57:31.487
284,88.0,1.0291,28.1,3.0,0.1025,25.5,23.8,21.6,4.2669,2.2656,60.0666,59.988,09:57:32.851
285,88.0,1.0291,26.6,3.0,0.0793,25.5,23.8,21.8,5.0221,3.2474,60.186,59.9759,09:57:34.199
286,88.0,1.0169,26.6,3.0,0.1416,25.5,23.6,21.3,3.2096,3.7005,61.0585,60.0985,09:57:35.524
287,88.0,0.8924,26.6,3.0,0.1111,27.0,23.8,21.3,3.776,3.8138,60.2875,60.4236,09:57:36.858
288,88.0,0.9998,28.0,3.0,0.0964,25.5,23.4,20.7,4.871,3.8515,60.4522,59.6678,09:57:38.196
289,88.0,0.8741,26.6,3.0,0.0818,25.5,23.8,22.0,4.72,3.6627,59.6407,59.693,09:57:39.533
290,88.0,0.8972,26.6,3.0,0.1343,25.5,24.1,21.6,3.927,2.5677,60.9611,60.1779,09:57:40.868
291,88.0,0.968,26.6,3.0,0.1318,25.5,23.8,20.9,4.6445,3.8138,59.6424,59.7822,09:57:42.198
292,88.0,1.0059,26.6,3.0,0.1367,27.0,23.6,21.8,3.2851,3.5117,59.7252,60.1826,09:57:43.531
293,88.0,0.8887,28.0,3.0,0.1502,25.6,23.8,21.8,3.927,2.2656,59.962,61.1259,09:57:44.869
294,88.0,1.0242,26.6,3.0,0.1013,25.5,23.6,21.6,5.1354,3.3229,59.9256,59.7086,09:57:46.205
295,88.0,1.012,26.6,3.0,0.1172,27.0,24.3,22.0,3.6627,3.3229,59.8865,59.9875,09:57:47.556
296,88.0,0.9143,28.0,3.0,0.0586,25.5,23.8,21.3,4.7578,3.0963,60.1618,60.0009,09:57:48.907
297,88.0,1.0254,26.6,3.0,0.1355,25.6,23.8,21.6,4.3802,2.681,60.5076,60.0927,09:57:50.245
298,88.0,0.857,26.6,3.0,0.0781,25.6,23.6,21.6,3.625,3.927,59.9951,60.2664,09:57:51.582
299,88.0,0.9717,26.6,3.0,0.0671,27.0,23.8,21.1,4.6445,2.5677,59.9679,60.1775,09:57:52.916
300,88.0,0.9693,26.6,3.0,0.1135,27.0,23.6,22.0,4.1158,2.7942,60.7637,60.1413,09:57:54.231
301,88.0,0.9742,26.6,3.0,0.1038,27.0,23.4,21.6,3.776,3.927,59.9695,60.0682,09:57:55.558
302,88.0,0.9973,28.0,3.0,0.1489,25.6,23.8,20.9,3.4739,2.1523,59.9956,59.8448,09:57:56.886
303,88.0,0.9949,28.0,3.0,0.127,25.6,24.1,21.3,4.3802,3.1718,59.9308,59.8786,09:57:58.215
304,88.0,1.045,26.6,3.0,0.072,25.6,23.8,22.0,4.0781,3.7005,60.1409,60.235,09:57:59.546
305,88.0,0.9729,28.0,3.0,0.0732,25.6,23.6,21.1,3.8515,2.5299,59.8495,59.5291,09:58:00.858
306,88.0,1.0596,26.6,3.0,0.0818,25.6,23.8,21.3,4.4557,3.1341,60.7749,58.885,09:58:02.192
307,88.0,0.9339,26.6,3.0,0.0745,27.1,24.1,20.9,3.7382,3.2096,59.8342,60.1023,09:58:03.533
308,88.0,1.034,28.0,3.0,0.0964,25.6,24.1,20.9,3.7005,2.3789,60.2241,59.6967,09:58:04.886
309,88.0,0.9449,28.0,3.0,0.0964,25.6,24.3,21.1,5.1354,2.983,59.4023,60.8121,09:58:06.216
310,88.0,1.0437,26.6,3.0,0.0916,25.6,23.8,21.6,3.7382,4.0403,59.4362,60.0837,09:58:07.546
311,88.0,1.0144,26.6,3.0,0.1318,25.6,23.8,21.3,3.4739,2.4166,60.0497,59.9032,09:58:08.867
312,88.0,1.0193,26.6,3.0,0.1135,27.1,23.4,21.6,4.3046,3.4739,60.0098,59.0107,09:58:10.202
313,88.0,1.0718,28.0,3.0,0.1086,25.6,23.8,21.8,3.8515,3.5494,59.6186,61.4424,09:58:11.535
314,88.0,0.8936,26.6,3.0,0.0818,25.6,23.8,21.8,3.2851,2.5299,60.6756,59.7117,09:58:12.865
315,88.0,1.0401,28.0,3.0,0.1062,25.6,23.8,20.7,4.0026,3.5872,60.5958,58.9791,09:58:14.185
316,88.0,0.9314,26.6,3.0,0.0793,25.6,24.3,21.3,4.1158,4.0026,59.8286,60.341,09:58:15.518
317,88.0,0.9619,26.6,3.0,0.2161,25.6,23.8,21.8,3.3984,2.7942,60.1199,59.8345,09:58:16.847
318,88.0,1.0071,26.6,3.0,0.1038,25.6,24.3,21.3,5.3242,3.2851,60.385,60.3637,09:58:18.179
319,88.0,1.073,26.6,3.0,0.0867,27.1,23.8,21.1,3.7005,3.8893,60.3105,60.0048,09:58:19.509
320,88.0,0.9925,28.0,3.0,0.127,25.6,23.8,21.8,3.776,2.5677,59.957,59.8539,09:58:20.840
321,88.0,1.0059,28.0,3.0,0.0964,25.6,24.1,20.9,5.3242,3.0208,59.95,60.1396,09:58:22.167
322,88.0,1.045,28.0,3.0,0.0916,25.6,23.8,22.0,3.4739,3.1718,59.7824,59.6799,09:58:23.500
323,88.0,0.9009,26.6,3.0,0.094,25.6,23.8,20.9,3.8893,2.983,59.8782,60.0052,09:58:24.814
324,88.0,1.0535,28.0,3.0,0.1489,25.6,24.1,20.9,3.8515,3.7382,59.9282,59.9069,09:58:26.182
325,88.0,0.9912,28.0,3.0,0.1355,25.6,23.8,22.0,3.3984,4.1158,59.9533,60.1534,09:58:27.517
326,88.0,0.9668,26.6,3.0,0.0916,25.6,24.3,21.1,4.6067,3.1341,60.2238,59.7558,09:58:28.850
327,88.0,1.0266,26.6,3.0,0.094,25.6,23.4,20.9,5.513,3.6627,59.1975,59.8406,09:58:30.186
328,88.0,0.9961,26.6,3.0,0.083,27.1,23.8,21.3,3.4739,3.8138,59.8812,60.2826,09:58:31.519
329,88.0,0.9973,28.0,3.0,0.1038,25.6,23.4,21.6,3.5494,2.039,60.0675,59.9393,09:58:32.866
330,88.0,0.9827,26.6,3.0,0.0781,25.7,23.4,21.8,4.4557,3.2851,59.918,60.2691,09:58:34.214
331,88.0,1.0645,26.6,3.0,0.0781,27.1,24.1,21.1,3.9648,3.0586,59.5189,59.9403,09:58:35.542
332,88.0,0.8448,26.6,3.0,0.0537,25.6,23.8,21.8,3.7382,2.2656,60.0445,59.5982,09:58:36.888
333,88.0,1.1341,28.0,3.0,0.0989,25.7,24.1,21.3,4.6445,3.3606,60.0627,60.0555,09:58:38.214
334,88.0,0.9571,28.0,3.0,0.0977,25.6,23.8,21.3,4.9088,3.0208,60.0414,60.19,09:58:39.541
335,88.0,0.9339,26.5,3.0,0.1025,25.7,23.8,22.3,3.2474,2.1146,60.4363,59.9862,09:58:40.865
336,88.0,0.9949,26.5,3.0,0.0964,25.7,23.8,20.9,5.3242,3.4362,59.8338,59.777,09:58:42.199
337,88.0,1.0169,26.5,3.0,0.0818,27.1,23.8,21.6,3.4739,3.7005,60.5197,59.8737,09:58:43.536
338,88.0,0.9778,28.0,3.0,0.1343,25.7,23.8,21.8,3.8138,3.1341,61.2787,60.3606,09:58:44.875
339,88.0,1.0047,26.6,3.0,0.0928,25.7,23.8,21.3,4.2291,3.2096,59.7335,60.8913,09:58:46.219
340,88.0,1.0059,26.5,3.0,0.1184,25.7,23.8,22.0,4.1536,3.927,59.7807,60.5933,09:58:47.555
341,88.0,0.791,26.5,3.0,0.1025,27.2,24.3,21.3,3.3606,3.1341,59.8693,59.9108,09:58:48.906
342,88.0,1.045,28.0,3.0,0.0964,25.7,24.3,21.8,3.927,3.1341,60.0447,60.0239,09:58:50.236
343,88.0,0.9815,28.0,3.0,0.0781,25.7,23.8,22.5,3.7382,3.4739,60.4694,59.9496,09:58:51.567
344,88.0,0.9729,26.5,3.0,0.094,27.1,23.8,21.8,3.2851,3.2851,60.1496,60.5651,09:58:52.935
345,88.0,0.9619,28.0,3.0,0.094,25.7,24.3,21.3,3.776,3.3984,60.1003,60.8379,09:58:54.282
346,88.0,1.0242,28.0,3.0,0.0842,25.7,24.1,22.3,5.2109,2.9453,59.9278,60.19,09:58:55.611
347,88.0,1.0205,26.5,3.0,0.1013,25.7,23.8,21.8,3.776,3.1341,60.1738,61.1361,09:58:56.927
348,88.0,1.0047,26.5,3.0,0.1257,27.2,24.3,21.3,4.2669,3.5872,59.7169,59.9428,09:58:58.283
349,88.0,1.0108,26.5,3.0,0.0964,27.1,23.8,21.8,3.3606,3.8515,60.1522,59.7597,09:58:59.615
350,88.0,0.8618,28.0,3.0,0.1025,25.7,24.3,21.3,3.625,2.681,59.8181,59.9679,09:59:00.947
351,88.0,1.0071,26.5,3.0,0.1086,25.7,24.3,21.3,4.4179,3.5494,59.6875,60.5331,09:59:02.295
352,88.0,0.9485,26.5,3.0,0.1611,25.7,24.3,21.3,3.5872,2.7565,59.9121,59.4994,09:59:03.621
353,88.0,0.9473,28.0,3.0,0.1025,25.7,24.1,22.3,3.5872,2.4922,59.7375,60.0122,09:59:04.973
354,88.0,1.0169,26.5,3.0,0.1685,25.7,24.3,21.3,4.7955,3.8515,59.8842,60.2586,09:59:06.309
355,88.0,0.9961,26.5,3.0,0.0769,25.7,24.1,22.3,5.6262,2.983,60.3614,59.773,09:59:07.658
356,88.0,1.034,26.5,3.0,0.0562,27.2,23.8,21.3,2.7942,2.7565,59.9968,59.9449,09:59:09.006
357,88.0,1.0059,26.5,3.0,0.0977,25.7,23.8,22.0,3.6627,3.6627,59.7838,59.5082,09:59:10.338
358,88.0,1.0315,26.5,3.0,0.1306,25.7,24.1,21.8,3.5872,3.4362,60.201,60.0139,09:59:11.683
359,88.0,0.8594,26.5,3.0,0.0964,25.7,24.3,21.8,2.983,3.1341,60.1279,59.9558,09:59:13.018
360,88.0,1.0743,27.9,3.0,0.0916,25.7,24.1,21.3,4.2669,2.7187,59.3041,60.7305,09:59:14.366
361,88.0,0.9888,26.5,3.0,0.0989,25.7,24.3,22.0,3.8515,3.3606,59.976,60.0026,09:59:15.712
362,88.0,0.9534,26.5,3.0,0.0989,25.7,23.8,22.3,3.4739,3.5117,60.0236,59.8499,09:59:17.041
363,88.0,0.9619,26.5,3.0,0.1062,27.2,23.8,21.8,4.569,3.625,60.65,59.412,09:59:18.391
364,88.0,1.0303,27.9,3.0,0.0781,25.7,23.8,21.3,3.7382,2.7187,60.0011,60.2035,09:59:19.726
365,88.0,1.045,27.9,3.0,0.0891,25.7,24.3,21.8,3.1718,3.2851,59.3839,59.9402,09:59:21.056
366,88.0,0.9693,26.5,3.0,0.127,25.7,24.1,21.1,4.4557,2.832,60.0464,59.8679,09:59:22.391
367,88.0,1.1011,26.5,3.0,0.0989,27.2,23.8,21.8,3.625,3.3229,60.5079,60.0274,09:59:23.727
368,88.0,0.8496,27.9,3.0,0.0745,25.7,23.8,22.3,3.1341,3.1718,59.622,60.2767,09:59:25.082
369,88.0,1.1023,27.9,3.0,0.1367,25.7,23.8,21.8,3.7382,3.927,59.8983,60.4411,09:59:26.401
370,88.0,0.9864,27.9,3.0,0.1025,25.7,24.1,21.6,3.8138,2.681,59.5086,60.5299,09:59:27.731
371,88.0,1.0645,26.5,3.0,0.0879,25.7,23.8,21.6,3.2474,3.625,60.048,59.8224,09:59:29.060
372,88.0,1.0828,27.9,3.0,0.0916,25.7,24.1,21.6,5.2486,3.5872,60.0116,59.9172,09:59:30.423
373,88.0,1.0169,27.9,3.0,0.0671,25.7,24.1,22.0,3.2851,2.7187,59.9124,59.7008,09:59:31.770
374,88.0,0.9876,26.5,3.0,0.1257,25.7,23.8,21.3,2.9453,3.2851,59.8165,59.4829,09:59:33.088
375,88.0,0.9717,26.5,3.0,0.0769,25.7,23.8,21.6,3.9648,3.7005,60.0042,59.6829,09:59:34.420
376,88.0,1.0645,26.5,3.0,0.0964,27.2,24.3,21.8,3.3984,2.5299,60.0085,59.3354,09:59:35.757
377,88.0,0.9619,26.5,3.0,0.1013,25.7,23.8,22.0,3.1718,4.0403,59.8938,60.0648,09:59:37.085
378,88.0,1.0767,26.5,3.0,0.1013,27.2,24.3,21.8,3.5117,3.5872,59.926,59.3376,09:59:38.397
379,88.0,1.0584,27.9,3.0,0.1062,25.7,24.8,21.8,3.2851,2.7565,60.2018,60.1456,09:59:39.728
380,88.0,1.0205,27.9,3.0,0.0891,25.7,24.3,21.3,3.3229,3.2851,60.9916,60.4995,09:59:41.065
381,88.0,0.9961,26.5,3.0,0.0964,25.7,24.3,21.6,4.0026,2.9075,59.9455,59.7876,09:59:42.388
382,88.0,1.0474,26.4,3.0,0.0745,25.7,24.1,21.3,3.776,2.7187,59.8314,59.7069,09:59:43.725
383,88.0,1.0108,26.5,3.0,0.1172,25.8,23.8,21.3,3.4739,3.6627,60.2647,59.8461,09:59:45.042
384,88.0,0.9827,26.5,3.0,0.1086,25.8,24.5,21.3,3.3984,2.983,60.2819,59.9721,09:59:46.390
385,88.0,1.0816,26.5,3.0,0.1233,25.8,24.3,21.6,3.3229,3.2851,60.9202,59.7862,09:59:47.719
386,88.0,1.0389,27.9,3.0,0.1563,25.7,24.1,22.0,3.1341,3.0963,59.8815,59.9543,09:59:49.054
387,88.0,1.1097,26.4,3.0,0.1074,25.7,23.8,21.8,3.4362,3.0963,60.1548,59.8896,09:59:50.399
388,88.0,1.0169,26.4,3.0,0.0696,25.8,24.3,21.8,3.4739,3.5872,60.5261,60.1323,09:59:51.731
389,88.0,1.012,26.4,3.0,0.1343,27.3,24.1,21.3,3.1341,3.2474,58.9322,60.0321,09:59:53.052
390,88.0,1.034,26.4,3.0,0.0513,27.2,24.3,21.8,3.7382,3.7005,59.6747,61.576,09:59:54.386
391,88.0,1.0498,26.4,3.0,0.1111,25.8,24.5,21.6,4.2291,3.0586,59.7521,60.4508,09:59:55.682
392,88.0,1.0437,27.9,3.0,0.1086,25.8,24.3,21.6,3.3229,3.2474,59.9056,59.861,09:59:57.026
393,88.0,0.5298,26.4,3.0,0.1038,25.8,23.8,22.3,3.2851,3.6627,59.5866,60.0465,09:59:58.373
394,88.0,0.9668,26.4,3.0,0.0342,25.8,24.1,21.8,3.8515,3.5494,60.3158,59.8056,09:59:59.719
395,88.0,0.9583,26.4,3.0,0.0879,27.3,24.3,21.8,3.3984,3.8138,59.479,60.1285,10:00:01.043
396,88.0,1.0999,27.9,3.0,0.0781,25.8,24.3,21.8,4.569,3.1718,59.6248,59.7681,10:00:02.380
397,88.0,1.0669,26.4,3.0,0.0977,25.8,24.3,21.8,3.4739,2.983,59.8968,59.5529,10:00:03.749
398,88.0,0.9925,26.4,3.0,0.083,25.8,24.3,21.6,3.7382,3.3984,59.9237,59.9523,10:00:05.083
399,88.0,1.1011,26.4,3.0,0.1355,25.8,23.8,22.3,4.1536,3.776,60.1876,59.9843,10:00:06.404
400,88.0,1.0059,27.8,3.0,0.0317,25.8,24.3,21.3,3.625,2.9075,60.0452,60.1746,10:00:07.733
401,88.0,1.1206,27.9,3.0,0.1135,25.8,24.5,22.3,3.1341,3.5494,59.5715,59.5393,10:00:09.070
402,88.0,0.9717,26.4,3.0,0.0793,25.8,24.3,21.8,4.569,4.2669,60.1634,59.0862,10:00:10.414
403,88.0,1.0193,26.4,3.0,0.1636,27.3,23.8,21.8,3.3229,3.3984,60.4257,59.8896,10:00:11.750
404,88.0,1.012,27.8,3.0,0.1038,25.8,24.3,22.0,3.1341,2.8698,59.6885,60.0034,10:00:13.084
405,88.0,1.045,27.8,3.0,0.1404,25.8,24.3,21.6,5.1354,4.5312,61.2271,60.8881,10:00:14.433
406,88.0,1.0596,26.4,3.0,0.1392,25.8,23.8,22.3,3.5872,2.7187,59.8215,60.7681,10:00:15.753
407,88.0,1.0389,26.4,3.0,0.1062,27.3,24.3,22.3,2.7565,3.2474,59.7343,60.3079,10:00:17.099
408,88.0,1.1194,26.4,3.0,0.0916,25.8,24.3,21.3,4.0403,3.7382,60.141,60.1162,10:00:18.432
409,88.0,1.0743,27.8,3.0,0.1648,25.8,24.3,21.3,3.2096,2.681,59.2972,60.0465,10:00:19.762
410,88.0,1.073,26.4,3.0,0.1025,25.8,24.3,20.9,3.0586,3.4739,60.5736,59.9161,10:00:21.091
411,88.0,0.9497,26.3,3.0,0.0879,25.8,24.5,21.3,4.7955,3.3606,59.8257,59.8279,10:00:22.425
412,88.0,1.0547,26.3,3.0,0.072,25.8,24.8,22.5,3.5117,2.5299,59.8489,60.1496,10:00:23.762
413,88.0,1.0291,26.3,3.0,0.0781,27.3,24.3,21.8,3.4739,3.2851,59.8498,59.8883,10:00:25.078
414,88.0,1.0498,26.3,3.0,0.1416,25.8,24.3,21.3,4.3424,3.5117,59.8276,59.8383,10:00:26.409
415,88.0,1.0828,26.3,3.0,0.0964,25.8,24.3,21.8,3.0586,2.7187,60.0009,59.893,10:00:27.741
416,88.0,0.9839,27.8,3.0,0.1514,25.8,24.1,22.3,3.8893,3.4739,59.7475,60.1406,10:00:29.071
417,88.0,1.1097,26.3,3.0,0.0964,25.8,24.3,22.3,3.776,4.0403,59.8304,60.111,10:00:30.412
418,88.0,1.0071,26.3,3.0,0.083,27.3,24.3,21.3,3.1341,3.776,59.7826,60.1364,10:00:31.742
419,88.0,1.0437,26.3,3.0,0.155,25.8,25.0,22.7,3.9648,3.7005,59.8295,59.8175,10:00:33.078
420,88.0,0.9107,27.8,3.0,0.1184,25.8,24.5,21.6,3.5494,4.0403,59.8985,61.2376,10:00:34.429
421,88.0,1.0291,26.3,3.0,0.0977,25.8,24.3,22.0,4.2669,2.5677,60.162,59.901,10:00:35.752
422,88.0,1.0047,26.3,3.0,0.1111,25.8,24.1,22.3,3.1718,3.6627,59.5358,60.0028,10:00:37.085
423,88.0,1.0572,26.3,3.0,0.0867,27.3,24.5,22.5,4.4557,3.7382,59.7907,60.079,10:00:38.428
424,88.0,1.045,26.3,3.0,0.0647,25.8,24.3,21.8,3.7382,2.7187,59.7164,60.0847,10:00:39.766
425,88.0,1.0047,26.3,3.0,0.1062,25.8,24.3,22.0,2.832,3.1718,59.7811,60.1019,10:00:41.110
426,88.0,1.1304,26.3,3.0,0.1221,27.3,24.3,22.3,3.8138,3.7382,60.5813,59.5596,10:00:42.446
427,88.0,1.0303,27.8,3.0,0.0671,25.8,24.5,22.3,4.1158,3.0586,59.4785,60.5676,10:00:43.800
428,88.0,1.084,26.3,3.0,0.1807,25.8,24.3,21.8,3.4362,3.5117,60.1536,59.8666,10:00:45.152
429,88.0,0.9485,26.3,3.0,0.166,27.3,24.5,21.6,3.9648,3.4362,60.0279,60.041,10:00:46.501
430,88.0,1.0767,27.7,3.0,0.1355,25.8,24.8,22.3,5.8906,3.0208,60.4558,59.8557,10:00:47.851
431,88.0,1.0144,26.3,3.0,0.0928,25.8,24.3,22.3,3.8893,3.4362,59.4771,59.9447,10:00:49.182
432,88.0,1.1219,26.3,3.0,0.1184,25.8,24.3,21.8,4.1158,3.9648,60.1464,59.3156,10:00:50.521
433,88.0,1.0254,27.7,3.0,0.0879,25.8,24.1,21.8,3.2851,2.3411,60.1291,59.5131,10:00:51.864
434,88.0,1.0547,26.3,3.0,0.0879,25.8,24.3,21.6,4.0403,2.6054,60.195,60.3613,10:00:53.226
435,88.0,1.0535,26.3,3.0,0.0977,27.3,24.8,21.8,3.927,3.4362,59.8798,59.9418,10:00:54.556
436,88.0,0.9925,26.3,3.0,0.0977,27.3,24.3,21.8,3.4739,2.3789,60.1128,60.2829,10:00:55.873
437,88.0,1.0633,27.7,3.0,0.1135,25.8,24.3,22.0,3.776,3.1718,59.4809,60.1662,10:00:57.221
438,88.0,0.7886,27.7,3.0,0.1343,25.8,24.3,22.0,3.3606,3.3229,59.9135,59.9536,10:00:58.534
439,88.0,1.0572,26.3,3.0,0.1062,27.3,24.8,22.3,3.0963,2.5299,59.887,60.0446,10:00:59.904
440,88.0,1.0584,27.7,3.0,0.1074,25.8,24.3,21.3,3.776,2.681,59.898,59.7536,10:01:01.256
441,88.0,1.0974,26.3,3.0,0.0269,25.8,24.1,21.8,3.5872,3.2474,60.2112,60.0465,10:01:02.586
442,88.0,1.1048,26.3,3.0,0.1233,25.8,24.8,22.3,3.9648,3.5872,60.0453,60.034,10:01:03.926
443,88.0,0.929,26.3,3.0,0.0842,27.3,24.5,21.6,4.4557,3.2096,60.7576,60.1014,10:01:05.261
444,88.0,1.0401,27.7,3.0,0.1123,25.9,24.8,21.8,3.0208,3.9648,59.8427,60.4827,10:01:06.627
445,88.0,1.0596,26.3,3.0,0.0671,25.8,25.0,22.5,3.1718,3.7382,59.6509,59.8533,10:01:07.963
446,88.0,1.0144,26.3,3.0,0.1013,27.3,24.5,22.0,4.2669,4.5312,60.0906,60.9069,10:01:09.296
447,88.0,0.9522,26.3,3.0,0.1025,25.8,24.3,21.8,3.7382,3.2851,59.9574,59.6032,10:01:10.636
448,88.0,1.1145,27.7,3.0,0.0989,25.8,24.3,21.8,2.9453,3.8138,59.6012,60.1755,10:01:11.963
449,88.0,1.012,27.7,3.0,0.1221,25.9,24.5,22.3,4.4557,3.3229,59.7298,60.0281,10:01:13.297
450,88.0,1.0694,27.7,3.0,0.0781,25.9,24.3,22.3,3.625,3.0208,59.9341,60.0628,10:01:14.618
451,88.0,1.0901,26.2,3.0,0.0781,25.9,25.0,21.6,3.927,3.0208,59.6035,59.9271,10:01:15.948
452,88.0,1.0523,26.2,3.0,0.1025,27.3,24.5,21.6,4.569,4.6822,59.7988,60.0054,10:01:17.291
453,88.0,1.0498,26.2,3.0,0.0769,25.9,24.3,22.3,3.6627,4.3046,59.9064,60.0321,10:01:18.627
454,88.0,1.0474,26.2,3.0,0.0891,25.9,24.8,22.0,3.4362,2.6054,60.112,59.9029,10:01:19.978
455,88.0,1.062,26.2,3.0,0.1733,27.3,24.3,22.0,4.4934,3.8515,60.2035,60.6781,10:01:21.332
456,88.0,0.9949,26.2,3.0,0.0916,25.9,24.3,22.9,3.8515,2.9075,59.9851,59.7534,10:01:22.665
457,88.0,1.1109,26.2,3.0,0.116,25.9,24.3,22.7,2.983,3.1341,59.7967,59.9169,10:01:24.029
458,88.0,1.0144,26.2,3.0,0.1172,27.3,24.8,22.3,5.2109,3.1341,59.9826,59.8398,10:01:25.367
459,88.0,1.1194,27.7,3.0,0.1209,25.9,24.8,22.5,3.625,2.9453,59.5226,60.1417,10:01:26.722
460,88.0,1.1145,26.2,3.0,0.1172,25.9,24.8,22.0,3.3984,3.4362,59.4249,59.7372,10:01:28.052
461,88.0,1.0584,27.7,3.0,0.0745,25.9,24.5,22.0,4.3424,3.5117,60.4084,59.4138,10:01:29.422
462,88.0,1.045,26.2,3.0,0.0867,25.9,24.3,22.3,3.8515,2.9075,60.2661,59.7947,10:01:30.771
463,88.0,1.0779,26.2,3.0,0.083,27.4,24.5,22.3,3.0586,3.3606,59.7916,60.1627,10:01:32.125
464,88.0,1.0389,27.7,3.0,0.116,25.9,24.8,22.3,3.7005,3.9648,60.1102,59.7135,10:01:33.470
465,88.0,0.586,27.7,3.0,0.1038,25.9,24.3,22.7,5.1731,2.9075,60.6232,60.3193,10:01:34.802
466,88.0,1.0474,26.2,3.0,0.1013,25.9,24.3,22.3,3.3984,2.6054,59.9355,59.8552,10:01:36.137
467,88.0,0.9815,26.2,3.0,0.0964,27.4,25.0,22.0,2.983,3.3984,59.7314,59.7426,10:01:37.493
468,88.0,1.0425,27.7,3.0,0.1123,25.9,24.3,22.3,3.4362,2.8698,59.9908,59.5476,10:01:38.841
469,88.0,1.0364,26.2,3.0,0.1038,25.9,24.5,22.5,3.9648,3.8515,60.2903,59.8031,10:01:40.176
470,88.0,0.7312,27.6,3.0,0.1062,25.9,24.1,22.7,3.927,3.5117,59.3004,60.2806,10:01:41.546
471,88.0,1.0218,26.2,3.0,0.1758,25.9,24.8,22.3,3.6627,2.4544,59.7386,58.614,10:01:42.885
472,88.0,1.0474,26.2,3.0,0.1184,27.4,24.3,22.5,3.8515,3.927,59.8837,60.5413,10:01:44.237
473,88.0,1.0254,27.7,3.0,0.1343,25.9,24.3,22.5,3.625,3.8515,60.7747,60.0539,10:01:45.582
474,88.0,0.6775,26.2,3.0,0.0867,27.4,24.8,21.8,3.6627,2.7565,59.877,59.8062,10:01:46.934
475,88.0,0.7154,26.2,3.0,0.094,25.9,24.5,22.0,5.4374,4.3046,59.2185,59.739,10:01:48.315
476,88.0,0.8313,26.2,3.0,0.0781,25.9,24.5,21.8,4.0403,4.5312,59.3214,59.9131,10:01:49.668
477,88.0,1.045,27.7,3.0,0.1025,25.9,24.5,22.3,2.983,3.8138,59.8639,59.8106,10:01:51.030
478,88.0,1.0157,26.2,3.0,0.1123,25.9,24.8,22.3,3.5872,3.0208,60.5016,60.2057,10:01:52.382
479,88.0,0.7031,27.7,3.0,0.0537,25.9,24.3,21.8,3.4739,3.4739,60.7056,59.9931,10:01:53.735
480,88.0,0.9522,27.7,3.0,0.1086,25.9,25.0,22.0,3.1341,3.3984,59.853,60.233,10:01:55.080
481,88.0,1.073,26.2,3.0,0.0867,25.9,24.3,22.9,3.8893,4.0026,59.8548,59.6038,10:01:56.426
482,88.0,1.012,26.2,3.0,0.0879,27.4,24.1,21.8,4.2669,3.3229,60.2333,60.3165,10:01:57.762
483,88.0,0.6384,26.2,3.0,0.0696,25.9,24.8,22.5,3.0586,3.0586,60.0724,60.2339,10:01:59.112
484,88.0,0.7093,26.2,3.0,0.0818,25.9,25.0,22.3,4.3046,3.5494,59.5422,60.0878,10:02:00.469
485,88.0,0.8386,27.6,3.0,0.0928,25.9,24.3,22.0,3.776,3.2096,59.8329,60.1803,10:02:01.817
486,88.0,0.9583,26.2,3.0,0.144,25.9,24.8,23.2,4.2669,3.6627,60.6827,57.8484,10:02:03.152
487,88.0,1.0071,26.2,3.0,0.1758,25.9,24.5,21.6,4.1536,3.5494,59.9811,59.4999,10:02:04.484
488,88.0,0.6836,26.2,3.0,0.1086,27.4,24.8,22.5,4.3802,2.4922,60.0666,60.5188,10:02:05.838
489,88.0,0.7678,26.2,3.0,0.1648,27.4,25.0,21.8,3.4739,3.5494,58.9632,60.5983,10:02:07.153
490,88.0,0.8789,26.2,3.0,0.1111,25.9,24.5,22.3,3.8515,2.9075,60.162,59.6746,10:02:08.507
491,88.0,0.9583,26.2,3.0,0.1502,25.9,25.0,22.3,3.8138,2.4166,59.8297,60.3678,10:02:09.856
492,88.0,0.6262,27.6,3.0,0.1221,25.9,25.0,21.6,5.3242,3.5494,59.655,60.6276,10:02:11.206
493,88.0,0.7202,26.2,3.0,0.2039,25.9,24.8,22.7,3.5117,3.4362,60.0946,59.6785,10:02:12.554
494,88.0,0.7666,26.2,3.0,0.0989,27.4,24.5,21.8,3.4362,2.1901,59.9936,60.0848,10:02:13.898
495,88.0,0.6201,26.2,3.0,0.0671,25.9,25.0,21.8,4.7955,3.2474,60.1481,59.8051,10:02:15.251
496,88.0,0.7935,26.2,3.0,0.0537,26.0,25.0,21.6,3.1718,3.3606,59.966,60.1069,10:02:16.612
497,88.0,0.6592,27.7,3.0,0.0671,25.9,25.0,22.9,2.9453,3.5872,59.9144,59.4324,10:02:17.964
498,88.0,0.7678,27.6,3.0,0.072,25.9,25.0,21.8,4.6067,4.1914,59.2193,60.1763,10:02:19.300
499,88.0,0.7263,26.2,3.0,0.0732,25.9,24.5,22.7,3.776,3.8893,59.928,59.897,10:02:20.648
500,88.0,0.5652,27.6,3.0,0.072,27.4,24.8,22.0,3.0208,2.6432,59.4713,60.1545,10:02:21.978
501,88.0,0.4675,26.2,3.0,0.0501,25.9,24.5,21.8,4.1536,3.5117,59.5337,59.0299,10:02:23.347
502,88.0,0.5017,26.2,3.0,0.0256,27.4,24.5,21.8,4.4934,3.2474,60.3245,59.5626,10:02:24.698
503,88.0,0.398,26.2,3.0,0.0867,25.9,25.0,21.8,3.2851,3.1718,59.8811,59.6365,10:02:26.063
504,88.0,0.26,26.2,3.0,0.0439,25.9,25.0,22.3,4.6067,3.9648,60.342,60.2898,10:02:27.401
505,88.0,0.5921,27.6,3.0,0.0732,25.9,25.4,22.7,3.5117,2.6432,60.689,59.9135,10:02:28.765
506,88.0,0.481,26.2,3.0,0.094,27.4,24.5,21.8,2.983,2.681,59.8251,60.0944,10:02:30.127
507,88.0,0.6067,26.2,3.0,0.0647,26.0,24.3,22.5,3.1341,4.0781,59.9187,59.6359,10:02:31.492
508,88.0,0.2576,26.2,3.0,0.0745,27.4,24.5,22.3,3.3606,2.7565,59.9438,59.8656,10:02:32.855
509,88.0,0.4688,27.6,3.0,0.116,25.9,25.2,22.3,4.0403,3.3229,59.9614,59.8441,10:02:34.203
510,88.0,0.4529,26.2,3.0,0.116,25.9,24.8,22.3,3.1718,3.8515,59.8712,59.8449,10:02:35.549
511,88.0,0.5786,26.2,3.0,0.083,25.9,25.0,22.0,3.2851,2.681,59.9904,60.2292,10:02:36.899
512,88.0,0.4016,27.6,3.0,0.0781,25.9,24.8,22.3,3.8138,3.4362,59.8676,60.3176,10:02:38.235
513,88.0,0.2771,26.2,3.0,0.0464,27.4,24.5,22.7,3.2474,3.0963,60.8456,59.9329,10:02:39.619
514,88.0,0.4688,27.6,3.0,0.083,25.9,25.0,22.5,3.5117,2.7565,59.9022,60.04,10:02:40.970
515,88.0,0.4224,26.2,3.0,0.1318,25.9,24.3,22.0,4.5312,3.8515,59.9304,59.7488,10:02:42.326
516,88.0,0.5347,27.6,3.0,0.0403,26.0,25.0,22.7,4.0026,4.3802,59.6896,59.9198,10:02:43.675
517,88.0,0.2649,26.2,3.0,0.0647,25.9,24.8,22.7,3.2096,3.0208,59.7969,59.9888,10:02:45.027
518,88.0,0.4065,27.6,3.0,0.0403,27.4,24.8,21.6,3.8515,2.8698,60.0347,59.4831,10:02:46.387
519,88.0,0.426,26.2,3.0,0.0867,25.9,24.8,21.8,3.3229,3.1718,59.4649,60.7308,10:02:47.737
520,88.0,0.4505,26.2,3.0,0.127,25.9,25.0,22.3,3.2474,2.9075,59.7917,60.1171,10:02:49.083
521,88.0,0.4651,27.6,3.0,0.1172,25.9,24.3,22.9,3.8893,3.8515,59.8802,59.955,10:02:50.432
522,88.0,0.2795,26.2,3.0,0.0293,25.9,24.8,22.3,3.8515,3.2474,60.6307,60.1399,10:02:51.783
523,88.0,0.6128,26.2,3.0,0.127,27.4,25.2,22.9,3.0586,3.6627,60.6676,59.6803,10:02:53.130
524,88.0,0.6446,26.2,3.0,0.0867,26.0,25.2,22.0,3.5872,3.0208,59.9303,60.0556,10:02:54.500
525,88.0,0.3784,26.2,3.0,0.0842,25.9,25.0,21.8,4.0403,2.7942,59.6984,59.9371,10:02:55.845
526,88.0,0.2307,26.2,3.0,0.1013,27.4,25.0,23.6,3.927,3.0586,60.0717,59.9018,10:02:57.180
527,88.0,0.5542,27.6,3.0,0.144,25.9,25.0,22.0,4.0781,2.832,60.4981,60.2003,10:02:58.510
528,88.0,0.52,26.2,3.0,0.0977,26.0,24.5,22.5,4.0403,2.4544,60.3828,60.2126,10:02:59.860
529,88.0,0.7886,27.6,3.0,0.0769,26.0,25.2,22.7,4.0781,2.7187,59.8052,59.8791,10:03:01.220
530,88.0,0.3479,26.2,3.0,0.0781,26.0,25.0,22.0,4.2291,3.7382,60.0004,60.203,10:03:02.571
531,88.0,0.2869,26.2,3.0,0.0635,27.4,25.0,22.0,3.5494,3.0963,60.0222,59.897,10:03:03.924
532,88.0,0.5383,27.6,3.0,0.0879,26.0,25.0,22.0,3.9648,3.3229,59.9586,59.977,10:03:05.290
533,88.0,0.5383,26.2,3.0,0.0452,27.4,25.0,22.3,4.6067,3.0586,59.8984,59.625,10:03:06.637
534,88.0,0.4785,27.6,3.0,0.0793,26.0,24.5,21.8,2.7565,3.0208,60.1946,59.9217,10:03:08.003
535,88.0,0.2771,26.2,3.0,0.0293,26.0,25.0,22.9,3.5872,4.2669,60.0551,59.7547,10:03:09.345
536,88.0,0.4956,26.2,3.0,0.0513,26.0,24.8,22.3,3.4362,3.4739,60.3787,59.9275,10:03:10.709
537,88.0,0.4443,26.2,3.0,0.0562,26.0,25.0,22.0,3.3606,3.4362,60.094,59.9121,10:03:12.044
538,88.0,0.7971,26.2,3.0,0.0769,26.0,25.0,21.8,3.776,2.7565,59.7292,59.4496,10:03:13.395
539,88.0,0.2588,27.6,3.0,0.0793,25.9,24.3,22.3,2.8698,2.5299,59.8602,59.9732,10:03:14.741
540,88.0,0.4126,26.2,3.0,0.0745,26.0,25.2,21.3,3.0208,2.9453,60.1921,59.7128,10:03:16.098
541,88.0,0.5445,26.2,3.0,0.0415,27.4,25.0,22.0,3.776,3.1718,59.9262,60.072,10:03:17.443
542,88.0,0.2551,27.6,3.0,0.072,26.0,24.8,22.7,4.0026,3.0208,59.7507,59.9259,10:03:18.795
543,88.0,0.6922,26.2,3.0,0.1355,26.0,25.0,22.3,3.0586,2.7565,59.7713,59.818,10:03:20.132
544,88.0,0.4297,26.2,3.0,0.0171,27.4,25.0,22.3,3.3606,3.3606,60.5447,59.8777,10:03:21.485
545,88.0,0.7788,27.6,3.0,0.1111,26.0,25.0,22.7,3.3229,2.9453,59.3264,59.2231,10:03:22.833
546,88.0,0.5298,26.2,3.0,0.155,26.0,25.0,22.5,4.4934,2.7942,60.4186,59.9518,10:03:24.170
547,88.0,0.4883,26.2,3.0,0.072,26.0,25.0,22.3,2.832,3.0586,60.3386,60.4852,10:03:25.525
548,88.0,0.398,26.2,3.0,0.0391,26.0,24.8,22.5,3.1718,2.681,59.7129,60.0676,10:03:26.903
549,88.0,0.7776,26.2,3.0,0.1111,26.0,25.0,22.5,3.4362,2.5677,60.2474,60.6808,10:03:28.255
550,88.0,0.4675,27.6,3.0,0.0891,26.0,25.2,22.7,3.776,3.5494,59.8906,60.7914,10:03:29.606
551,88.0,0.4175,26.2,3.0,0.061,26.0,24.8,21.8,3.776,2.9453,59.8551,59.858,10:03:30.936
552,88.0,0.6555,26.2,3.0,0.0586,27.5,25.2,22.0,5.0221,4.3046,59.9978,60.3226,10:03:32.287
553,88.0,0.3601,26.2,3.0,0.0635,26.0,25.4,22.3,3.4739,3.3984,60.2723,59.9479,10:03:33.645
554,88.0,0.8362,26.2,3.0,0.0513,27.5,25.0,22.3,2.7187,2.4166,59.8166,60.1782,10:03:34.993
555,88.0,0.3723,26.2,3.0,0.0964,26.0,25.0,22.7,3.5117,3.5872,60.0792,59.8812,10:03:36.344
556,88.0,0.5554,26.2,3.0,0.0696,26.0,24.8,22.0,3.4739,3.3229,59.6722,59.1259,10:03:37.686
557,88.0,0.4785,26.2,3.0,0.2075,27.5,25.0,22.9,2.983,2.7942,59.7645,60.0693,10:03:39.035
558,88.0,0.5982,27.7,3.0,0.0415,26.0,25.0,22.9,3.4362,2.8698,59.8552,60.1028,10:03:40.378
559,88.0,0.4627,26.2,3.0,0.0867,26.0,25.2,22.7,3.2474,2.9453,61.0424,60.1093,10:03:41.727
560,88.0,0.2503,26.2,3.0,0.116,27.5,25.0,22.7,3.0963,3.8515,60.042,60.6847,10:03:43.078
561,88.0,0.6348,26.2,3.0,0.0366,26.0,25.2,22.3,3.776,3.6627,60.6076,59.753,10:03:44.427
562,88.0,0.3833,26.2,3.0,0.1062,26.0,25.0,21.8,3.927,2.7942,60.0161,59.557,10:03:45.792
563,88.0,0.8838,27.7,3.0,0.0537,26.0,24.8,22.9,2.6432,2.6054,59.5678,59.8186,10:03:47.122
564,88.0,0.2673,26.2,3.0,0.0793,26.0,25.0,22.0,3.0963,3.1718,61.089,59.5772,10:03:48.488
565,88.0,0.5921,27.7,3.0,0.0452,26.0,25.2,22.5,3.2474,2.7187,60.062,60.2798,10:03:49.851
566,88.0,0.625,26.2,3.0,0.1062,26.0,25.2,21.8,4.0026,2.9453,60.0702,59.9743,10:03:51.199
567,88.0,0.8094,27.7,3.0,0.0732,26.0,24.5,23.2,4.2291,4.0781,60.1458,59.8488,10:03:52.559
568,88.0,0.5396,26.2,3.0,0.0696,26.0,25.0,23.2,4.3802,2.832,60.0204,60.0713,10:03:53.923
569,88.0,0.4382,27.7,3.0,0.0586,26.0,25.2,22.0,4.4934,3.3606,59.836,60.4628,10:03:55.295
570,88.0,0.658,26.2,3.0,0.1074,26.0,25.4,22.9,4.0781,4.1536,59.7404,60.7493,10:03:56.649
571,88.0,0.6165,26.2,3.0,0.0537,27.5,25.0,22.7,2.9075,2.7942,59.8282,59.8248,10:03:57.991
572,88.0,0.8289,26.2,3.0,0.1025,26.0,25.0,22.9,4.4934,2.6432,60.2712,60.2796,10:03:59.359
573,88.0,0.553,26.2,3.0,0.0562,27.5,25.0,22.7,4.2669,3.2474,59.6356,60.0379,10:04:00.707
574,88.0,0.3211,26.2,3.0,0.083,26.0,24.8,22.7,3.3984,3.9648,59.9134,59.7208,10:04:02.073
575,88.0,0.2881,26.2,3.0,0.0916,26.0,25.0,22.5,3.8138,3.1718,59.5292,59.2369,10:04:03.440
576,88.0,0.8594,27.7,3.0,0.1392,26.0,25.4,22.7,4.4557,2.5299,60.0389,59.7558,10:04:04.786
577,88.0,0.3723,26.2,3.0,0.0647,26.0,25.2,22.3,3.0963,2.4544,59.9734,60.0306,10:04:06.135
578,88.0,0.4688,27.7,3.0,0.0513,26.0,25.0,22.3,2.983,3.8138,60.2276,60.1161,10:04:07.496
579,88.0,0.5115,26.2,3.0,0.0879,26.0,25.0,22.3,4.1158,3.0208,59.0569,59.6532,10:04:08.833
580,88.0,0.4541,26.3,3.0,0.0635,27.5,25.4,22.9,4.4557,2.9453,60.0039,59.9094,10:04:10.193
581,88.0,0.5017,27.7,3.0,0.094,26.0,25.0,22.3,3.625,3.927,59.9228,60.2062,10:04:11.555
582,88.0,0.3211,26.3,3.0,0.1367,26.0,25.0,23.2,3.2851,2.8698,59.698,59.8627,10:04:12.898
583,88.0,0.6714,27.7,3.0,0.0793,26.0,25.2,22.5,3.927,2.9453,59.557,60.8233,10:04:14.266
584,88.0,0.1453,27.7,3.0,0.0537,26.0,25.0,22.0,4.0403,3.8138,59.2875,59.5941,10:04:15.584
585,88.0,0.6531,26.3,3.0,0.0928,26.0,25.0,22.9,3.5872,3.4739,60.2273,59.5285,10:04:16.931
586,88.0,0.5237,27.7,3.0,0.1086,26.0,25.4,22.9,4.4179,3.3606,59.5944,60.2227,10:04:18.285
587,88.0,0.4651,26.3,3.0,0.155,26.0,25.2,22.3,3.2851,2.8698,60.1558,59.9911,10:04:19.636
588,88.0,0.4431,26.3,3.0,0.0439,27.5,25.0,22.5,2.6054,3.2851,59.9032,59.9598,10:04:20.988
589,88.0,0.4358,26.3,3.0,0.2271,26.0,25.4,22.5,4.2291,3.3984,60.0342,59.6334,10:04:22.341
590,88.0,0.4126,26.3,3.0,0.0781,27.5,25.2,22.3,4.3424,3.3606,59.5361,60.3771,10:04:23.704
591,88.0,0.426,27.7,3.0,0.083,26.0,25.4,22.7,3.2474,3.3229,60.6224,59.9782,10:04:25.054
592,88.0,0.4456,26.3,3.0,0.1318,26.0,25.0,22.7,4.9088,3.8515,59.7983,59.5548,10:04:26.418
593,88.0,0.4456,27.7,3.0,0.1465,26.0,25.0,22.9,2.8698,2.6054,59.9741,59.4225,10:04:27.769
594,88.0,0.4395,26.3,3.0,0.144,26.0,25.7,22.0,3.0586,3.2474,60.3051,59.8661,10:04:29.120
595,88.0,0.4309,27.8,3.0,0.0647,26.0,25.0,22.5,3.6627,3.5872,59.8902,60.323,10:04:30.485
596,88.0,0.4212,27.8,3.0,0.0696,26.0,25.0,22.3,3.625,3.3606,59.7307,59.9698,10:04:31.833
597,88.0,0.4358,26.3,3.0,0.1062,26.0,25.4,23.2,3.4739,3.4739,60.1204,59.8204,10:04:33.146
598,88.0,0.4004,27.8,3.0,0.0696,26.0,25.0,22.3,3.2096,2.9453,61.4929,59.5978,10:04:34.511
599,88.0,0.4285,27.8,3.0,0.0793,26.0,25.2,22.9,3.3606,2.7942,59.8948,60.6614,10:04:35.842
600,88.0,0.4334,26.3,3.0,0.0684,26.0,25.4,22.5,4.1914,3.2096,59.7355,60.2397,10:04:37.198
601,88.0,0.4224,26.3,3.0,0.0684,27.5,25.7,22.5,3.7382,3.776,60.1242,59.8281,10:04:38.548
602,88.0,0.4077,26.3,3.0,0.0867,26.0,25.0,22.3,3.5117,2.5677,59.7284,60.7438,10:04:39.897
603,88.0,0.448,26.3,3.0,0.083,27.5,25.4,22.0,5.6262,2.681,60.4396,60.8499,10:04:41.249
604,88.0,0.4248,27.8,3.0,0.1123,26.0,24.8,22.9,3.3606,3.927,59.7846,60.0564,10:04:42.606
605,88.0,0.4175,26.3,3.0,0.061,26.0,25.2,23.4,3.5117,3.0963,59.87,60.2603,10:04:43.951
606,88.0,0.4553,27.8,3.0,0.072,26.0,25.4,22.9,4.2669,3.3984,59.8543,60.4279,10:04:45.316
607,88.0,0.4163,26.3,3.0,0.0586,26.0,25.2,22.9,4.569,3.4362,60.3281,59.8653,10:04:46.661
608,88.0,0.4407,26.3,3.0,0.0647,26.0,25.4,23.2,2.6432,2.8698,59.5885,60.1725,10:04:48.019
609,88.0,0.4199,26.3,3.0,0.0769,26.0,25.4,22.9,3.625,3.3229,59.9528,60.0493,10:04:49.371
610,88.0,0.398,26.3,3.0,0.0256,26.0,25.4,22.9,4.0781,3.2096,59.4752,60.6796,10:04:50.719
611,88.0,0.3931,26.4,3.0,0.0415,27.5,25.4,22.5,3.3984,3.1341,59.9242,59.8733,10:04:52.039
612,88.0,0.4175,27.8,3.0,0.0501,26.0,25.2,22.3,3.2851,3.3984,59.6932,59.8449,10:04:53.391
613,88.0,0.426,26.4,3.0,0.0867,27.5,25.2,22.9,3.3229,2.9075,59.9687,60.0616,10:04:54.742
614,88.0,0.4065,27.8,3.0,0.061,26.1,25.4,22.3,3.1718,2.7942,59.9539,59.3614,10:04:56.110
615,88.0,0.4358,26.4,3.0,0.0891,26.1,25.0,22.0,3.3229,3.927,60.5685,61.0197,10:04:57.475
616,88.0,0.4053,26.4,3.0,0.0488,26.0,25.4,22.7,4.1536,3.2096,60.5795,59.9231,10:04:58.827
617,88.0,0.4126,27.8,3.0,0.0073,26.0,25.9,22.7,4.0781,3.2096,59.7513,60.338,10:05:00.162
618,88.0,0.3589,26.4,3.0,0.0549,27.5,25.2,22.9,4.1914,3.1341,59.9098,60.3839,10:05:01.510
619,88.0,0.4053,27.8,3.0,0.0696,26.0,25.2,22.0,3.7005,3.3606,59.7261,59.3709,10:05:02.860
620,88.0,0.4126,26.4,3.0,0.0501,26.0,25.4,22.3,3.776,3.2096,60.0772,60.0527,10:05:04.208
621,88.0,0.4151,26.4,3.0,0.0696,27.5,25.4,22.5,3.776,3.7005,60.1056,59.9577,10:05:05.566
622,88.0,0.459,26.4,3.0,0.0891,26.1,25.2,22.5,3.3984,3.927,59.8064,59.5601,10:05:06.934
623,88.0,0.3906,26.4,3.0,0.0586,27.5,25.4,23.4,5.2486,3.7005,59.6302,59.8382,10:05:08.286
624,88.0,0.3967,26.4,3.0,0.0598,26.1,25.2,22.9,3.7005,3.0208,60.2555,60.707,10:05:09.631
625,88.0,0.3784,27.8,3.0,0.0977,26.1,25.2,22.9,3.0586,2.3034,59.9185,59.9791,10:05:11.007
626,88.0,0.4395,26.4,3.0,0.0549,26.0,25.0,22.5,4.0781,3.0208,60.0013,60.3833,10:05:12.365
627,88.0,0.3919,27.8,3.0,0.0464,26.1,25.0,22.5,3.3606,3.0586,60.0976,60.0045,10:05:13.729
628,88.0,0.3882,26.4,3.0,0.094,26.0,25.4,22.7,3.2474,3.2851,59.545,59.7918,10:05:15.098
629,88.0,0.4297,27.8,3.0,0.0537,26.1,25.4,23.4,4.2669,4.5312,59.9519,59.8895,10:05:16.452
630,88.0,0.4163,26.4,3.0,0.0366,26.1,25.4,22.3,3.8893,3.3606,59.347,60.5632,10:05:17.806
631,88.0,0.426,27.8,3.0,0.166,26.1,25.0,22.3,4.0781,3.5494,60.3471,60.0175,10:05:19.185
632,88.0,0.4443,26.4,3.0,0.0598,26.1,25.0,22.0,3.5494,3.7005,60.3555,60.9194,10:05:20.541
633,88.0,0.4736,27.8,3.0,0.0745,26.1,25.2,22.9,3.4362,3.0208,59.8684,60.1007,10:05:21.898
634,88.0,0.4163,27.9,3.0,0.1294,26.1,25.2,22.7,4.1536,2.7942,59.7822,60.7227,10:05:23.249
635,88.0,0.426,26.4,3.0,0.0928,26.1,25.4,22.9,3.8893,3.3606,60.7098,60.0565,10:05:24.583
636,88.0,0.4126,27.9,3.0,0.1123,26.1,25.4,23.2,3.3984,3.0208,60.19,59.7582,10:05:25.929
637,88.0,0.4053,26.4,3.0,0.0732,26.1,25.2,22.9,4.4179,4.2669,60.0188,59.9278,10:05:27.283
638,88.0,0.3931,26.4,3.0,0.0354,26.1,25.2,23.4,3.8138,3.7005,60.5656,60.0197,10:05:28.630
639,88.0,0.4199,27.9,3.0,0.0989,26.1,25.4,22.9,2.9075,3.4739,59.603,60.0439,10:05:29.992
