Log,ac_flowrate,mixer_motor_temperature_M2,mixer_pressure,mixer_torque_M2,cp_flowrate,mixer_torque_M1,mixer_motor_temperature_M1,mixer_temperature_Funnel_outlet,mixer_speed_M2,cp_pressure,cp_temperature,mixer_speed_M1,mixer_temperature_Funnel,Time
1,111.0,16.3,0.178,2.568,3.0,1.812,15.0,22.0,119.934,0.636,22.6,119.934,21.5,09:39:12.378
2,111.0,16.3,0.192,2.568,3.0,2.228,15.4,22.0,120.028,0.616,24.0,120.028,21.5,09:39:13.497
3,111.0,16.3,0.189,2.454,3.0,2.53,15.0,22.0,120.033,0.676,24.0,120.033,21.5,09:39:14.611
4,111.0,16.8,0.227,2.228,3.0,2.719,14.5,24.0,119.963,0.646,22.6,119.963,23.0,09:39:15.717
5,111.0,16.1,0.226,2.001,3.0,2.53,14.5,22.0,119.994,0.598,24.0,119.994,21.5,09:39:16.823
6,111.0,16.6,0.288,2.379,3.0,2.228,14.5,24.0,119.982,0.667,22.6,119.982,23.0,09:39:17.924
7,111.0,16.6,0.232,2.115,3.0,2.077,15.0,22.0,119.96,0.66,22.6,119.96,21.5,09:39:19.029
8,111.0,16.3,0.303,2.077,3.0,2.417,14.5,22.0,119.994,0.619,22.6,119.994,21.5,09:39:20.132
9,111.0,16.8,0.264,2.379,3.0,2.039,14.1,24.0,120.03,0.679,22.6,120.03,21.5,09:39:21.234
10,111.0,16.3,0.289,2.341,3.0,1.85,14.8,22.0,119.954,0.64,24.0,119.954,21.5,09:39:22.338
11,111.0,16.8,0.199,2.152,3.0,2.605,15.2,24.0,119.987,0.663,22.6,119.987,23.0,09:39:23.445
12,111.0,16.6,0.221,2.53,3.0,2.53,14.5,22.0,119.953,0.71,24.0,119.953,21.5,09:39:24.550
13,111.0,16.1,0.232,2.454,3.0,2.756,14.5,22.0,119.795,0.645,22.6,119.795,23.0,09:39:25.654
14,111.0,16.8,0.232,2.341,3.0,2.605,14.5,22.0,120.053,0.66,24.0,120.053,21.5,09:39:26.755
15,111.0,16.8,0.242,2.832,3.0,2.756,14.3,22.0,120.012,0.693,22.6,120.012,21.5,09:39:27.865
16,111.0,16.6,0.24,2.454,3.0,2.53,15.2,24.0,120.178,0.636,22.6,120.178,21.5,09:39:28.971
17,111.0,16.8,0.254,2.454,3.0,2.303,13.8,24.0,120.001,0.664,24.0,120.001,21.5,09:39:30.069
18,111.0,16.8,0.237,2.643,3.0,3.134,14.8,22.0,120.268,0.714,22.6,120.268,23.0,09:39:31.182
19,111.0,16.6,0.255,3.927,3.0,2.681,14.5,22.0,119.04,0.697,24.0,119.04,21.5,09:39:32.283
20,111.0,16.1,0.256,2.077,3.0,2.605,14.5,22.0,119.906,0.631,22.6,119.906,21.5,09:39:33.394
21,111.0,16.3,0.248,2.152,3.0,2.228,15.0,22.0,120.026,0.707,22.6,120.026,23.0,09:39:34.505
22,111.0,16.6,0.24,2.908,3.0,3.059,14.3,22.0,120.171,0.619,24.0,120.171,21.6,09:39:35.612
23,111.0,17.0,0.238,2.643,3.0,2.908,14.8,22.0,120.257,0.635,22.6,120.257,21.5,09:39:36.717
24,111.0,16.6,0.217,2.681,3.0,2.605,14.5,24.0,119.905,0.676,22.6,119.905,21.6,09:39:37.829
25,111.0,16.6,0.254,1.964,3.0,2.492,15.2,24.0,119.844,0.648,24.0,119.844,21.5,09:39:38.949
26,111.0,16.3,0.266,2.303,3.0,3.059,14.8,22.0,119.77,0.636,22.6,119.77,21.5,09:39:40.057
27,111.0,16.6,0.24,2.568,3.0,2.643,15.0,22.0,120.199,0.645,22.6,120.199,21.5,09:39:41.174
28,111.0,16.1,0.221,2.492,3.0,2.53,15.0,24.0,119.873,0.577,24.0,119.873,21.5,09:39:42.282
29,111.0,16.1,0.276,3.436,3.0,2.341,14.8,22.0,120.172,0.676,22.6,120.172,21.5,09:39:43.383
30,111.0,17.0,0.231,2.643,3.0,2.681,15.0,24.0,120.037,0.691,24.0,120.037,21.5,09:39:44.494
31,111.0,16.6,0.201,3.059,3.0,3.436,15.4,22.0,119.907,0.621,22.6,119.907,21.5,09:39:45.606
32,111.0,16.6,0.247,2.417,3.0,3.285,14.1,22.0,119.515,0.671,22.6,119.515,21.6,09:39:46.706
33,111.0,16.6,0.254,2.454,3.0,2.87,14.1,24.0,119.994,0.671,24.0,119.994,21.6,09:39:47.809
34,111.0,17.0,0.288,2.568,3.0,2.568,14.8,22.0,119.86,0.625,22.6,119.86,23.0,09:39:48.916
35,111.0,16.6,0.242,2.492,3.0,2.341,14.5,24.0,119.966,0.631,24.0,119.966,21.6,09:39:50.020
36,111.0,16.8,0.299,3.285,3.0,3.059,14.3,22.0,119.937,0.596,22.6,119.937,21.6,09:39:51.128
37,111.0,16.8,0.289,3.021,3.0,2.908,14.5,22.0,119.934,0.626,22.6,119.934,21.6,09:39:52.234
38,111.0,16.8,0.256,2.492,3.0,2.115,15.4,24.0,120.032,0.688,24.0,120.032,21.5,09:39:53.338
39,111.0,17.0,0.214,2.53,3.0,2.568,15.0,22.0,120.292,0.636,22.6,120.292,21.6,09:39:54.455
40,111.0,16.8,0.243,2.417,3.0,2.945,15.2,22.0,120.411,0.682,22.6,120.411,21.6,09:39:55.563
41,111.0,17.0,0.245,2.643,3.0,2.908,15.0,24.1,120.008,0.686,22.6,120.008,21.6,09:39:56.670
42,111.0,16.8,0.273,2.605,3.0,2.266,15.4,22.0,120.344,0.653,22.6,120.344,23.0,09:39:57.777
43,111.0,17.0,0.251,2.152,3.0,2.605,15.4,22.0,119.874,0.654,24.0,119.874,21.6,09:39:58.887
44,111.0,16.6,0.242,2.908,3.0,2.719,14.8,22.0,120.202,0.664,22.6,120.202,23.0,09:39:59.993
45,111.0,17.3,0.283,2.568,3.0,2.87,15.0,22.0,119.939,0.593,24.0,119.939,21.6,09:40:01.093
46,111.0,16.8,0.256,2.266,3.0,3.172,14.3,24.0,120.008,0.646,22.6,120.008,21.6,09:40:02.202
47,111.0,17.0,0.222,2.605,3.0,2.756,14.8,22.0,120.02,0.679,22.6,120.02,23.0,09:40:03.307
48,111.0,16.6,0.255,2.681,3.0,2.454,15.0,22.0,119.903,0.603,24.0,119.903,21.6,09:40:04.412
49,111.0,16.8,0.232,2.417,3.0,2.492,15.4,22.0,119.9,0.692,22.6,119.9,23.0,09:40:05.520
50,111.0,17.0,0.248,3.021,3.0,3.587,15.4,22.0,119.945,0.707,24.0,119.945,21.6,09:40:06.623
51,111.0,17.3,0.232,2.908,3.0,2.87,14.8,24.0,119.857,0.63,22.6,119.857,21.6,09:40:07.722
52,111.0,16.6,0.276,2.908,3.0,3.172,15.4,22.0,119.18,0.638,22.6,119.18,21.6,09:40:08.824
53,111.0,16.8,0.25,2.341,3.0,3.398,14.5,22.0,119.72,0.724,24.1,119.72,21.6,09:40:09.930
54,111.0,16.6,0.26,2.568,3.0,2.87,14.5,22.0,120.593,0.646,22.6,120.593,21.6,09:40:11.033
55,111.0,16.8,0.251,3.096,3.0,2.983,15.2,22.0,120.061,0.71,24.1,120.061,21.6,09:40:12.139
56,111.0,16.8,0.271,2.53,3.0,3.776,14.8,24.1,120.29,0.682,22.6,120.29,23.0,09:40:13.249
57,111.0,17.0,0.228,3.361,3.0,2.87,15.7,22.0,119.867,0.643,22.6,119.867,21.6,09:40:14.356
58,111.0,17.0,0.248,2.681,3.0,2.719,15.0,24.0,120.178,0.686,22.6,120.178,21.6,09:40:15.460
59,111.0,16.8,0.256,2.756,3.0,3.361,15.4,22.0,119.903,0.693,22.7,119.903,21.6,09:40:16.563
60,111.0,16.6,0.281,3.398,3.0,3.7,14.3,22.0,120.046,0.64,24.1,120.046,21.6,09:40:17.669
61,111.0,17.0,0.31,2.643,3.0,2.568,15.2,24.1,120.254,0.663,22.6,120.254,23.0,09:40:18.777
62,111.0,17.0,0.236,2.303,3.0,2.87,15.0,22.0,119.816,0.676,22.7,119.816,21.6,09:40:19.885
63,111.0,17.0,0.231,2.832,3.0,2.945,15.2,22.0,120.086,0.634,22.7,120.086,21.6,09:40:20.992
64,111.0,17.0,0.265,3.398,3.0,2.832,15.0,22.0,120.98,0.664,22.7,120.98,23.0,09:40:22.099
65,111.0,16.6,0.259,2.379,3.0,3.059,15.4,22.0,119.926,0.679,24.1,119.926,21.6,09:40:23.203
66,111.0,17.0,0.265,3.021,3.0,3.21,15.2,24.1,119.995,0.667,22.7,119.995,21.6,09:40:24.316
67,111.0,17.3,0.276,3.021,3.0,3.323,15.0,22.0,120.033,0.673,22.7,120.033,21.6,09:40:25.428
68,111.0,17.0,0.264,2.983,3.0,2.719,15.4,22.0,119.799,0.62,22.7,119.799,21.6,09:40:26.529
69,111.0,16.8,0.251,3.323,3.0,3.134,14.1,24.1,119.855,0.658,22.7,119.855,23.0,09:40:27.650
70,111.0,17.3,0.266,3.021,3.0,2.379,15.0,24.1,119.749,0.641,22.7,119.749,21.6,09:40:28.757
71,111.0,17.5,0.269,3.059,3.0,3.059,15.0,22.0,120.099,0.631,24.1,120.099,21.6,09:40:29.867
72,111.0,16.6,0.233,2.87,3.0,2.908,15.4,24.1,120.427,0.671,22.7,120.427,23.0,09:40:30.974
73,111.0,17.0,0.276,2.983,3.0,3.587,15.0,22.0,119.776,0.66,24.1,119.776,21.6,09:40:32.080
74,111.0,17.3,0.289,3.096,3.0,3.776,15.0,22.0,120.233,0.671,22.7,120.233,23.0,09:40:33.183
75,111.0,16.8,0.293,3.663,3.0,3.361,15.0,22.0,119.927,0.693,22.7,119.927,21.6,09:40:34.293
76,111.0,17.0,0.291,3.096,3.0,3.587,15.0,22.0,119.935,0.731,24.1,119.935,21.6,09:40:35.397
77,111.0,17.0,0.237,2.681,3.0,4.229,15.2,24.1,119.551,0.654,22.7,119.551,23.0,09:40:36.506
78,111.0,17.0,0.316,3.436,3.0,3.549,14.5,22.0,120.325,0.676,24.1,120.325,21.6,09:40:37.614
79,111.0,17.3,0.322,4.342,3.0,3.323,14.5,22.0,120.113,0.679,24.1,120.113,21.6,09:40:38.723
80,111.0,17.5,0.278,3.7,3.0,3.285,15.7,24.1,119.968,0.641,22.7,119.968,21.6,09:40:39.831
81,111.0,17.0,0.281,2.492,3.0,3.549,14.8,22.0,119.777,0.697,24.1,119.777,21.6,09:40:40.939
82,111.0,17.5,0.358,3.323,3.0,3.436,15.4,22.0,119.851,0.691,22.7,119.851,21.6,09:40:42.046
83,111.0,17.5,0.316,3.134,3.0,3.776,15.2,22.0,119.75,0.619,22.7,119.75,21.6,09:40:43.153
84,111.0,17.3,0.298,3.21,3.0,3.512,15.7,22.0,120.113,0.669,22.7,120.113,21.6,09:40:44.260
85,111.0,17.0,0.24,3.096,3.0,2.908,15.4,24.1,119.961,0.684,22.7,119.961,23.0,09:40:45.367
86,111.0,17.3,0.256,2.832,3.0,3.059,15.0,22.1,119.964,0.62,24.2,119.964,21.6,09:40:46.478
87,111.0,16.6,0.28,3.852,3.0,3.247,14.8,22.1,120.119,0.667,22.7,120.119,21.6,09:40:47.583
88,111.0,17.0,0.259,3.247,3.0,3.776,15.9,24.1,120.169,0.664,22.8,120.169,21.6,09:40:48.688
89,111.0,17.0,0.256,4.191,3.0,3.587,15.4,22.1,120.086,0.669,22.8,120.086,21.6,09:40:49.791
90,111.0,17.0,0.314,3.587,3.0,3.096,15.0,22.1,119.496,0.664,22.8,119.496,23.0,09:40:50.897
91,111.0,17.5,0.254,2.794,3.0,3.323,15.0,22.1,120.139,0.669,24.2,120.139,21.6,09:40:52.001
92,111.0,17.5,0.264,3.474,3.0,3.512,15.4,22.1,120.071,0.629,22.8,120.071,23.0,09:40:53.106
93,111.0,17.0,0.327,3.7,3.0,3.474,15.7,24.2,120.064,0.66,24.2,120.064,21.6,09:40:54.213
94,111.0,17.3,0.294,3.021,3.0,3.323,15.7,22.1,120.044,0.669,22.8,120.044,21.6,09:40:55.323
95,111.0,17.3,0.338,3.285,3.0,3.436,15.4,22.1,120.307,0.619,22.8,120.307,23.0,09:40:56.433
96,111.0,17.0,0.303,2.945,3.0,3.852,15.4,24.2,119.678,0.678,22.8,119.678,21.6,09:40:57.555
97,111.0,17.5,0.204,3.172,3.0,4.569,15.4,22.1,118.872,0.64,24.2,118.872,21.6,09:40:58.673
98,111.0,17.0,0.295,3.059,3.0,3.474,15.9,22.1,119.794,0.64,22.8,119.794,23.0,09:40:59.779
99,111.0,17.5,0.266,2.87,3.0,2.983,15.0,24.2,119.779,0.745,22.8,119.779,21.6,09:41:00.888
100,111.0,17.5,0.294,3.512,3.0,3.021,15.4,22.1,119.931,0.648,22.8,119.931,21.6,09:41:01.992
101,111.0,17.5,0.261,3.361,3.0,3.852,15.4,22.2,120.016,0.663,22.8,120.016,23.0,09:41:03.115
102,111.0,17.5,0.343,3.096,3.0,2.983,14.8,24.2,119.653,0.707,24.2,119.653,21.6,09:41:04.223
103,111.0,17.0,0.266,4.154,3.0,2.417,15.2,24.2,120.271,0.621,24.2,120.271,21.6,09:41:05.346
104,111.0,17.0,0.265,2.794,3.0,4.003,15.2,22.2,119.579,0.658,22.8,119.579,23.0,09:41:06.455
105,111.0,17.7,0.232,2.983,3.0,3.549,14.8,22.2,119.582,0.71,22.8,119.582,23.1,09:41:07.570
106,111.0,17.3,0.283,3.436,3.0,3.436,15.2,22.2,119.981,0.687,22.8,119.981,21.6,09:41:08.673
107,111.0,17.3,0.308,3.474,3.0,2.945,15.9,22.2,120.394,0.687,22.8,120.394,23.1,09:41:09.781
108,111.0,17.5,0.259,3.663,3.0,2.794,15.4,22.2,119.781,0.734,22.8,119.781,21.6,09:41:10.899
109,111.0,17.3,0.251,2.681,3.0,3.663,15.9,22.2,119.273,0.64,22.8,119.273,21.6,09:41:12.004
110,111.0,17.7,0.25,3.965,3.0,4.003,15.4,22.2,120.253,0.667,22.8,120.253,21.6,09:41:13.107
111,111.0,17.0,0.273,2.115,3.0,3.663,15.9,24.3,119.506,0.721,24.3,119.506,21.6,09:41:14.210
112,111.0,17.5,0.278,3.21,3.0,2.983,15.0,22.2,120.368,0.668,22.8,120.368,23.1,09:41:15.316
113,111.0,17.3,0.265,3.247,3.0,3.096,16.1,24.3,119.49,0.682,24.3,119.49,21.6,09:41:16.423
114,111.0,17.7,0.245,2.945,3.0,3.21,15.9,22.2,119.901,0.678,22.8,119.901,21.6,09:41:17.527
115,111.0,17.3,0.313,3.134,3.0,3.7,15.4,22.2,119.907,0.629,22.9,119.907,21.6,09:41:18.634
116,111.0,17.7,0.281,2.945,3.0,3.134,15.0,22.3,120.021,0.701,24.3,120.021,21.6,09:41:19.757
117,111.0,17.5,0.236,3.323,3.0,3.021,15.4,22.3,120.297,0.663,22.9,120.297,21.6,09:41:20.864
118,111.0,17.5,0.219,3.096,3.0,3.323,15.7,22.3,119.964,0.659,24.3,119.964,21.6,09:41:21.963
119,111.0,17.3,0.266,4.984,3.0,3.361,16.1,24.3,119.985,0.707,22.9,119.985,21.6,09:41:23.069
120,111.0,17.5,0.27,5.664,3.0,3.285,15.4,22.3,119.996,0.654,22.9,119.996,21.6,09:41:24.174
121,111.0,17.9,0.25,3.587,3.0,3.134,15.4,22.3,119.958,0.691,24.3,119.958,21.6,09:41:25.286
122,111.0,17.7,0.26,4.116,3.0,2.756,16.1,24.4,119.853,0.693,24.3,119.853,21.6,09:41:26.411
123,111.0,17.7,0.281,4.947,3.0,3.625,15.0,24.4,119.982,0.674,22.9,119.982,21.6,09:41:27.551
124,111.0,17.7,0.309,4.38,3.0,3.323,15.0,22.3,119.459,0.651,22.9,119.459,23.1,09:41:28.657
125,111.0,17.5,0.264,3.096,3.0,2.454,15.7,22.3,119.596,0.717,24.3,119.596,21.6,09:41:29.766
126,111.0,17.9,0.276,3.021,3.0,2.832,14.8,24.4,119.977,0.684,22.9,119.977,21.6,09:41:30.871
127,111.0,17.3,0.217,2.643,3.0,3.323,15.4,22.3,122.365,0.645,22.9,122.365,23.1,09:41:31.998
128,111.0,17.7,0.25,3.361,3.0,3.587,15.0,22.4,120.149,0.693,22.9,120.149,21.6,09:41:33.117
129,111.0,17.5,0.298,3.134,3.0,3.172,15.2,24.4,120.019,0.63,22.9,120.019,21.6,09:41:34.222
130,111.0,17.5,0.276,2.983,3.0,3.323,15.4,22.4,120.275,0.693,22.9,120.275,23.1,09:41:35.333
131,111.0,17.3,0.261,2.756,3.0,3.738,15.2,22.4,120.221,0.73,24.4,120.221,21.7,09:41:36.437
132,111.0,17.5,0.293,3.587,3.0,2.983,16.3,24.5,120.583,0.646,22.9,120.583,21.6,09:41:37.540
133,111.0,17.3,0.27,3.663,3.0,2.945,15.4,22.4,120.736,0.651,22.9,120.736,21.7,09:41:38.648
134,111.0,17.7,0.294,2.983,3.0,3.398,15.4,24.5,120.14,0.66,22.9,120.14,21.7,09:41:39.755
135,111.0,17.9,0.278,2.945,3.0,2.794,15.9,24.5,119.875,0.66,22.9,119.875,21.7,09:41:40.876
136,111.0,17.7,0.276,2.945,3.0,2.681,15.2,22.4,119.806,0.693,22.9,119.806,21.7,09:41:41.984
137,111.0,18.2,0.271,3.587,3.0,3.21,16.1,22.4,120.109,0.679,24.4,120.109,21.7,09:41:43.086
138,111.0,17.5,0.255,3.096,3.0,3.965,15.4,24.5,119.627,0.592,23.0,119.627,21.7,09:41:44.224
139,111.0,17.7,0.28,3.096,3.0,3.549,16.1,22.4,119.841,0.679,23.0,119.841,23.1,09:41:45.330
140,111.0,17.5,0.27,2.794,3.0,3.285,15.7,22.4,120.029,0.702,24.4,120.029,21.7,09:41:46.445
141,111.0,17.7,0.261,3.587,3.0,3.361,15.9,24.5,119.794,0.676,23.0,119.794,21.7,09:41:47.552
142,111.0,18.4,0.236,3.361,3.0,3.172,16.1,22.5,119.861,0.686,23.0,119.861,21.7,09:41:48.661
143,111.0,17.7,0.275,2.832,3.0,2.908,16.1,22.5,119.895,0.667,24.4,119.895,21.7,09:41:49.765
144,111.0,18.2,0.271,3.134,3.0,3.247,15.9,24.6,119.832,0.673,23.0,119.832,23.1,09:41:50.868
145,111.0,17.7,0.237,2.945,3.0,3.021,16.1,22.5,120.283,0.693,23.0,120.283,21.7,09:41:51.990
146,111.0,17.7,0.266,3.7,3.0,3.172,16.1,22.5,120.675,0.645,24.4,120.675,21.7,09:41:53.096
147,111.0,17.9,0.261,3.21,3.0,3.625,15.4,22.5,120.351,0.668,23.0,120.351,21.7,09:41:54.193
148,111.0,18.2,0.284,4.72,3.0,2.945,15.9,22.5,120.287,0.712,24.4,120.287,21.7,09:41:55.300
149,111.0,18.2,0.261,3.285,3.0,2.643,15.0,24.6,119.71,0.673,23.0,119.71,21.7,09:41:56.407
150,111.0,18.2,0.259,2.605,3.0,3.172,15.7,22.5,120.072,0.676,23.0,120.072,21.7,09:41:57.514
151,111.0,17.5,0.289,3.285,3.0,4.191,16.1,22.5,119.776,0.648,23.0,119.776,21.7,09:41:58.618
152,111.0,18.2,0.281,2.983,3.0,3.361,15.7,22.5,119.954,0.656,23.0,119.954,21.7,09:41:59.759
153,111.0,18.4,0.264,3.927,3.0,2.832,16.3,22.5,120.069,0.706,23.0,120.069,21.7,09:42:00.865
154,111.0,18.4,0.283,2.794,3.0,2.908,15.9,22.6,119.998,0.697,24.5,119.998,21.7,09:42:01.973
155,111.0,18.2,0.243,2.832,3.0,3.285,16.1,22.6,119.265,0.668,23.0,119.265,21.7,09:42:03.088
156,111.0,18.4,0.27,2.643,3.0,4.305,15.2,24.6,118.628,0.684,23.0,118.628,21.7,09:42:04.204
157,111.0,17.9,0.3,4.493,3.0,2.417,15.9,24.7,120.332,0.772,23.0,120.332,23.1,09:42:05.344
158,111.0,17.7,0.319,2.794,3.0,2.908,15.9,22.6,119.914,0.635,24.5,119.914,21.7,09:42:06.457
159,111.0,18.2,0.28,3.247,3.0,3.549,16.3,22.6,119.646,0.671,23.0,119.646,21.7,09:42:07.562
160,111.0,18.2,0.261,3.927,3.0,3.738,16.1,24.7,120.028,0.719,23.0,120.028,23.1,09:42:08.684
161,111.0,18.4,0.28,3.776,3.0,3.247,15.9,22.6,120.213,0.648,24.5,120.213,21.7,09:42:09.787
162,111.0,18.4,0.308,3.323,3.0,2.568,15.7,24.7,119.496,0.656,23.1,119.496,23.1,09:42:10.895
163,111.0,18.4,0.266,2.908,3.0,3.889,15.9,22.6,119.423,0.736,23.1,119.423,21.7,09:42:12.000
164,111.0,17.5,0.27,3.965,3.0,3.21,15.9,22.6,120.111,0.608,24.5,120.111,21.7,09:42:13.122
165,111.0,18.2,0.25,3.436,3.0,2.228,16.3,22.6,120.123,0.715,23.1,120.123,23.1,09:42:14.231
166,111.0,18.2,0.247,3.059,3.0,2.379,15.9,24.7,120.197,0.674,23.1,120.197,21.7,09:42:15.336
167,111.0,17.7,0.275,2.832,3.0,3.965,15.4,22.6,119.25,0.656,23.1,119.25,21.7,09:42:16.440
168,111.0,17.9,0.27,3.625,3.0,3.285,15.4,24.7,119.915,0.684,23.1,119.915,23.1,09:42:17.548
169,111.0,18.2,0.295,3.436,3.0,3.436,16.3,22.6,119.783,0.663,24.5,119.783,21.7,09:42:18.656
170,111.0,17.9,0.275,3.021,3.0,2.945,16.3,22.7,120.456,0.659,23.1,120.456,21.7,09:42:19.779
171,111.0,18.2,0.275,3.172,3.0,2.945,16.8,24.7,119.89,0.706,23.1,119.89,21.7,09:42:20.876
172,111.0,18.2,0.275,3.549,3.0,3.134,16.1,22.7,120.345,0.636,24.5,120.345,21.7,09:42:21.985
173,111.0,18.2,0.242,3.096,3.0,2.983,16.8,22.7,119.974,0.612,23.1,119.974,23.1,09:42:23.093
174,111.0,17.9,0.347,3.738,3.0,3.096,15.7,24.8,119.974,0.673,23.1,119.974,21.7,09:42:24.215
175,111.0,18.2,0.284,3.059,3.0,3.587,16.3,22.7,119.965,0.624,24.5,119.965,21.7,09:42:25.321
176,111.0,18.2,0.228,2.719,3.0,3.398,16.3,22.7,119.805,0.658,23.1,119.805,21.7,09:42:26.445
177,111.0,18.2,0.275,3.21,3.0,3.587,16.3,22.7,119.804,0.706,23.1,119.804,23.1,09:42:27.563
178,111.0,17.9,0.227,3.247,3.0,3.285,15.7,24.8,120.669,0.669,23.1,120.669,21.7,09:42:28.690
179,111.0,18.2,0.283,3.172,3.0,3.172,15.9,22.7,119.989,0.682,24.5,119.989,21.7,09:42:29.813
180,111.0,18.2,0.264,3.021,3.0,4.644,15.9,22.7,119.437,0.66,24.6,119.437,21.7,09:42:30.936
181,111.0,18.2,0.261,3.549,3.0,2.983,15.9,22.7,120.564,0.674,23.1,120.564,23.2,09:42:32.042
182,111.0,18.2,0.26,3.625,3.0,3.172,16.6,24.8,119.891,0.697,24.5,119.891,21.7,09:42:33.148
183,111.0,17.7,0.289,3.474,3.0,2.643,15.9,22.7,120.142,0.674,23.1,120.142,21.7,09:42:34.273
184,111.0,18.4,0.271,3.776,3.0,2.794,15.7,22.8,119.8,0.625,23.1,119.8,21.7,09:42:35.397
185,111.0,18.2,0.333,2.53,3.0,2.756,15.4,22.8,119.96,0.703,23.2,119.96,23.2,09:42:36.521
186,111.0,18.2,0.24,2.492,3.0,4.003,15.9,24.8,120.309,0.681,24.6,120.309,21.7,09:42:37.631
187,111.0,17.9,0.255,4.569,3.0,3.361,16.3,22.8,120.224,0.616,23.1,120.224,21.7,09:42:38.737
188,111.0,17.9,0.27,4.682,3.0,2.53,16.8,22.8,120.051,0.646,23.2,120.051,21.7,09:42:39.850
189,111.0,18.4,0.27,2.794,3.0,2.794,15.9,24.9,120.008,0.687,24.6,120.008,21.7,09:42:40.959
190,111.0,18.2,0.273,3.134,3.0,3.852,15.9,22.8,119.468,0.645,23.2,119.468,21.7,09:42:42.079
191,111.0,18.2,0.26,2.53,3.0,3.21,16.6,22.8,120.202,0.692,23.2,120.202,23.2,09:42:43.197
192,111.0,18.4,0.269,3.512,3.0,3.625,17.0,24.9,119.178,0.687,24.6,119.178,21.7,09:42:44.301
193,111.0,18.6,0.281,3.285,3.0,3.549,16.3,22.8,119.401,0.649,23.2,119.401,23.2,09:42:45.403
194,111.0,18.6,0.264,2.681,3.0,2.303,15.9,22.8,120.975,0.64,23.2,120.975,21.7,09:42:46.509
195,111.0,18.2,0.266,2.945,3.0,3.549,16.8,22.8,119.961,0.648,23.2,119.961,21.7,09:42:47.613
196,111.0,18.6,0.221,3.172,3.0,3.323,16.3,22.9,120.176,0.624,23.2,120.176,23.2,09:42:48.722
197,111.0,17.9,0.259,3.549,3.0,2.908,16.1,22.9,119.99,0.686,23.2,119.99,21.7,09:42:49.862
198,111.0,18.4,0.266,2.643,3.0,3.21,16.8,22.9,120.612,0.669,23.2,120.612,21.7,09:42:50.998
199,111.0,18.6,0.231,3.21,3.0,3.361,16.3,22.9,119.97,0.682,23.2,119.97,21.7,09:42:52.133
200,111.0,18.2,0.299,2.87,3.0,4.418,15.9,22.9,121.377,0.686,24.6,121.377,21.7,09:42:53.257
201,111.0,17.9,0.284,2.908,3.0,2.832,16.1,24.9,119.872,0.626,24.6,119.872,21.7,09:42:54.378
202,111.0,18.2,0.275,2.605,3.0,2.908,16.3,24.9,119.749,0.643,24.6,119.749,21.7,09:42:55.518
203,111.0,18.2,0.261,3.247,3.0,3.625,17.0,22.9,120.03,0.717,23.2,120.03,23.2,09:42:56.623
204,111.0,18.2,0.271,2.832,3.0,3.625,16.1,22.9,120.189,0.701,23.2,120.189,21.7,09:42:57.751
205,111.0,18.2,0.295,3.587,3.0,3.059,17.0,25.0,120.136,0.692,24.6,120.136,21.7,09:42:58.858
206,111.0,18.4,0.286,2.568,3.0,3.625,16.3,25.0,119.994,0.684,24.6,119.994,21.8,09:42:59.982
207,111.0,18.8,0.264,3.474,3.0,2.681,16.3,22.9,119.958,0.645,23.2,119.958,21.7,09:43:01.084
208,111.0,18.2,0.255,2.945,3.0,4.229,15.9,25.0,119.613,0.696,24.6,119.613,21.8,09:43:02.192
209,111.0,18.4,0.332,3.134,3.0,3.059,17.0,22.9,120.016,0.664,23.2,120.016,21.8,09:43:03.314
210,111.0,18.2,0.278,2.379,3.0,2.983,16.8,22.9,120.024,0.658,23.2,120.024,23.2,09:43:04.450
211,111.0,18.2,0.265,3.096,3.0,3.512,16.3,23.0,119.873,0.673,23.2,119.873,21.8,09:43:05.569
212,111.0,18.4,0.288,2.87,3.0,3.927,16.1,22.9,120.117,0.659,24.6,120.117,21.8,09:43:06.692
213,111.0,18.4,0.286,3.323,3.0,3.096,16.1,25.0,119.812,0.634,24.6,119.812,21.8,09:43:07.814
214,111.0,18.2,0.273,4.154,3.0,3.549,16.8,23.0,119.586,0.674,23.2,119.586,21.8,09:43:08.931
215,111.0,18.4,0.28,3.625,3.0,3.436,16.1,23.0,120.09,0.669,23.2,120.09,23.2,09:43:10.049
216,111.0,18.4,0.242,3.436,3.0,3.512,16.6,23.0,119.836,0.643,24.6,119.836,21.8,09:43:11.169
217,111.0,18.6,0.269,3.7,3.0,3.021,16.8,23.0,120.035,0.693,24.6,120.035,21.8,09:43:12.296
218,111.0,18.6,0.266,3.059,3.0,2.908,16.3,25.0,119.686,0.676,23.2,119.686,21.8,09:43:13.418
219,111.0,18.2,0.281,3.134,3.0,2.379,16.1,23.0,119.964,0.616,23.2,119.964,23.3,09:43:14.535
220,111.0,18.4,0.322,3.587,3.0,3.889,16.1,23.0,119.224,0.638,23.2,119.224,21.8,09:43:15.652
221,111.0,18.6,0.273,3.625,3.0,2.568,16.1,23.0,120.914,0.649,24.6,120.914,21.8,09:43:16.781
222,111.0,18.6,0.264,3.21,3.0,2.794,16.3,25.1,119.672,0.636,23.2,119.672,21.8,09:43:17.898
223,111.0,18.2,0.276,2.643,3.0,3.172,16.6,23.0,120.099,0.667,23.2,120.099,23.2,09:43:19.004
224,111.0,18.4,0.25,4.796,3.0,3.852,16.3,23.0,119.92,0.645,24.7,119.92,21.8,09:43:20.113
225,111.0,19.1,0.278,3.512,3.0,3.172,16.6,25.1,120.722,0.678,23.2,120.722,21.8,09:43:21.233
226,111.0,18.6,0.291,2.908,3.0,2.681,17.0,25.1,120.251,0.696,23.2,120.251,21.8,09:43:22.376
227,111.0,18.2,0.242,2.681,3.0,3.21,17.0,25.1,120.237,0.687,23.2,120.237,23.2,09:43:23.502
228,111.0,18.4,0.291,3.361,3.0,3.247,17.0,23.1,120.265,0.656,23.3,120.265,23.2,09:43:24.625
229,111.0,18.6,0.28,4.003,3.0,4.078,17.0,23.0,120.953,0.698,23.3,120.953,21.8,09:43:25.747
230,111.0,18.6,0.269,3.776,3.0,2.794,16.6,23.1,119.95,0.598,24.7,119.95,21.8,09:43:26.871
231,111.0,18.4,0.251,3.172,3.0,2.945,16.8,25.1,122.031,0.674,23.2,122.031,21.8,09:43:27.990
232,111.0,18.6,0.28,3.398,3.0,3.21,16.8,25.1,120.123,0.673,23.2,120.123,23.3,09:43:29.107
233,111.0,18.8,0.283,3.512,3.0,3.361,17.0,23.1,120.266,0.64,23.2,120.266,21.8,09:43:30.230
234,111.0,18.6,0.28,3.285,3.0,2.605,16.3,23.1,119.874,0.729,24.7,119.874,21.8,09:43:31.352
235,111.0,18.6,0.242,2.832,3.0,4.418,17.0,23.1,118.981,0.648,23.3,118.981,21.8,09:43:32.470
236,111.0,18.2,0.228,3.172,3.0,3.625,17.0,25.2,119.634,0.638,23.3,119.634,23.3,09:43:33.587
237,111.0,18.6,0.261,3.7,3.0,3.587,16.3,23.1,120.056,0.719,23.3,120.056,21.8,09:43:34.724
238,111.0,18.6,0.283,3.549,3.0,2.152,16.6,23.1,120.12,0.668,24.7,120.12,21.8,09:43:35.840
239,111.0,18.8,0.341,3.134,3.0,3.059,17.7,23.1,120.311,0.63,24.7,120.311,21.8,09:43:36.969
240,111.0,18.6,0.243,3.323,3.0,3.172,17.3,23.1,119.526,0.673,24.7,119.526,21.8,09:43:38.096
241,111.0,18.6,0.247,4.191,3.0,3.096,16.8,25.2,119.758,0.653,23.3,119.758,23.3,09:43:39.218
242,111.0,18.8,0.276,2.87,3.0,2.454,16.8,25.2,119.992,0.645,23.3,119.992,21.8,09:43:40.343
243,111.0,18.6,0.242,2.945,3.0,2.945,16.8,25.2,120.093,0.676,23.3,120.093,21.8,09:43:41.479
244,111.0,18.6,0.289,4.078,3.0,3.361,16.1,23.1,120.29,0.638,23.3,120.29,21.8,09:43:42.607
245,111.0,19.1,0.293,3.021,3.0,3.474,16.3,23.1,120.302,0.674,23.3,120.302,21.8,09:43:43.751
246,111.0,19.1,0.275,3.134,3.0,3.436,17.5,23.2,119.606,0.724,24.7,120.296,21.8,09:43:44.873
247,111.0,19.1,0.266,3.059,3.0,4.456,16.3,23.1,119.933,0.643,23.3,119.933,21.8,09:43:45.995
248,111.0,19.1,0.265,3.398,3.0,3.512,17.3,23.2,120.118,0.654,23.3,120.118,23.3,09:43:47.118
249,111.0,18.8,0.248,3.398,3.0,3.776,16.3,25.2,121.872,0.719,23.3,121.872,21.8,09:43:48.240
250,111.0,18.8,0.271,3.965,3.0,3.172,17.5,23.2,119.851,0.638,23.3,119.851,21.8,09:43:49.367
251,111.0,18.6,0.269,2.983,3.0,3.096,16.3,23.2,119.855,0.684,24.7,119.855,21.8,09:43:50.490
252,111.0,18.6,0.266,3.474,3.0,3.927,17.5,23.2,120.109,0.673,23.3,120.109,21.8,09:43:51.614
253,111.0,18.6,0.237,3.436,3.0,2.832,17.0,23.2,120.528,0.636,23.3,120.528,23.3,09:43:52.737
254,111.0,18.8,0.304,3.398,3.0,2.945,16.6,25.3,119.867,0.678,23.3,119.867,21.8,09:43:53.861
255,111.0,18.8,0.276,2.945,3.0,2.945,16.6,25.3,120.008,0.664,23.3,120.008,21.8,09:43:54.985
256,111.0,19.1,0.278,3.587,3.0,3.361,17.0,23.2,120.112,0.646,24.7,120.112,21.8,09:43:56.121
257,111.0,18.8,0.289,2.756,3.0,3.474,17.3,23.2,120.057,0.702,24.7,120.057,21.8,09:43:57.258
258,111.0,18.8,0.266,3.814,3.0,2.945,17.3,23.2,119.891,0.696,23.3,119.891,21.8,09:43:58.383
259,111.0,18.8,0.281,2.643,3.0,3.096,16.8,23.2,120.177,0.565,23.3,120.177,21.8,09:43:59.521
260,111.0,19.1,0.27,4.758,3.0,3.398,16.6,23.2,120.282,0.684,23.3,120.282,21.8,09:44:00.646
261,111.0,19.1,0.271,3.323,3.0,3.059,17.9,23.2,119.73,0.697,23.3,119.73,23.3,09:44:01.781
262,111.0,18.6,0.293,3.323,3.0,3.285,17.0,25.3,119.794,0.37,23.3,119.78,21.8,09:44:02.895
263,111.0,18.6,0.269,2.643,3.0,2.681,16.8,25.3,119.73,0.682,24.7,119.73,21.8,09:44:04.016
264,111.0,18.6,0.284,3.625,3.0,3.285,16.6,23.2,119.848,0.638,23.3,119.848,21.8,09:44:05.136
265,111.0,18.8,0.275,3.247,3.0,2.643,17.5,23.3,119.878,0.646,23.3,119.878,21.8,09:44:06.270
266,111.0,19.1,0.271,3.512,3.0,2.794,17.5,23.3,119.876,0.688,23.3,119.876,21.8,09:44:07.383
267,111.0,18.8,0.254,2.643,3.0,3.21,17.0,25.3,119.888,0.648,23.3,119.888,21.8,09:44:08.507
268,111.0,18.8,0.271,3.172,3.0,3.474,16.8,23.3,119.545,0.465,24.7,119.545,21.8,09:44:09.629
269,111.0,18.8,0.255,3.172,3.0,3.436,17.5,23.3,120.299,0.684,23.3,120.299,21.8,09:44:10.751
270,111.0,19.1,0.304,3.776,3.0,3.059,17.5,23.3,119.709,0.643,23.3,119.709,23.3,09:44:11.875
271,111.0,18.8,0.237,2.87,3.0,3.814,17.3,25.3,119.42,0.649,23.3,119.42,21.8,09:44:12.993
272,111.0,18.6,0.261,3.549,3.0,3.625,16.6,25.4,119.691,0.66,23.3,119.691,21.8,09:44:14.130
273,111.0,19.1,0.28,3.587,3.0,3.852,16.6,25.4,120.224,0.659,24.7,120.224,21.9,09:44:15.253
274,111.0,19.1,0.223,2.983,3.0,2.756,17.3,23.3,120.169,0.443,23.3,120.169,21.9,09:44:16.378
275,111.0,19.1,0.281,2.568,3.0,3.549,17.5,23.3,119.707,0.629,23.3,119.707,21.9,09:44:17.512
276,111.0,19.3,0.269,3.096,3.0,3.247,17.5,23.3,120.116,0.574,23.3,120.116,23.3,09:44:18.632
277,111.0,19.3,0.317,2.908,3.0,3.436,17.5,23.3,120.054,0.663,23.3,120.054,21.9,09:44:19.748
278,111.0,19.1,0.261,3.172,3.0,2.719,17.5,23.3,120.126,0.684,24.7,120.126,21.9,09:44:20.885
279,111.0,19.3,0.265,2.605,3.0,3.247,17.0,25.4,119.831,0.593,24.7,119.831,21.9,09:44:22.004
280,111.0,19.1,0.275,3.247,3.0,3.398,17.5,23.3,119.994,0.482,23.3,119.994,23.3,09:44:23.120
281,111.0,19.1,0.27,5.211,3.0,3.776,17.0,23.3,119.791,0.587,23.3,119.791,21.9,09:44:24.242
282,111.0,19.1,0.212,3.7,3.0,2.756,17.5,25.4,121.39,0.636,24.7,121.39,21.9,09:44:25.361
283,111.0,18.6,0.294,2.983,3.0,2.983,17.0,25.4,120.755,0.686,24.7,120.755,21.9,09:44:26.487
284,111.0,19.1,0.256,3.398,3.0,4.003,17.5,25.4,119.948,0.643,23.3,119.948,21.9,09:44:27.622
285,111.0,19.3,0.233,3.474,3.0,3.663,17.0,23.3,120.552,0.502,23.3,120.552,21.9,09:44:28.749
286,111.0,19.1,0.255,3.247,3.0,2.53,17.5,23.4,120.487,0.492,23.3,120.487,21.9,09:44:29.858
287,111.0,19.1,0.294,2.87,3.0,2.908,17.5,23.3,120.514,0.563,24.7,120.514,21.9,09:44:30.991
288,111.0,19.1,0.273,3.927,3.0,4.267,17.0,23.3,119.681,0.576,24.7,119.681,21.9,09:44:32.114
289,111.0,19.1,0.276,2.87,3.0,3.776,17.7,25.4,120.974,0.635,24.7,120.974,21.9,09:44:33.254
290,111.0,19.1,0.284,2.983,3.0,2.719,17.7,25.4,119.895,0.592,23.3,119.895,21.9,09:44:34.380
291,111.0,19.5,0.322,3.247,3.0,4.003,16.6,25.4,118.783,0.438,23.3,118.783,21.9,09:44:35.533
292,111.0,19.5,0.291,3.549,3.0,3.172,17.5,25.4,119.782,0.555,23.3,119.782,21.9,09:44:36.659
293,111.0,19.5,0.284,3.889,3.0,2.417,17.0,25.4,120.165,0.507,23.3,120.165,21.9,09:44:37.798
294,111.0,19.1,0.27,3.21,3.0,2.87,17.5,23.4,120.611,0.626,23.3,120.611,23.4,09:44:38.934
295,111.0,19.3,0.26,3.587,3.0,3.549,17.7,23.4,119.776,0.607,23.3,119.776,21.9,09:44:40.055
296,111.0,19.5,0.283,3.21,3.0,3.398,17.7,23.4,120.715,0.555,23.3,120.715,21.9,09:44:41.177
297,111.0,19.1,0.27,3.474,3.0,3.021,17.0,23.4,119.861,0.421,24.7,119.861,21.9,09:44:42.298
298,111.0,19.5,0.255,3.512,3.0,3.398,17.0,25.4,119.615,0.498,23.3,119.615,21.9,09:44:43.420
299,111.0,19.1,0.27,3.436,3.0,2.605,17.9,23.4,119.587,0.516,23.3,119.587,23.4,09:44:44.539
300,111.0,19.5,0.254,3.474,3.0,3.398,17.5,23.4,120.149,0.601,23.3,120.149,23.4,09:44:45.677
301,111.0,19.1,0.283,3.852,3.0,3.21,17.5,23.4,120.19,0.591,23.3,120.19,21.9,09:44:46.815
302,111.0,19.1,0.26,2.983,3.0,3.7,16.8,23.4,119.824,0.468,24.7,119.824,22.0,09:44:47.936
303,111.0,19.1,0.313,3.927,3.0,3.134,17.5,23.4,119.759,0.469,24.8,119.759,22.0,09:44:49.075
304,111.0,19.1,0.275,2.681,3.0,2.983,17.0,23.4,120.107,0.441,24.7,120.107,22.0,09:44:50.198
305,111.0,19.1,0.276,3.965,3.0,3.134,17.3,25.5,121.084,0.487,23.3,121.084,22.0,09:44:51.317
306,111.0,19.3,0.298,2.568,3.0,3.096,17.7,23.4,119.638,0.564,23.3,119.638,22.0,09:44:52.445
307,111.0,19.1,0.275,2.794,3.0,3.587,17.5,23.4,118.61,0.551,24.7,118.61,22.0,09:44:53.561
308,111.0,19.1,0.283,3.247,3.0,4.078,17.5,23.4,119.907,0.37,24.7,119.907,22.0,09:44:54.682
309,111.0,19.1,0.317,2.87,3.0,2.908,17.3,23.4,120.011,0.435,23.3,120.011,22.0,09:44:55.805
310,111.0,19.3,0.322,4.342,3.0,4.116,17.5,25.5,118.85,0.45,23.3,118.85,23.5,09:44:56.925
311,111.0,19.5,0.309,3.134,3.0,3.398,17.3,25.5,119.706,0.492,23.3,119.706,23.5,09:44:58.080
312,111.0,19.5,0.264,2.643,3.0,3.172,17.5,25.5,119.868,0.551,23.3,119.868,22.0,09:44:59.204
313,111.0,19.5,0.248,3.059,3.0,2.643,17.9,25.5,119.986,0.555,23.3,119.986,22.0,09:45:00.337
314,111.0,19.5,0.206,2.454,3.0,2.832,17.7,23.5,120.744,0.393,24.7,120.744,22.0,09:45:01.459
315,111.0,19.1,0.261,3.059,3.0,2.719,17.7,23.5,119.99,0.469,24.7,119.99,22.0,09:45:02.592
316,111.0,19.3,0.256,2.605,3.0,3.134,17.0,23.5,120.369,0.469,23.3,120.369,22.0,09:45:03.711
317,111.0,19.8,0.303,3.21,3.0,2.492,17.5,23.5,120.096,0.511,23.3,120.096,22.0,09:45:04.845
318,111.0,19.8,0.26,2.681,3.0,3.021,17.5,25.5,119.854,0.559,23.3,119.854,23.5,09:45:05.968
319,111.0,19.1,0.271,3.059,3.0,3.247,17.7,23.5,119.702,0.548,24.7,119.702,22.0,09:45:07.083
320,111.0,19.5,0.281,2.454,3.0,2.908,17.3,23.5,120.376,0.415,24.8,120.376,22.0,09:45:08.202
321,111.0,19.3,0.278,3.776,3.0,2.908,17.7,23.5,120.159,0.469,23.3,120.159,22.1,09:45:09.321
322,111.0,19.5,0.291,2.266,3.0,3.285,17.7,25.6,120.066,0.416,23.3,120.066,22.1,09:45:10.443
323,111.0,19.3,0.264,3.021,3.0,3.247,17.5,23.5,119.836,0.472,24.8,119.836,22.1,09:45:11.564
324,111.0,19.5,0.209,3.059,3.0,3.625,17.9,23.5,119.633,0.479,24.8,119.633,22.1,09:45:12.690
325,111.0,19.5,0.245,2.794,3.0,3.7,17.3,23.5,118.854,0.535,23.3,118.854,22.1,09:45:13.812
326,111.0,19.3,0.273,3.436,3.0,3.889,17.7,23.5,119.355,0.541,23.3,119.355,23.5,09:45:14.932
327,111.0,19.8,0.255,2.643,3.0,3.134,17.5,25.6,119.965,0.526,23.3,119.965,22.1,09:45:16.059
328,111.0,19.3,0.261,4.456,3.0,3.398,17.9,23.5,120.101,0.56,24.8,120.101,22.1,09:45:17.182
329,111.0,19.3,0.293,3.361,3.0,3.436,17.9,23.5,120.488,0.553,24.8,118.732,22.1,09:45:18.304
330,111.0,19.3,0.309,2.945,3.0,3.285,17.5,23.5,119.951,0.488,23.3,119.951,22.1,09:45:19.425
331,111.0,19.5,0.259,3.172,3.0,3.738,17.5,23.5,119.185,0.508,23.3,119.185,23.6,09:45:20.545
332,111.0,19.5,0.237,3.549,3.0,3.625,17.9,25.6,119.52,0.507,23.3,119.52,22.1,09:45:21.657
333,111.0,19.1,0.26,3.512,3.0,3.059,17.9,23.5,119.859,0.497,24.7,119.859,22.1,09:45:22.780
334,111.0,19.5,0.26,2.87,3.0,4.267,17.5,23.5,119.076,0.518,24.8,119.076,22.1,09:45:23.920
335,111.0,19.5,0.25,3.247,3.0,2.983,18.2,23.5,120.425,0.521,23.3,120.425,22.1,09:45:25.035
336,111.0,19.3,0.266,3.436,3.0,2.719,17.3,25.6,120.165,0.546,23.3,120.165,22.1,09:45:26.152
337,111.0,19.5,0.264,2.983,3.0,2.53,17.7,25.6,119.953,0.531,23.3,119.953,22.1,09:45:27.278
338,111.0,19.3,0.293,2.87,3.0,2.605,17.9,25.6,119.739,0.54,24.8,119.939,22.1,09:45:28.404
339,111.0,19.5,0.303,4.342,3.0,3.059,17.9,23.6,119.937,0.54,24.8,119.937,22.1,09:45:29.543
340,111.0,20.2,0.243,2.379,3.0,2.908,17.9,25.6,119.669,0.601,24.8,119.669,22.1,09:45:30.699
341,111.0,19.5,0.222,3.021,3.0,4.191,17.7,23.5,119.109,0.577,24.8,119.109,22.1,09:45:31.822
342,111.0,19.5,0.24,3.172,3.0,3.21,17.9,25.6,119.934,0.576,24.8,119.934,22.1,09:45:32.967
343,111.0,19.5,0.295,3.021,3.0,3.285,17.9,23.5,119.558,0.619,23.3,119.558,22.2,09:45:34.091
344,111.0,19.8,0.26,2.681,3.0,4.267,18.2,23.6,119.233,0.525,23.3,119.233,22.2,09:45:35.217
345,111.0,19.3,0.203,5.437,3.0,2.303,17.5,23.6,120.051,0.582,23.3,120.051,22.2,09:45:36.338
346,111.0,19.8,0.337,2.681,3.0,2.794,18.2,23.6,120.12,0.605,23.4,120.12,22.2,09:45:37.465
347,111.0,19.5,0.26,3.134,3.0,3.21,17.9,25.6,119.921,0.533,24.8,119.921,22.2,09:45:38.590
348,111.0,19.5,0.299,2.492,3.0,2.945,17.9,23.6,120.217,0.579,23.3,120.217,22.2,09:45:39.710
349,111.0,19.8,0.223,3.512,3.0,3.247,18.2,23.6,120.078,0.603,23.3,120.078,23.6,09:45:40.832
350,111.0,19.5,0.219,2.228,3.0,2.719,17.5,23.6,119.428,0.563,23.3,119.428,22.2,09:45:41.949
351,111.0,20.0,0.31,2.832,3.0,3.474,17.7,25.6,119.83,0.554,23.4,119.83,22.2,09:45:43.076
352,111.0,20.2,0.261,2.492,3.0,3.889,17.9,25.6,120.593,0.616,24.8,120.593,22.2,09:45:44.199
353,111.0,19.3,0.283,3.096,3.0,2.983,17.7,23.6,119.848,0.605,23.3,119.848,22.2,09:45:45.322
354,111.0,19.8,0.309,2.341,3.0,2.568,17.9,23.6,120.152,0.674,23.4,120.152,22.2,09:45:46.456
355,111.0,19.5,0.271,2.152,3.0,2.568,17.9,23.6,120.057,0.598,23.3,120.057,23.7,09:45:47.590
356,111.0,19.5,0.265,4.116,3.0,2.53,17.7,23.6,120.384,0.619,23.4,120.384,23.7,09:45:48.727
357,111.0,20.2,0.347,3.285,3.0,3.21,17.9,23.6,119.81,0.648,23.4,119.81,22.2,09:45:49.852
358,111.0,19.5,0.284,2.756,3.0,3.21,17.9,25.6,119.546,0.66,24.8,119.546,22.2,09:45:50.971
359,111.0,19.8,0.288,3.398,3.0,3.285,17.5,25.6,120.038,0.629,24.8,120.038,22.2,09:45:52.098
360,111.0,20.0,0.363,3.285,3.0,3.059,17.7,25.6,120.154,0.692,24.8,120.154,22.2,09:45:53.238
361,111.0,19.5,0.27,3.436,3.0,3.474,18.4,23.6,119.326,0.635,23.4,119.326,22.3,09:45:54.361
362,111.0,19.8,0.264,2.87,3.0,2.681,17.7,23.6,120.493,0.696,23.3,120.493,23.7,09:45:55.483
363,111.0,20.2,0.27,3.323,3.0,3.852,17.9,23.6,119.707,0.676,23.4,119.707,23.7,09:45:56.628
364,111.0,19.8,0.347,2.794,3.0,3.21,18.2,23.6,120.503,0.645,23.4,120.503,22.3,09:45:57.747
365,111.0,19.5,0.256,3.625,3.0,2.756,17.5,23.6,119.883,0.691,23.4,119.883,22.3,09:45:58.884
366,111.0,20.2,0.293,2.53,3.0,2.908,17.7,23.6,120.276,0.681,24.8,120.276,22.3,09:46:00.006
367,111.0,19.5,0.237,2.983,3.0,4.04,17.5,25.6,119.968,0.629,23.4,119.968,22.3,09:46:01.132
368,111.0,20.2,0.284,5.286,3.0,2.454,18.4,25.7,119.997,0.692,23.4,119.997,22.3,09:46:02.269
369,111.0,19.8,0.275,2.643,3.0,2.492,17.9,23.6,120.29,0.681,23.3,120.29,23.7,09:46:03.392
370,111.0,19.8,0.261,2.908,3.0,2.681,17.9,23.6,119.881,0.679,23.4,119.881,22.3,09:46:04.514
371,111.0,19.8,0.288,3.134,3.0,3.21,17.9,23.6,120.085,0.726,24.8,120.085,22.3,09:46:05.641
372,111.0,19.8,0.291,3.059,3.0,2.794,17.7,23.6,119.824,0.651,24.8,119.824,22.3,09:46:06.775
373,111.0,20.2,0.321,2.87,3.0,2.832,17.7,25.7,119.794,0.601,24.8,119.794,22.3,09:46:07.895
374,111.0,19.8,0.256,2.794,3.0,2.832,18.2,25.7,120.31,0.706,23.3,120.31,23.7,09:46:09.018
375,111.0,20.2,0.265,3.059,3.0,3.096,17.9,23.6,119.795,0.656,23.4,119.795,22.3,09:46:10.139
376,111.0,19.8,0.276,2.681,3.0,2.756,17.9,23.6,120.159,0.692,23.3,120.159,22.3,09:46:11.265
377,111.0,19.8,0.236,2.681,3.0,2.643,17.9,23.6,120.567,0.712,24.8,120.567,22.3,09:46:12.386
378,111.0,19.8,0.259,2.568,3.0,3.247,18.4,25.7,119.977,0.624,23.4,119.977,22.3,09:46:13.509
379,111.0,19.5,0.269,2.832,3.0,3.625,17.7,25.7,119.791,0.684,23.3,119.791,23.7,09:46:14.630
380,111.0,19.8,0.332,2.756,3.0,3.889,18.2,23.6,120.47,0.684,23.4,120.47,22.3,09:46:15.754
381,111.0,19.8,0.273,3.852,3.0,2.832,17.9,23.6,119.861,0.653,24.8,119.861,22.3,09:46:16.872
382,111.0,20.0,0.265,2.87,3.0,2.983,17.7,23.6,119.976,0.676,23.4,119.976,22.3,09:46:17.989
383,111.0,20.2,0.255,3.247,3.0,3.512,17.9,25.7,120.067,0.681,23.4,120.067,23.8,09:46:19.108
384,111.0,20.0,0.251,3.021,3.0,2.945,18.2,23.7,120.534,0.646,23.4,120.534,22.3,09:46:20.233
385,111.0,19.5,0.251,2.605,3.0,2.719,17.7,25.7,119.781,0.681,23.4,119.781,23.8,09:46:21.386
386,111.0,20.0,0.25,2.719,3.0,3.059,17.9,23.7,120.128,0.678,23.4,120.128,22.3,09:46:22.511
387,111.0,20.2,0.236,2.794,3.0,3.21,18.4,23.7,120.024,0.631,24.8,120.024,22.3,09:46:23.627
388,111.0,20.0,0.275,3.814,3.0,3.21,18.4,23.7,120.082,0.72,23.4,120.082,22.3,09:46:24.746
389,111.0,20.0,0.36,3.7,3.0,2.832,17.9,25.7,119.801,0.629,23.4,119.801,23.8,09:46:25.871
390,111.0,20.0,0.24,2.87,3.0,2.945,18.2,23.7,119.875,0.645,23.4,119.875,22.3,09:46:26.993
391,111.0,20.2,0.298,2.87,3.0,3.549,18.2,23.7,119.78,0.697,23.4,119.78,22.3,09:46:28.130
392,111.0,20.4,0.3,2.794,3.0,4.116,17.9,23.7,120.406,0.651,24.8,120.406,22.3,09:46:29.245
393,111.0,20.2,0.3,4.909,3.0,3.172,18.2,23.7,119.912,0.619,23.4,119.912,22.3,09:46:30.370
394,111.0,20.2,0.314,3.096,3.0,4.116,17.9,25.7,119.355,0.696,23.4,119.355,23.8,09:46:31.488
395,111.0,20.0,0.26,3.625,3.0,3.549,17.9,25.7,120.068,0.646,23.4,120.068,22.3,09:46:32.613
396,111.0,20.4,0.294,2.87,3.0,2.983,17.9,25.8,121.845,0.646,23.4,121.845,22.4,09:46:33.749
397,111.0,20.2,0.243,3.285,3.0,2.53,18.4,23.7,121.398,0.686,24.8,121.398,22.3,09:46:34.870
398,111.0,20.0,0.269,3.361,3.0,3.021,18.2,23.7,120.309,0.649,24.8,120.309,22.3,09:46:36.006
399,111.0,20.2,0.27,3.134,3.0,4.418,18.4,23.7,118.706,0.669,24.8,118.706,22.4,09:46:37.133
400,111.0,20.2,0.28,2.832,3.0,3.096,18.4,23.7,120.238,0.668,24.8,120.238,22.4,09:46:38.274
401,111.0,20.7,0.255,3.096,3.0,2.908,17.9,23.7,119.719,0.619,23.4,119.719,22.4,09:46:39.397
402,111.0,20.0,0.3,2.643,3.0,2.568,17.9,25.8,120.703,0.696,23.4,120.703,23.8,09:46:40.520
403,111.0,20.0,0.281,3.625,3.0,2.945,18.2,25.8,120.042,0.701,23.4,120.042,23.8,09:46:41.658
404,111.0,20.7,0.265,3.7,3.0,2.832,18.2,23.7,120.702,0.636,23.4,120.702,22.4,09:46:42.781
405,111.0,20.2,0.338,3.285,3.0,2.908,17.9,23.7,119.805,0.682,24.8,119.805,22.4,09:46:43.919
406,111.0,20.2,0.259,3.549,3.0,3.285,17.9,23.7,119.756,0.635,24.8,119.756,22.4,09:46:45.036
407,111.0,20.2,0.245,3.549,3.0,3.474,17.5,23.7,119.877,0.681,23.4,119.877,22.4,09:46:46.158
408,111.0,20.4,0.275,3.398,3.0,2.945,18.4,23.7,120.59,0.697,23.4,120.59,23.9,09:46:47.293
409,111.0,20.7,0.27,3.021,3.0,4.003,17.9,23.7,119.822,0.691,23.4,119.822,23.9,09:46:48.428
410,111.0,20.0,0.264,3.927,3.0,3.172,18.2,25.8,119.789,0.664,23.4,119.789,22.4,09:46:49.554
411,111.0,20.2,0.289,2.605,3.0,3.059,18.4,25.8,119.975,0.702,23.4,119.975,22.4,09:46:50.702
412,111.0,20.4,0.275,3.096,3.0,3.172,18.4,25.8,119.799,0.691,24.8,119.799,22.4,09:46:51.821
413,111.0,20.4,0.242,2.53,3.0,3.398,17.9,25.8,119.432,0.663,24.8,119.432,22.4,09:46:52.956
414,111.0,20.2,0.273,3.247,3.0,3.172,18.2,23.8,120.531,0.701,24.8,120.531,22.4,09:46:54.079
415,111.0,20.2,0.27,4.531,3.0,2.832,17.9,23.8,120.442,0.669,23.4,120.442,22.4,09:46:55.217
416,111.0,20.7,0.245,4.493,3.0,2.303,18.2,23.8,119.927,0.687,23.4,119.927,23.9,09:46:56.340
417,111.0,20.4,0.278,2.643,3.0,3.7,18.2,23.8,119.853,0.684,23.4,119.853,22.4,09:46:57.483
418,111.0,20.2,0.275,3.436,3.0,3.361,18.2,23.8,120.101,0.598,23.4,120.101,22.4,09:46:58.602
419,111.0,20.2,0.27,3.059,3.0,3.549,18.4,25.8,119.485,0.697,24.8,119.485,22.4,09:46:59.721
420,111.0,20.7,0.273,4.758,3.0,2.492,18.2,23.8,119.917,0.681,24.8,119.917,22.5,09:47:00.850
421,111.0,20.2,0.266,2.983,3.0,4.003,18.2,23.8,119.286,0.626,23.4,119.286,22.5,09:47:01.983
422,111.0,20.7,0.273,3.398,3.0,3.587,18.2,23.8,120.398,0.71,23.4,120.398,22.5,09:47:03.109
423,111.0,20.2,0.254,3.323,3.0,3.889,18.2,23.8,119.825,0.656,23.4,119.825,23.9,09:47:04.229
424,111.0,20.7,0.27,3.7,3.0,2.53,17.9,25.8,119.96,0.648,23.4,119.96,22.5,09:47:05.352
425,111.0,20.7,0.298,3.096,3.0,3.814,17.7,25.9,119.171,0.678,23.4,119.171,22.5,09:47:06.488
426,111.0,20.7,0.226,3.776,3.0,3.927,17.9,25.9,119.818,0.649,24.8,119.818,22.5,09:47:07.611
427,111.0,20.4,0.273,3.663,3.0,3.21,17.9,23.8,120.202,0.66,23.4,120.202,22.5,09:47:08.734
428,111.0,20.7,0.27,3.889,3.0,2.832,18.2,23.8,120.083,0.693,23.4,120.083,22.5,09:47:09.872
429,111.0,20.7,0.266,3.361,3.0,3.323,17.7,23.8,119.749,0.658,23.4,119.749,22.5,09:47:10.979
430,111.0,20.0,0.254,3.285,3.0,2.983,18.4,25.9,120.069,0.588,24.8,120.069,22.5,09:47:12.101
431,111.0,20.4,0.309,3.21,3.0,3.398,18.4,25.9,120.12,0.698,24.8,120.12,22.5,09:47:13.240
432,111.0,20.7,0.265,3.172,3.0,2.681,18.4,25.9,119.827,0.714,24.8,119.827,22.5,09:47:14.378
433,111.0,20.2,0.27,3.361,3.0,3.172,17.9,25.9,120.265,0.721,24.8,120.265,22.5,09:47:15.507
434,111.0,20.7,0.278,4.38,3.0,3.852,18.4,23.8,119.883,0.706,23.4,119.883,22.5,09:47:16.624
435,111.0,20.7,0.261,3.512,3.0,3.323,18.4,23.8,121.014,0.653,23.4,121.014,24.0,09:47:17.748
436,111.0,20.7,0.289,3.663,3.0,2.794,17.9,23.8,119.911,0.676,23.4,119.911,24.0,09:47:18.888
437,111.0,20.7,0.265,2.643,3.0,2.53,18.4,23.8,120.334,0.729,24.8,120.334,22.5,09:47:20.010
438,111.0,20.4,0.27,3.21,3.0,2.945,18.2,23.8,120.269,0.636,24.8,120.269,22.5,09:47:21.147
439,111.0,20.7,0.251,5.173,3.0,3.512,18.6,23.8,120.39,0.692,24.8,120.39,22.5,09:47:22.291
440,111.0,20.7,0.266,3.059,3.0,3.625,18.4,23.8,119.911,0.679,24.8,119.911,22.5,09:47:23.414
441,111.0,20.7,0.286,3.512,3.0,3.361,18.4,25.9,120.375,0.676,24.8,120.375,22.5,09:47:24.552
442,111.0,20.7,0.286,3.549,3.0,4.493,18.2,25.9,118.724,0.687,23.4,118.724,22.5,09:47:25.677
443,111.0,20.9,0.276,3.398,3.0,3.21,18.2,23.8,120.046,0.687,23.4,120.046,24.0,09:47:26.812
444,111.0,20.4,0.261,3.134,3.0,4.154,18.2,23.8,119.046,0.648,23.4,119.046,22.5,09:47:27.931
445,111.0,20.7,0.281,3.021,3.0,3.549,18.2,23.9,119.873,0.671,23.4,119.873,22.6,09:47:29.066
446,111.0,20.4,0.273,3.059,3.0,3.587,18.2,23.8,121.236,0.692,23.4,121.236,22.5,09:47:30.205
447,111.0,20.7,0.228,3.21,3.0,2.417,17.9,23.8,120.312,0.601,23.4,120.312,22.5,09:47:31.341
448,111.0,20.2,0.298,2.794,3.0,4.078,18.6,23.9,119.217,0.682,24.8,119.217,22.5,09:47:32.467
449,111.0,20.7,0.275,3.361,3.0,3.549,18.4,23.9,119.913,0.668,24.8,119.913,22.6,09:47:33.606
450,111.0,21.1,0.278,4.267,3.0,3.965,18.4,25.9,120.053,0.691,23.4,120.053,22.5,09:47:34.724
451,111.0,20.7,0.255,3.625,3.0,3.247,17.9,25.9,119.786,0.735,23.4,119.786,22.6,09:47:35.861
452,111.0,20.7,0.255,3.096,3.0,3.323,18.2,25.9,119.907,0.63,23.4,119.907,22.5,09:47:37.000
453,111.0,21.1,0.295,3.285,3.0,3.021,18.2,25.9,120.3,0.673,23.4,120.3,22.6,09:47:38.144
454,111.0,20.9,0.356,4.003,3.0,3.134,17.9,23.9,120.698,0.687,24.8,120.698,22.6,09:47:39.286
455,111.0,21.1,0.298,3.096,3.0,3.474,18.4,25.9,119.786,0.641,23.4,119.786,22.6,09:47:40.423
456,111.0,20.7,0.266,2.87,3.0,4.04,17.9,25.9,118.987,0.668,23.4,118.987,22.6,09:47:41.559
457,111.0,21.1,0.27,2.945,3.0,3.663,18.8,25.9,119.52,0.656,23.4,119.52,22.6,09:47:42.697
458,111.0,21.1,0.278,3.663,3.0,2.832,18.4,23.9,120.321,0.643,23.4,120.321,24.0,09:47:43.830
459,111.0,20.7,0.299,3.096,3.0,2.87,17.7,25.9,119.986,0.692,23.4,119.986,24.0,09:47:44.974
460,111.0,21.1,0.256,3.361,3.0,3.398,18.4,25.9,120.502,0.678,23.4,120.502,24.1,09:47:46.115
461,111.0,20.9,0.266,2.87,3.0,3.549,18.4,23.9,119.975,0.664,23.4,119.975,24.0,09:47:47.252
462,111.0,20.7,0.216,3.361,3.0,2.605,18.8,25.9,119.72,0.709,23.4,119.72,22.6,09:47:48.405
463,111.0,21.1,0.269,3.361,3.0,3.021,18.4,25.9,120.04,0.684,23.4,120.04,24.1,09:47:49.540
464,111.0,21.1,0.226,3.285,3.0,3.927,18.4,25.9,119.868,0.659,23.4,119.868,24.1,09:47:50.677
465,111.0,21.1,0.286,3.965,3.0,3.096,18.6,23.9,120.383,0.714,23.4,120.383,24.1,09:47:51.812
466,111.0,20.7,0.304,2.379,3.0,3.549,18.4,23.9,120.328,0.648,23.4,120.328,22.6,09:47:52.950
467,111.0,21.6,0.256,2.945,3.0,3.398,18.6,23.9,120.009,0.707,24.9,120.009,22.6,09:47:54.072
468,111.0,20.9,0.248,3.247,3.0,2.794,18.6,23.9,120.193,0.702,23.4,120.193,22.6,09:47:55.226
469,111.0,20.9,0.295,3.059,3.0,2.832,18.8,26.0,120.286,0.654,23.4,120.286,24.1,09:47:56.379
470,111.0,20.7,0.26,2.832,3.0,3.021,17.9,26.0,120.021,0.698,23.4,120.021,24.1,09:47:57.517
471,111.0,20.7,0.293,4.267,3.0,3.21,18.4,26.0,119.991,0.668,23.4,119.991,24.1,09:47:58.657
472,111.0,21.1,0.266,2.908,3.0,3.021,18.6,26.0,120.095,0.638,23.4,120.095,24.1,09:47:59.813
473,111.0,21.1,0.28,2.605,3.0,2.908,18.2,26.0,120.529,0.671,23.5,120.529,24.1,09:48:00.952
474,111.0,21.1,0.217,3.512,3.0,2.756,18.6,26.0,120.041,0.684,23.4,120.041,24.1,09:48:02.091
475,111.0,20.7,0.345,3.776,3.0,2.908,18.2,26.0,120.566,0.635,23.5,120.566,24.1,09:48:03.227
476,111.0,20.7,0.288,3.134,3.0,2.87,18.2,26.0,120.074,0.693,23.4,120.074,24.1,09:48:04.366
477,111.0,21.1,0.281,2.719,3.0,3.247,18.2,26.0,120.54,0.691,23.5,120.54,22.6,09:48:05.502
478,111.0,21.1,0.298,2.681,3.0,3.247,18.2,26.0,119.828,0.678,23.4,119.828,24.1,09:48:06.643
479,111.0,20.9,0.293,4.003,3.0,3.096,18.4,26.0,120.011,0.715,23.5,120.011,24.1,09:48:07.793
480,111.0,20.9,0.283,3.172,3.0,3.398,19.3,26.0,119.577,0.673,23.5,119.577,24.1,09:48:08.931
481,111.0,20.7,0.276,2.794,3.0,3.096,18.8,26.0,120.025,0.631,23.4,120.025,24.1,09:48:10.082
482,111.0,21.1,0.288,4.154,3.0,3.059,18.2,26.0,119.649,0.724,23.5,119.649,24.1,09:48:11.223
483,111.0,21.1,0.314,3.927,3.0,3.021,18.8,23.9,119.893,0.678,23.5,119.893,24.1,09:48:12.369
484,111.0,21.1,0.264,2.605,3.0,3.474,18.6,26.0,119.66,0.676,23.5,119.66,24.1,09:48:13.495
485,111.0,21.6,0.261,3.096,3.0,3.512,18.4,26.0,119.797,0.707,23.5,119.797,22.7,09:48:14.633
486,111.0,21.1,0.261,2.794,3.0,2.568,18.4,26.0,120.446,0.667,23.4,120.446,22.7,09:48:15.769
487,111.0,21.1,0.303,3.738,3.0,2.303,18.4,26.0,119.785,0.658,23.5,119.785,22.7,09:48:16.912
488,111.0,21.1,0.305,2.945,3.0,3.587,19.3,23.9,119.833,0.691,23.5,119.833,22.7,09:48:18.082
489,111.0,21.1,0.271,3.361,3.0,2.945,18.2,23.9,120.8,0.676,23.5,120.8,22.7,09:48:19.234
490,111.0,21.1,0.28,2.945,3.0,2.945,18.8,23.9,119.753,0.667,23.5,119.753,22.7,09:48:20.366
491,111.0,20.9,0.25,2.756,3.0,3.889,18.6,23.9,119.036,0.663,23.5,119.036,22.7,09:48:21.502
492,111.0,21.1,0.273,3.21,3.0,3.361,18.2,23.9,120.227,0.645,23.5,120.227,22.7,09:48:22.639
493,111.0,21.1,0.266,3.549,3.0,3.625,18.6,23.9,119.656,0.753,23.5,119.656,22.7,09:48:23.791
494,111.0,21.1,0.271,3.625,3.0,3.398,18.4,23.9,119.973,0.654,23.5,119.973,22.7,09:48:24.929
495,111.0,21.1,0.24,3.285,3.0,3.436,18.8,24.0,120.312,0.669,23.5,120.312,24.2,09:48:26.058
496,111.0,21.6,0.317,2.681,3.0,3.247,18.6,23.9,120.843,0.706,23.5,120.843,24.2,09:48:27.196
497,111.0,20.9,0.299,3.512,3.0,2.454,18.8,24.0,120.06,0.653,23.5,120.06,22.7,09:48:28.345
498,111.0,21.1,0.275,2.983,3.0,3.059,18.8,23.9,120.424,0.676,23.5,120.424,22.7,09:48:29.485
499,111.0,21.1,0.313,3.398,3.0,3.512,18.6,24.0,120.018,0.66,23.5,120.018,24.2,09:48:30.622
500,111.0,21.6,0.256,3.474,3.0,4.229,19.3,24.0,119.465,0.646,23.5,119.465,24.2,09:48:31.762
501,111.0,20.9,0.278,3.134,3.0,3.247,18.8,24.0,119.064,0.701,23.5,119.064,24.2,09:48:32.900
502,111.0,21.1,0.259,4.418,3.0,3.852,18.8,24.0,119.405,0.641,23.5,119.405,24.2,09:48:34.038
503,111.0,21.3,0.271,3.814,3.0,3.663,18.4,24.0,119.855,0.654,23.5,119.855,22.8,09:48:35.191
504,111.0,20.9,0.293,2.983,3.0,2.983,18.6,24.0,120.572,0.703,23.5,120.572,22.8,09:48:36.327
505,111.0,21.1,0.248,2.568,3.0,3.738,18.6,24.0,119.333,0.71,23.5,119.333,22.8,09:48:37.470
506,111.0,21.1,0.281,3.7,3.0,3.474,19.1,23.9,119.955,0.641,23.5,119.955,24.2,09:48:38.607
507,111.0,21.3,0.305,2.643,3.0,3.512,18.8,24.0,120.686,0.701,23.5,120.686,24.2,09:48:39.744
508,111.0,21.6,0.316,4.984,3.0,2.719,18.4,24.0,120.007,0.641,23.5,120.007,24.2,09:48:40.879
509,111.0,21.6,0.289,3.059,3.0,2.53,18.6,24.0,120.008,0.664,23.5,120.008,24.2,09:48:42.020
510,111.0,21.1,0.24,4.38,3.0,3.021,18.4,24.0,119.932,0.721,23.5,119.932,24.2,09:48:43.158
511,111.0,21.6,0.276,2.794,3.0,2.945,19.1,24.0,120.481,0.656,23.5,120.481,24.2,09:48:44.308
512,111.0,20.9,0.264,2.492,3.0,4.003,18.6,24.0,119.48,0.687,23.5,119.48,22.8,09:48:45.462
513,111.0,21.3,0.269,3.059,3.0,3.776,18.8,24.0,119.788,0.709,24.9,119.788,22.8,09:48:46.613
514,111.0,21.3,0.28,2.719,3.0,3.625,18.8,24.0,119.731,0.636,24.9,119.731,22.8,09:48:47.754
515,111.0,20.9,0.251,3.852,3.0,3.096,18.6,24.0,119.97,0.693,24.9,119.97,22.8,09:48:48.898
516,111.0,21.1,0.245,3.398,3.0,3.474,19.3,24.0,119.398,0.645,24.9,119.398,22.8,09:48:50.050
517,111.0,21.8,0.295,2.945,3.0,4.493,18.4,24.0,119.831,0.643,24.9,119.831,22.8,09:48:51.186
518,111.0,21.1,0.298,3.512,3.0,2.832,18.4,24.0,120.549,0.706,24.9,120.299,22.8,09:48:52.323
519,111.0,21.1,0.3,2.756,3.0,3.361,18.8,24.0,119.642,0.641,24.9,119.642,22.8,09:48:53.465
520,111.0,21.1,0.271,3.625,3.0,3.096,18.8,24.0,120.075,0.678,23.5,120.075,22.8,09:48:54.599
521,111.0,21.3,0.288,4.984,3.0,3.625,18.4,24.0,119.852,0.707,23.5,119.852,22.8,09:48:55.737
522,111.0,21.6,0.28,2.908,3.0,3.247,19.3,24.0,120.134,0.651,24.9,120.134,22.8,09:48:56.885
523,111.0,21.1,0.27,2.568,3.0,3.7,19.3,24.0,119.734,0.679,23.5,119.734,22.8,09:48:58.014
524,111.0,21.1,0.283,3.21,3.0,3.776,19.3,24.0,120.135,0.71,24.9,120.135,22.8,09:48:59.167
525,111.0,21.3,0.266,3.285,3.0,2.983,18.4,24.0,120.313,0.621,24.9,120.313,22.8,09:49:00.307
526,111.0,21.1,0.276,2.908,3.0,3.21,18.8,24.0,120.233,0.648,23.5,120.233,22.8,09:49:01.442
527,111.0,21.3,0.28,3.738,3.0,3.247,19.3,24.0,119.629,0.682,23.5,119.629,22.8,09:49:02.582
528,111.0,21.3,0.245,3.361,3.0,3.285,19.3,24.0,120.623,0.63,23.5,120.623,22.8,09:49:03.714
529,111.0,21.8,0.231,3.663,3.0,3.587,19.3,24.0,119.432,0.697,23.5,119.432,22.8,09:49:04.857
530,111.0,21.3,0.28,2.53,3.0,3.436,19.1,24.0,119.52,0.706,23.5,119.52,22.8,09:49:05.994
531,111.0,21.8,0.251,3.965,3.0,3.361,18.6,24.0,120.073,0.631,23.5,120.073,22.8,09:49:07.146
532,111.0,21.6,0.273,3.059,3.0,2.756,18.8,24.0,121.127,0.757,23.5,121.127,22.8,09:49:08.282
533,111.0,21.6,0.266,3.096,3.0,4.229,18.8,24.0,119.846,0.697,23.5,119.846,22.8,09:49:09.432
534,111.0,21.6,0.273,2.681,3.0,2.756,19.1,26.1,119.933,0.651,24.9,119.933,22.8,09:49:10.585
535,111.0,21.3,0.27,2.945,3.0,3.398,19.8,26.0,119.484,0.702,24.9,119.484,22.8,09:49:11.725
536,111.0,21.6,0.251,3.663,3.0,2.228,19.1,26.1,119.663,0.686,25.0,119.663,22.8,09:49:12.865
537,111.0,21.8,0.242,2.832,3.0,2.983,18.6,26.1,121.417,0.649,24.9,121.417,22.8,09:49:14.004
538,111.0,21.6,0.276,3.361,3.0,2.605,18.8,26.0,120.223,0.707,24.9,120.223,22.8,09:49:15.144
539,111.0,21.3,0.316,3.587,3.0,2.794,18.8,26.1,120.05,0.649,24.9,120.05,22.8,09:49:16.291
540,111.0,21.6,0.264,3.021,3.0,3.021,19.3,24.0,119.367,0.682,23.5,119.367,22.8,09:49:17.422
541,111.0,21.3,0.266,3.663,3.0,3.738,18.8,24.0,119.875,0.707,23.5,119.875,22.8,09:49:18.548
542,111.0,21.6,0.27,3.398,3.0,2.945,19.1,24.0,120.013,0.664,23.5,120.013,22.8,09:49:19.689
543,111.0,21.6,0.275,3.323,3.0,2.832,18.8,24.0,119.751,0.664,23.5,119.751,22.8,09:49:20.838
544,111.0,21.6,0.261,2.983,3.0,3.247,19.3,26.1,119.823,0.719,25.0,119.823,22.8,09:49:21.985
545,111.0,22.3,0.299,4.38,3.0,3.323,19.1,26.1,120.016,0.591,25.0,120.016,22.8,09:49:23.126
546,111.0,21.6,0.237,2.719,3.0,3.21,19.3,24.0,121.087,0.688,23.5,121.087,22.8,09:49:24.256
547,111.0,22.0,0.314,3.059,3.0,2.908,18.8,26.1,119.659,0.702,24.9,119.659,22.8,09:49:25.414
548,111.0,22.0,0.245,3.398,3.0,3.172,18.8,26.1,120.146,0.659,23.5,120.146,22.8,09:49:26.552
549,111.0,21.6,0.286,6.117,3.0,3.096,18.6,24.0,120.517,0.712,23.5,120.517,22.8,09:49:27.715
550,111.0,21.6,0.31,4.38,3.0,2.908,19.3,24.0,119.974,0.687,25.0,119.974,22.8,09:49:28.857
551,111.0,21.6,0.284,2.832,3.0,2.832,20.0,24.0,119.847,0.667,23.5,119.847,24.3,09:49:30.026
552,111.0,21.8,0.271,3.398,3.0,3.7,19.1,24.0,120.787,0.702,23.5,120.787,24.3,09:49:31.179
553,111.0,22.0,0.299,3.436,3.0,3.323,18.8,24.0,119.884,0.667,23.5,119.884,24.3,09:49:32.316
554,111.0,21.6,0.261,2.719,3.0,3.059,19.3,26.1,120.024,0.668,23.5,120.024,22.8,09:49:33.469
555,111.0,22.0,0.242,3.247,3.0,3.285,18.8,26.1,119.81,0.724,25.0,119.81,22.8,09:49:34.626
556,111.0,21.8,0.269,3.096,3.0,3.247,18.8,26.1,119.896,0.692,23.5,119.896,22.8,09:49:35.762
557,111.0,21.8,0.304,3.889,3.0,3.134,19.1,26.1,120.298,0.709,23.5,120.298,22.8,09:49:36.902
558,111.0,22.3,0.28,3.549,3.0,3.587,19.3,26.1,119.284,0.659,23.5,119.284,22.8,09:49:38.040
559,111.0,21.6,0.271,2.341,3.0,3.21,19.1,24.0,120.116,0.643,25.0,120.263,22.8,09:49:39.193
560,111.0,22.3,0.341,2.794,3.0,3.134,19.5,26.1,119.919,0.686,23.5,119.919,22.8,09:49:40.329
561,111.0,22.0,0.25,3.776,3.0,2.568,19.1,24.0,120.248,0.712,25.0,120.248,22.8,09:49:41.478
562,111.0,21.8,0.275,3.7,3.0,3.889,18.8,26.1,119.883,0.641,23.5,119.883,22.8,09:49:42.609
563,111.0,22.3,0.273,3.172,3.0,3.549,18.6,26.1,120.056,0.688,23.5,120.056,22.8,09:49:43.752
564,111.0,22.0,0.298,3.549,3.0,3.134,19.1,24.0,120.115,0.631,25.0,120.115,22.8,09:49:44.905
565,111.0,21.8,0.358,2.908,3.0,3.965,19.3,24.0,119.282,0.612,25.0,119.282,22.8,09:49:46.059
566,111.0,22.0,0.288,2.568,3.0,3.587,19.3,24.0,120.072,0.671,25.0,120.072,22.8,09:49:47.190
567,111.0,22.0,0.259,4.078,3.0,2.756,19.3,24.0,120.073,0.696,25.0,120.073,22.8,09:49:48.325
568,111.0,21.6,0.255,2.756,3.0,3.625,19.3,24.0,119.326,0.703,25.0,119.84,22.8,09:49:49.463
569,111.0,21.6,0.273,3.512,3.0,2.983,19.8,24.0,119.917,0.703,25.0,119.917,22.8,09:49:50.598
570,111.0,22.0,0.211,3.247,3.0,3.625,19.5,24.0,119.827,0.654,23.5,119.827,22.8,09:49:51.737
571,111.0,21.8,0.281,3.21,3.0,3.059,19.3,24.0,119.743,0.663,23.5,119.743,22.8,09:49:52.878
572,111.0,22.0,0.238,3.134,3.0,3.663,19.5,24.0,119.302,0.717,23.5,119.302,22.8,09:49:54.019
573,111.0,21.8,0.261,4.644,3.0,3.285,18.8,24.0,120.505,0.648,23.6,120.505,22.8,09:49:55.156
574,111.0,22.5,0.326,3.361,3.0,3.436,19.8,24.0,119.526,0.686,23.5,119.526,22.8,09:49:56.294
575,111.0,22.0,0.328,2.53,3.0,3.059,19.1,24.0,120.411,0.671,25.0,120.411,22.8,09:49:57.445
576,111.0,22.5,0.273,3.587,3.0,3.323,19.1,24.0,120.066,0.624,23.5,120.066,22.8,09:49:58.577
577,111.0,21.8,0.265,3.625,3.0,3.021,19.3,26.1,120.429,0.668,23.5,120.429,22.8,09:49:59.712
578,111.0,22.3,0.291,3.512,3.0,2.643,19.8,26.1,120.341,0.674,23.5,120.341,22.8,09:50:00.851
579,111.0,21.8,0.286,3.436,3.0,3.096,19.3,24.0,120.032,0.651,25.0,120.032,22.8,09:50:02.004
580,111.0,22.3,0.25,5.588,3.0,3.285,19.8,24.0,119.928,0.717,23.5,119.928,22.8,09:50:03.139
581,111.0,21.6,0.284,3.549,3.0,3.21,19.8,24.1,119.991,0.641,23.5,119.991,22.8,09:50:04.289
582,111.0,22.3,0.289,3.738,3.0,3.663,19.3,24.1,119.7,0.656,23.5,119.7,22.8,09:50:05.425
583,111.0,22.3,0.266,2.908,3.0,3.549,19.3,24.0,120.318,0.703,23.6,120.318,22.8,09:50:06.564
584,111.0,22.3,0.275,2.719,3.0,2.87,19.5,24.0,119.942,0.668,23.5,119.942,22.8,09:50:07.701
585,111.0,22.0,0.295,3.625,3.0,2.832,19.5,24.1,120.721,0.674,25.0,120.721,22.8,09:50:08.855
586,111.0,22.3,0.308,2.756,3.0,3.587,20.0,24.1,120.419,0.703,25.0,120.419,22.8,09:50:09.996
587,111.0,21.6,0.275,2.983,3.0,3.625,18.8,24.1,119.735,0.621,25.0,119.735,22.9,09:50:11.137
588,111.0,22.3,0.381,2.908,3.0,2.832,19.5,24.1,119.89,0.66,25.0,119.89,22.9,09:50:12.276
589,111.0,22.3,0.288,3.247,3.0,2.605,19.5,24.1,119.846,0.646,25.0,119.846,22.9,09:50:13.414
590,111.0,22.5,0.281,4.833,3.0,4.267,19.5,24.1,119.233,0.641,25.0,119.233,22.9,09:50:14.564
591,111.0,22.3,0.271,3.096,3.0,3.361,19.1,24.0,120.002,0.724,25.0,120.002,22.9,09:50:15.721
592,111.0,22.3,0.27,3.889,3.0,2.719,18.8,24.1,119.713,0.673,23.6,120.086,22.9,09:50:16.873
593,111.0,22.3,0.26,2.832,3.0,3.285,20.0,24.1,119.999,0.687,25.0,119.999,22.9,09:50:18.001
594,111.0,22.3,0.254,3.247,3.0,3.776,19.8,24.1,120.004,0.691,25.0,120.004,22.9,09:50:19.153
595,111.0,22.0,0.291,2.983,3.0,3.172,19.8,26.1,119.998,0.693,23.6,119.998,22.9,09:50:20.305
596,111.0,22.3,0.25,2.719,3.0,3.927,19.5,24.1,119.438,0.679,23.6,119.438,22.9,09:50:21.438
597,111.0,21.8,0.278,3.814,3.0,3.134,19.8,24.1,121.051,0.703,25.0,121.051,22.9,09:50:22.573
598,111.0,22.0,0.243,3.738,3.0,2.643,19.3,24.1,119.986,0.674,25.0,119.986,22.9,09:50:23.706
599,111.0,22.3,0.31,3.663,3.0,3.625,19.3,24.1,119.365,0.651,25.0,119.365,22.9,09:50:24.851
600,111.0,21.8,0.294,2.643,3.0,3.172,19.5,24.1,119.992,0.729,23.6,119.992,22.9,09:50:25.994
601,111.0,22.0,0.294,3.625,3.0,3.7,19.8,26.2,119.182,0.62,23.6,119.182,22.9,09:50:27.147
602,111.0,22.3,0.291,3.965,3.0,2.87,19.5,26.2,120.033,0.687,23.6,120.033,22.9,09:50:28.282
603,111.0,22.0,0.261,2.568,3.0,3.323,18.8,26.2,119.92,0.709,23.6,119.92,22.9,09:50:29.435
604,111.0,22.3,0.254,3.059,3.0,2.832,18.8,26.2,120.059,0.626,23.6,120.059,24.4,09:50:30.588
605,111.0,22.3,0.293,3.285,3.0,3.134,19.3,24.1,120.272,0.736,23.6,120.272,24.4,09:50:31.739
606,111.0,22.5,0.273,2.87,3.0,2.756,19.8,24.1,119.788,0.724,23.6,119.788,22.9,09:50:32.896
607,111.0,22.5,0.251,3.361,3.0,3.247,20.0,24.1,119.375,0.64,25.0,119.375,22.9,09:50:34.048
608,111.0,22.3,0.288,3.927,3.0,3.814,18.8,24.1,119.94,0.706,23.6,119.94,22.9,09:50:35.180
609,111.0,22.0,0.284,4.04,3.0,3.587,20.0,24.1,120.154,0.658,23.6,120.154,22.9,09:50:36.321
610,111.0,22.3,0.243,2.87,3.0,2.681,19.5,24.1,119.911,0.634,25.0,119.911,22.9,09:50:37.475
611,111.0,22.5,0.294,3.776,3.0,3.814,20.4,24.1,119.736,0.663,23.6,119.736,22.9,09:50:38.613
612,111.0,22.3,0.295,3.247,3.0,3.663,20.0,24.1,119.759,0.658,25.0,119.759,22.9,09:50:39.764
613,111.0,22.5,0.294,3.7,3.0,2.681,20.2,24.1,119.697,0.712,25.0,119.697,22.9,09:50:40.904
614,111.0,22.0,0.255,2.983,3.0,3.172,20.0,26.2,120.449,0.712,23.6,120.449,22.9,09:50:42.059
615,111.0,22.0,0.26,3.474,3.0,3.323,20.0,26.2,119.904,0.574,25.0,119.904,22.9,09:50:43.201
616,111.0,22.3,0.294,4.796,3.0,2.454,19.8,26.2,119.986,0.692,25.0,119.986,23.0,09:50:44.334
617,111.0,22.3,0.283,2.756,3.0,2.605,19.1,24.1,120.309,0.743,25.0,120.309,22.9,09:50:45.455
618,111.0,22.7,0.286,4.154,3.0,3.21,19.8,24.1,119.725,0.624,25.0,119.725,22.9,09:50:46.598
619,111.0,22.5,0.242,3.096,3.0,3.549,19.8,24.1,121.404,0.686,25.0,121.404,22.9,09:50:47.734
620,111.0,22.3,0.316,3.663,3.0,2.719,19.3,24.2,119.804,0.631,25.0,119.804,23.0,09:50:48.875
621,111.0,22.3,0.256,3.398,3.0,3.096,19.8,26.2,119.893,0.593,25.0,119.893,23.0,09:50:50.041
622,111.0,22.7,0.276,3.172,3.0,3.587,19.8,26.2,120.07,0.706,25.0,120.07,23.0,09:50:51.182
623,111.0,22.9,0.27,3.436,3.0,3.21,19.5,26.2,120.475,0.651,25.0,120.475,23.0,09:50:52.317
624,111.0,22.7,0.243,2.568,3.0,2.605,20.2,26.2,120.187,0.681,25.0,120.187,23.0,09:50:53.453
625,111.0,22.7,0.25,3.852,3.0,3.021,19.8,26.2,120.045,0.719,25.0,120.045,23.0,09:50:54.596
626,111.0,22.5,0.299,2.756,3.0,3.927,19.5,26.2,120.099,0.691,23.6,120.099,23.0,09:50:55.752
627,111.0,22.3,0.28,3.21,3.0,2.945,19.8,26.2,120.025,0.664,23.6,120.025,23.0,09:50:56.902
628,111.0,22.7,0.294,2.983,3.0,3.134,20.2,24.1,120.233,0.701,23.6,120.233,24.4,09:50:58.060
629,111.0,22.3,0.291,2.492,3.0,3.21,19.5,24.1,120.182,0.636,23.6,120.182,24.5,09:50:59.194
630,111.0,22.5,0.269,3.247,3.0,2.87,20.0,24.2,120.052,0.701,23.6,120.052,23.0,09:51:00.360
631,111.0,22.5,0.276,2.87,3.0,2.983,20.4,24.1,119.788,0.653,23.6,119.788,23.0,09:51:01.511
632,111.0,22.5,0.26,3.398,3.0,2.908,19.8,24.2,121.029,0.638,23.6,121.029,23.0,09:51:02.649
633,111.0,22.9,0.291,3.172,3.0,3.096,20.4,26.2,120.112,0.714,25.0,120.112,23.0,09:51:03.821
634,111.0,22.3,0.266,2.87,3.0,2.983,20.2,26.2,120.388,0.688,23.6,120.388,23.0,09:51:04.969
635,111.0,22.3,0.326,3.474,3.0,3.021,20.2,26.2,120.105,0.602,25.0,120.105,23.0,09:51:06.095
636,111.0,22.0,0.338,3.663,3.0,2.87,19.8,26.2,120.098,0.693,25.0,120.098,23.0,09:51:07.235
637,111.0,22.7,0.26,3.7,3.0,2.87,20.7,26.2,120.73,0.673,25.0,120.73,23.0,09:51:08.364
638,111.0,22.7,0.238,3.361,3.0,2.794,19.8,26.2,121.335,0.641,25.0,121.335,23.0,09:51:09.509
639,111.0,22.5,0.291,3.398,3.0,3.398,19.5,26.2,120.283,0.682,25.0,120.283,23.0,09:51:10.665
640,111.0,22.7,0.28,3.134,3.0,2.945,20.4,26.2,119.935,0.676,25.0,119.935,23.0,09:51:11.803
641,111.0,22.7,0.317,2.87,3.0,3.474,20.4,24.2,119.52,0.649,23.6,119.52,23.0,09:51:12.956
642,111.0,22.7,0.288,3.965,3.0,3.512,20.2,24.2,120.063,0.698,23.6,120.063,23.0,09:51:14.111
643,111.0,22.5,0.245,3.059,3.0,3.587,19.8,24.2,120.219,0.641,23.6,120.219,23.0,09:51:15.245
644,111.0,22.7,0.25,2.643,3.0,2.832,20.7,24.2,120.592,0.739,23.6,120.592,23.0,09:51:16.381
645,111.0,22.7,0.278,2.794,3.0,3.512,20.0,24.2,119.304,0.731,23.6,119.304,23.0,09:51:17.518
646,111.0,22.7,0.327,3.663,3.0,3.21,20.4,24.2,119.725,0.629,23.6,119.725,23.0,09:51:18.663
647,111.0,22.7,0.288,4.229,3.0,3.474,19.3,24.2,119.289,0.71,25.0,119.289,23.0,09:51:19.801
648,111.0,22.7,0.266,2.908,3.0,3.021,20.4,24.1,119.871,0.712,23.6,119.871,23.0,09:51:20.950
649,111.0,22.7,0.243,4.607,3.0,3.738,19.8,24.2,120.036,0.643,23.6,120.036,24.5,09:51:22.116
650,111.0,22.9,0.35,2.832,3.0,3.776,20.4,24.2,119.855,0.676,23.6,119.855,24.5,09:51:23.252
651,111.0,22.9,0.289,2.756,3.0,2.983,20.0,24.2,119.873,0.684,23.6,119.873,24.5,09:51:24.386
652,111.0,22.7,0.273,2.945,3.0,2.605,20.4,24.2,119.761,0.651,23.6,119.761,23.0,09:51:25.522
653,111.0,22.7,0.309,2.908,3.0,3.247,20.2,24.2,120.609,0.696,23.6,120.609,24.5,09:51:26.671
654,111.0,22.7,0.26,2.87,3.0,3.285,20.4,24.2,120.015,0.638,23.6,120.015,24.5,09:51:27.820
655,111.0,22.7,0.254,2.756,3.0,3.323,20.4,24.2,119.892,0.688,23.6,119.892,24.5,09:51:28.959
656,111.0,22.7,0.299,3.247,3.0,3.512,19.8,26.2,119.924,0.719,23.6,119.924,23.0,09:51:30.113
657,111.0,22.7,0.276,4.418,3.0,2.719,20.4,26.2,120.793,0.625,23.6,120.793,23.0,09:51:31.266
658,111.0,22.7,0.283,3.323,3.0,3.361,20.4,26.2,119.29,0.691,23.6,119.29,23.0,09:51:32.412
659,111.0,22.9,0.265,3.663,3.0,3.852,20.0,24.2,119.87,0.691,25.0,119.87,23.0,09:51:33.566
660,111.0,22.7,0.278,3.21,3.0,2.87,20.0,24.2,120.228,0.669,25.0,120.228,23.0,09:51:34.707
661,111.0,22.9,0.305,3.436,3.0,2.794,20.4,24.2,119.997,0.719,23.6,119.997,23.0,09:51:35.871
662,111.0,22.7,0.276,2.568,3.0,4.305,19.3,24.2,120.778,0.707,23.6,120.778,23.0,09:51:37.006
663,111.0,22.7,0.269,2.87,3.0,3.738,20.4,24.2,119.694,0.669,25.0,119.694,23.1,09:51:38.141
664,111.0,23.2,0.273,3.059,3.0,2.643,20.4,24.2,120.313,0.706,25.0,120.313,23.0,09:51:39.283
665,111.0,23.2,0.281,2.983,3.0,2.983,19.8,24.2,119.652,0.681,25.0,119.652,23.1,09:51:40.419
666,111.0,22.7,0.314,2.945,3.0,2.643,20.4,24.2,120.799,0.616,23.6,120.799,23.1,09:51:41.573
667,111.0,22.7,0.3,3.927,3.0,3.134,20.2,24.2,120.092,0.669,23.6,120.092,23.1,09:51:42.722
668,111.0,22.7,0.269,3.814,3.0,3.247,20.2,24.2,119.583,0.679,23.6,119.583,23.1,09:51:43.861
669,111.0,23.2,0.269,2.605,3.0,3.927,19.8,24.2,119.483,0.64,23.6,119.483,23.1,09:51:44.997
670,111.0,23.2,0.316,3.7,3.0,3.323,20.4,24.2,119.781,0.646,25.0,119.781,23.1,09:51:46.133
671,111.0,23.2,0.28,4.078,3.0,3.247,20.4,24.2,120.763,0.653,23.6,120.763,23.1,09:51:47.286
672,111.0,22.9,0.269,2.568,3.0,2.908,20.4,26.2,120.045,0.709,23.6,120.045,24.6,09:51:48.444
673,111.0,23.2,0.28,3.512,3.0,2.908,20.2,26.2,120.156,0.71,23.6,120.156,23.1,09:51:49.593
674,111.0,22.7,0.275,3.172,3.0,2.832,20.9,26.2,120.564,0.631,23.6,120.564,24.5,09:51:50.732
675,111.0,22.7,0.283,3.059,3.0,3.059,20.2,26.3,120.799,0.701,23.6,120.799,23.1,09:51:51.887
676,111.0,22.9,0.216,3.398,3.0,2.756,20.4,26.3,119.904,0.664,23.6,119.904,23.1,09:51:53.025
677,111.0,23.2,0.281,3.285,3.0,4.078,20.7,24.2,119.539,0.654,23.6,119.539,23.1,09:51:54.181
678,111.0,22.7,0.245,3.134,3.0,2.341,20.4,24.2,119.951,0.709,25.0,119.951,23.1,09:51:55.351
679,111.0,22.7,0.278,3.21,3.0,3.096,20.4,24.2,120.124,0.679,23.6,120.124,23.1,09:51:56.506
680,111.0,22.7,0.288,3.361,3.0,3.398,20.4,24.2,119.744,0.654,23.6,119.744,23.1,09:51:57.644
681,111.0,22.5,0.336,3.587,3.0,3.059,20.9,26.2,119.781,0.706,23.6,119.781,24.6,09:51:58.809
682,111.0,23.2,0.294,2.303,3.0,2.87,19.8,26.3,119.966,0.668,23.6,119.966,24.6,09:51:59.947
683,111.0,22.7,0.243,3.059,3.0,3.21,19.8,26.3,119.915,0.658,23.6,119.915,24.6,09:52:01.079
684,111.0,22.7,0.28,3.663,3.0,3.549,20.4,26.3,119.895,0.702,23.6,119.895,23.1,09:52:02.234
685,111.0,22.9,0.281,2.908,3.0,2.756,20.4,24.2,120.352,0.697,23.6,120.352,23.1,09:52:03.384
686,111.0,22.7,0.305,3.738,3.0,3.889,20.7,24.2,119.798,0.625,25.0,119.798,23.1,09:52:04.533
687,111.0,23.4,0.261,5.362,3.0,4.154,20.9,24.2,118.972,0.706,23.6,118.972,23.1,09:52:05.670
688,111.0,22.9,0.313,3.172,3.0,3.059,20.7,24.2,120.101,0.636,23.6,120.101,23.1,09:52:06.820
689,111.0,22.7,0.281,2.983,3.0,2.983,19.8,24.2,119.968,0.709,25.0,119.968,23.1,09:52:07.976
690,111.0,23.2,0.237,4.342,3.0,3.285,20.9,24.2,120.363,0.668,25.0,120.363,23.1,09:52:09.114
691,111.0,22.7,0.273,3.776,3.0,3.285,21.1,24.2,119.481,0.613,25.1,119.481,23.1,09:52:10.268
692,111.0,23.6,0.348,3.7,3.0,3.436,20.4,26.3,119.763,0.696,23.6,119.64,23.1,09:52:11.421
693,111.0,23.2,0.308,4.04,3.0,3.361,19.8,26.2,119.636,0.663,23.6,119.636,24.6,09:52:12.579
694,111.0,23.2,0.303,3.21,3.0,3.549,20.4,24.2,120.034,0.605,23.6,120.034,23.1,09:52:13.733
695,111.0,23.4,0.254,2.908,3.0,2.719,20.4,24.2,120.138,0.691,23.6,120.138,23.1,09:52:14.889
696,111.0,22.9,0.256,3.172,3.0,3.474,20.0,24.2,119.436,0.61,23.6,119.436,23.1,09:52:16.024
697,111.0,22.9,0.236,5.022,3.0,4.493,20.7,24.2,121.612,0.726,25.0,121.612,23.1,09:52:17.175
698,111.0,23.2,0.284,3.587,3.0,2.87,20.9,24.2,120.201,0.712,25.0,120.201,23.1,09:52:18.328
699,111.0,23.2,0.265,2.908,3.0,3.285,20.4,24.2,119.45,0.613,25.0,119.45,23.1,09:52:19.467
700,111.0,23.2,0.284,3.663,3.0,3.21,20.4,24.2,119.813,0.712,23.6,119.813,23.1,09:52:20.631
701,111.0,23.2,0.284,3.663,3.0,4.796,20.7,26.2,118.879,0.735,23.6,118.879,24.6,09:52:21.799
702,111.0,23.4,0.266,2.983,3.0,4.305,20.4,26.2,118.816,0.66,23.6,118.816,24.6,09:52:22.937
703,111.0,22.9,0.245,4.493,3.0,2.832,20.4,24.2,120.03,0.709,23.6,120.03,23.1,09:52:24.091
704,111.0,23.2,0.28,3.398,3.0,3.512,20.4,24.2,119.979,0.654,23.6,119.979,23.1,09:52:25.239
705,111.0,23.2,0.293,3.814,3.0,2.87,20.4,24.2,119.91,0.651,25.1,119.91,23.1,09:52:26.388
706,111.0,22.9,0.264,3.965,3.0,3.323,20.4,24.2,120.096,0.734,23.6,120.096,23.1,09:52:27.558
707,111.0,23.4,0.295,3.361,3.0,3.323,21.1,24.2,119.938,0.659,23.6,119.938,23.1,09:52:28.702
708,111.0,23.2,0.293,3.738,3.0,2.643,20.4,26.2,119.963,0.673,23.6,119.963,24.6,09:52:29.857
709,111.0,22.9,0.266,3.21,3.0,2.794,20.7,24.2,119.812,0.715,23.6,119.812,23.1,09:52:31.013
710,111.0,23.2,0.261,3.361,3.0,3.549,19.8,24.1,120.158,0.687,23.6,120.158,23.1,09:52:32.164
711,111.0,23.2,0.295,3.021,3.0,3.663,20.2,24.2,120.349,0.697,23.6,120.349,23.1,09:52:33.319
712,111.0,23.2,0.283,2.983,3.0,2.945,20.7,24.2,119.874,0.703,25.1,119.874,23.1,09:52:34.468
713,111.0,23.2,0.269,4.116,3.0,3.21,20.4,24.2,120.056,0.649,23.6,120.056,23.1,09:52:35.628
714,111.0,23.2,0.286,2.87,3.0,2.983,20.9,26.3,119.903,0.717,23.6,119.903,23.1,09:52:36.775
715,111.0,22.9,0.264,3.512,3.0,3.474,20.7,26.2,120.021,0.671,23.6,120.021,23.1,09:52:37.928
716,111.0,23.2,0.281,3.852,3.0,3.172,20.9,24.2,119.891,0.645,23.6,119.891,24.5,09:52:39.081
717,111.0,23.2,0.299,3.965,3.0,4.267,20.9,24.2,119.972,0.702,23.6,119.972,24.5,09:52:40.228
718,111.0,23.2,0.299,3.21,3.0,3.512,20.4,24.2,120.113,0.698,23.6,120.113,23.1,09:52:41.379
719,111.0,23.4,0.25,4.116,3.0,3.361,20.4,24.2,120.248,0.646,25.1,120.248,23.1,09:52:42.541
720,111.0,23.2,0.319,3.247,3.0,3.134,21.1,24.2,121.006,0.712,25.1,121.006,23.1,09:52:43.694
721,111.0,23.4,0.261,4.607,3.0,3.361,20.4,24.2,120.133,0.667,25.1,120.133,23.1,09:52:44.822
722,111.0,23.2,0.254,2.794,3.0,3.814,21.3,24.2,119.83,0.687,25.1,119.83,23.1,09:52:45.970
723,111.0,23.2,0.278,3.587,3.0,3.663,20.0,24.2,119.979,0.73,25.1,119.979,23.1,09:52:47.117
724,111.0,23.2,0.284,3.323,3.0,3.21,21.1,26.2,119.976,0.656,23.6,119.976,23.1,09:52:48.268
725,111.0,23.4,0.273,3.474,3.0,3.814,20.4,24.2,119.972,0.712,23.6,119.972,24.5,09:52:49.423
726,111.0,23.2,0.286,3.285,3.0,3.738,20.7,24.2,119.897,0.692,23.6,119.897,23.1,09:52:50.587
727,111.0,22.7,0.31,3.965,3.0,3.436,20.9,24.2,120.029,0.631,23.6,120.029,23.1,09:52:51.737
728,111.0,23.2,0.275,4.078,3.0,2.87,20.7,24.2,119.854,0.684,25.0,119.854,23.1,09:52:52.891
729,111.0,23.6,0.265,4.72,3.0,5.022,20.9,24.2,119.6,0.717,25.1,119.6,23.1,09:52:54.045
730,111.0,23.8,0.286,4.493,3.0,3.021,20.0,26.2,121.778,0.654,23.6,121.778,23.1,09:52:55.211
731,111.0,23.6,0.303,3.398,3.0,2.983,21.1,24.2,119.866,0.658,23.6,119.866,24.5,09:52:56.366
732,111.0,23.2,0.245,2.794,3.0,2.756,20.2,24.2,119.826,0.673,23.6,119.826,23.1,09:52:57.521
733,111.0,23.2,0.283,4.154,3.0,3.927,21.1,24.2,120.225,0.686,23.6,120.225,23.1,09:52:58.675
734,111.0,23.6,0.275,3.814,3.0,2.945,20.9,26.2,119.578,0.697,23.6,119.578,23.1,09:52:59.845
735,111.0,23.2,0.255,2.832,3.0,3.549,20.4,26.2,119.842,0.658,23.6,119.842,23.1,09:53:00.999
736,111.0,23.8,0.255,3.663,3.0,3.587,20.4,24.2,119.637,0.717,23.6,119.637,24.5,09:53:02.154
737,111.0,23.8,0.25,3.285,3.0,3.965,20.4,24.2,121.642,0.674,23.6,121.642,23.1,09:53:03.319
738,111.0,23.8,0.275,3.134,3.0,4.04,20.4,24.2,119.371,0.63,23.6,119.371,23.1,09:53:04.466
739,111.0,23.6,0.295,4.72,3.0,3.587,20.4,24.2,120.036,0.724,25.1,120.036,23.1,09:53:05.618
740,111.0,23.8,0.284,3.172,3.0,2.983,20.9,26.2,120.061,0.72,25.0,120.061,23.1,09:53:06.770
741,111.0,23.8,0.264,3.474,3.0,4.305,20.9,26.2,119.006,0.653,23.6,119.006,23.1,09:53:07.927
742,111.0,23.4,0.254,4.871,3.0,3.361,20.9,24.2,120.035,0.741,23.6,120.035,24.5,09:53:09.096
743,111.0,23.8,0.336,3.21,3.0,3.738,20.7,24.2,119.911,0.679,23.6,119.911,23.1,09:53:10.245
744,111.0,23.8,0.24,4.078,3.0,3.021,20.7,24.2,119.793,0.651,23.6,119.793,23.1,09:53:11.401
745,111.0,23.6,0.286,4.003,3.0,3.965,20.9,26.2,119.956,0.703,25.1,119.956,23.1,09:53:12.566
746,111.0,23.4,0.342,3.512,3.0,4.909,20.4,24.2,119.088,0.658,23.6,119.088,23.1,09:53:13.723
747,111.0,23.8,0.222,3.474,3.0,3.096,20.4,24.2,119.488,0.492,23.6,119.488,24.5,09:53:14.880
748,111.0,23.6,0.283,4.342,3.0,2.681,20.9,24.2,119.79,0.679,23.6,119.79,23.1,09:53:16.035
749,111.0,24.1,0.275,4.191,3.0,3.587,20.7,24.2,119.274,0.638,25.0,119.274,23.1,09:53:17.192
750,111.0,23.6,0.273,5.928,3.0,2.53,20.7,24.2,119.907,0.651,25.0,119.907,23.1,09:53:18.341
751,111.0,23.8,0.27,2.756,3.0,3.587,20.9,26.2,120.293,0.726,25.0,120.293,23.1,09:53:19.501
752,111.0,23.4,0.273,3.965,3.0,3.738,20.4,26.2,119.837,0.616,23.6,119.837,23.1,09:53:20.651
753,111.0,23.6,0.271,3.134,3.0,3.927,21.3,24.1,119.084,0.493,23.6,119.084,24.5,09:53:21.808
754,111.0,23.8,0.27,3.398,3.0,3.021,21.3,24.2,119.93,0.684,23.6,119.93,23.1,09:53:22.975
755,111.0,24.1,0.276,3.096,3.0,3.474,20.9,24.2,119.942,0.582,25.0,119.942,23.1,09:53:24.128
756,111.0,23.6,0.313,5.098,3.0,2.87,20.7,26.2,120.055,0.674,25.0,120.055,23.1,09:53:25.280
757,111.0,23.6,0.256,3.436,3.0,3.7,20.7,26.2,119.916,0.71,25.1,119.916,23.1,09:53:26.429
758,111.0,23.8,0.256,3.21,3.0,3.172,20.9,26.2,121.724,0.588,23.6,121.724,23.1,09:53:27.581
759,111.0,23.6,0.275,4.078,3.0,3.852,21.1,24.2,119.967,0.525,23.6,119.967,23.1,09:53:28.732
760,111.0,23.6,0.266,3.625,3.0,2.945,21.1,24.2,119.978,0.669,23.6,119.978,24.6,09:53:29.881
761,111.0,23.8,0.266,3.134,3.0,3.927,21.3,24.2,119.313,0.701,23.6,119.313,24.6,09:53:31.029
762,111.0,23.8,0.261,3.398,3.0,3.852,20.9,24.2,120.367,0.673,23.6,120.367,23.1,09:53:32.183
763,111.0,23.8,0.275,3.663,3.0,2.643,21.1,24.2,119.989,0.712,23.6,119.989,23.1,09:53:33.333
764,111.0,23.8,0.265,3.965,3.0,3.549,21.6,24.2,119.661,0.425,23.6,119.661,23.1,09:53:34.482
765,111.0,23.4,0.293,3.361,3.0,3.512,20.4,26.2,120.013,0.649,25.0,120.013,23.1,09:53:35.634
766,111.0,24.1,0.283,4.456,3.0,3.436,20.9,26.2,120.142,0.526,25.0,120.142,23.1,09:53:36.784
767,111.0,24.1,0.286,2.983,3.0,3.512,20.9,24.2,120.087,0.648,23.6,120.087,23.1,09:53:37.938
768,111.0,23.8,0.28,3.738,3.0,3.398,21.1,24.2,119.825,0.681,23.6,119.825,24.6,09:53:39.094
769,111.0,23.8,0.289,3.361,3.0,4.342,20.9,24.1,119.493,0.621,23.6,119.493,24.6,09:53:40.245
770,111.0,24.1,0.291,3.323,3.0,3.663,21.3,24.1,119.576,0.496,23.6,119.576,23.1,09:53:41.400
771,111.0,23.4,0.269,3.323,3.0,3.776,20.9,26.2,119.835,0.573,25.0,119.835,23.1,09:53:42.566
772,111.0,23.6,0.276,3.134,3.0,3.512,20.9,24.1,120.22,0.563,23.6,120.22,23.1,09:53:43.731
773,111.0,24.1,0.259,2.945,3.0,3.927,21.1,24.1,120.093,0.629,23.6,120.093,24.6,09:53:44.885
774,111.0,23.8,0.278,3.927,3.0,3.512,20.7,24.1,119.868,0.676,23.6,119.868,24.6,09:53:46.039
775,111.0,23.6,0.236,2.908,3.0,3.474,20.9,26.2,119.985,0.403,23.6,119.985,23.1,09:53:47.207
776,111.0,23.8,0.275,3.738,3.0,3.096,21.1,26.2,119.995,0.518,25.0,119.995,23.1,09:53:48.356
777,111.0,23.8,0.275,3.134,3.0,3.549,21.6,24.1,119.841,0.492,23.6,119.841,23.1,09:53:49.524
778,111.0,23.8,0.261,2.794,3.0,4.305,21.3,24.1,119.152,0.581,23.6,119.152,24.6,09:53:50.695
779,111.0,23.8,0.238,4.493,3.0,2.643,21.8,24.1,119.864,0.681,23.6,119.864,23.1,09:53:51.843
780,111.0,24.3,0.247,2.87,3.0,3.663,21.1,26.2,119.735,0.62,25.0,119.735,23.1,09:53:53.010
781,111.0,23.8,0.291,4.229,3.0,3.587,21.6,24.1,119.919,0.454,25.0,119.919,23.1,09:53:54.160
782,111.0,23.8,0.248,3.21,3.0,3.21,21.6,24.1,120.072,0.535,25.0,120.072,23.1,09:53:55.311
783,111.0,24.3,0.26,3.021,3.0,3.285,21.6,24.1,120.251,0.571,23.6,120.251,23.1,09:53:56.462
784,111.0,23.8,0.338,3.663,3.0,3.852,20.9,24.1,119.839,0.625,23.6,119.839,23.1,09:53:57.610
785,111.0,24.3,0.273,3.172,3.0,3.398,20.7,24.1,119.874,0.621,23.6,119.874,24.6,09:53:58.760
786,111.0,23.6,0.271,3.134,3.0,3.663,20.9,26.2,119.932,0.465,23.6,119.932,23.1,09:53:59.933
787,111.0,24.1,0.269,3.965,3.0,4.154,21.3,24.1,120.125,0.387,23.6,120.125,23.1,09:54:01.115
788,111.0,23.8,0.288,3.398,3.0,3.625,21.3,24.1,120.072,0.441,23.6,120.072,24.6,09:54:02.267
789,111.0,23.8,0.238,3.776,3.0,3.398,21.3,24.1,119.698,0.511,23.6,119.698,24.6,09:54:03.417
790,111.0,24.1,0.261,3.247,3.0,3.436,21.6,26.2,119.865,0.383,23.6,119.865,23.1,09:54:04.583
791,111.0,24.1,0.243,4.456,3.0,4.04,21.6,24.1,120.782,0.443,25.0,120.782,23.1,09:54:05.732
792,111.0,24.1,0.237,4.154,3.0,3.889,21.6,24.1,119.653,0.381,25.0,119.653,23.1,09:54:06.880
793,111.0,24.3,0.3,3.134,3.0,4.116,20.9,24.1,120.257,0.42,25.0,120.257,23.1,09:54:08.032
794,111.0,23.8,0.242,3.587,3.0,4.38,21.3,24.1,119.94,0.232,25.0,119.94,23.1,09:54:09.181
795,111.0,24.1,0.248,3.436,3.0,2.417,21.6,24.1,120.735,0.121,23.6,120.735,23.1,09:54:10.337
796,111.0,23.8,0.237,3.172,3.0,3.021,21.6,24.2,120.242,0.303,23.6,120.242,24.6,09:54:11.487
797,111.0,24.3,0.24,3.436,3.0,3.852,21.6,26.2,119.992,0.387,23.6,119.992,23.1,09:54:12.643
798,111.0,24.3,0.24,3.663,3.0,3.21,21.3,26.2,120.113,0.265,23.6,120.113,23.1,09:54:13.799
799,111.0,24.3,0.28,2.794,3.0,3.625,21.3,24.1,120.124,0.431,25.0,120.124,23.2,09:54:14.965
800,111.0,24.3,0.265,3.738,3.0,4.116,21.6,24.2,119.996,0.226,23.6,119.996,23.1,09:54:16.112
801,111.0,24.3,0.275,2.983,3.0,3.663,20.9,24.1,120.177,0.059,23.6,120.177,23.1,09:54:17.265
802,111.0,24.3,0.245,3.172,3.0,2.908,21.6,24.1,120.069,0.317,23.6,120.069,24.6,09:54:18.414
803,111.0,24.3,0.273,3.096,3.0,3.398,21.8,26.2,120.08,0.239,23.6,120.08,23.1,09:54:19.580
804,111.0,23.8,0.273,3.852,3.0,4.078,21.3,24.2,119.554,0.348,23.6,119.554,23.1,09:54:20.733
805,111.0,24.1,0.232,2.87,3.0,2.719,21.1,24.1,119.865,0.367,23.6,119.865,23.1,09:54:21.882
806,111.0,24.1,0.242,2.87,3.0,2.794,21.6,24.2,119.914,0.093,25.0,119.914,23.1,09:54:23.031
807,111.0,24.3,0.259,3.549,3.0,4.154,21.3,24.2,119.697,0.298,25.0,119.697,23.1,09:54:24.174
808,111.0,24.1,0.266,3.398,3.0,2.908,21.3,24.2,119.941,0.322,23.6,119.941,23.1,09:54:25.323
809,111.0,23.8,0.242,2.908,3.0,3.323,21.3,24.2,119.767,0.239,23.6,119.767,23.1,09:54:26.487
810,111.0,24.3,0.251,3.549,3.0,3.247,21.8,26.2,120.048,0.249,23.6,120.048,24.6,09:54:27.637
811,111.0,23.8,0.27,3.587,3.0,3.059,21.1,26.2,119.731,0.253,23.6,119.731,23.1,09:54:28.793
