Log,mixer_temperature_Funnel_outlet,mixer_temperature_Funnel,mixer_pressure,cp_pressure,cp_temperature,mixer_motor_temperature_M1,mixer_temperature_Funnel_plate,mixer_speed_M2,ac_flowrate,cp_flowrate,mixer_torque_M1,mixer_torque_M2,mixer_motor_temperature_M2,mixer_speed_M1,Time
1,25.3,26.2,0.26,0.533,0.0,18.8,24.9,9.581,112.2,3.0,0.831,1.171,20.7,9.581,10:46:42.894
2,25.3,24.8,0.186,0.501,0.0,18.6,26.3,9.561,112.2,3.0,1.397,1.208,21.1,9.561,10:46:44.014
3,25.3,24.7,0.319,0.577,0.0,18.8,24.9,9.68,112.2,3.0,0.831,1.133,20.9,9.68,10:46:45.136
4,27.4,24.8,0.242,0.56,0.0,18.6,24.9,9.576,112.2,3.0,1.095,1.246,21.1,9.576,10:46:46.235
5,25.4,24.7,0.286,0.479,0.0,18.8,24.9,9.588,112.2,3.0,1.322,1.095,20.7,9.588,10:46:47.340
6,27.4,24.8,0.317,0.559,0.0,19.3,24.9,9.581,112.2,3.0,1.359,0.831,20.7,9.581,10:46:48.441
7,25.3,24.7,0.186,0.541,0.0,19.5,26.3,9.517,112.2,3.0,1.057,1.208,21.1,9.517,10:46:49.545
8,25.3,26.2,0.226,0.501,0.0,19.3,24.9,9.634,112.2,3.0,1.02,0.642,21.1,9.634,10:46:50.650
9,27.4,24.8,0.212,0.511,0.0,19.3,24.9,9.678,112.2,3.0,0.793,1.284,21.3,9.678,10:46:51.758
10,25.3,24.8,0.223,0.524,0.0,18.8,24.9,9.622,112.2,3.0,0.868,1.284,20.9,9.622,10:46:52.861
11,25.3,26.2,0.231,0.518,0.0,19.8,24.9,9.661,112.2,3.0,1.322,1.964,20.7,9.661,10:46:53.985
12,25.4,24.7,0.217,0.524,0.0,18.8,26.3,9.603,112.2,3.0,1.359,2.568,20.4,9.603,10:46:55.088
13,25.4,24.8,0.237,0.568,0.0,19.3,24.9,9.611,112.2,3.0,1.359,1.246,20.7,9.611,10:46:56.192
14,27.4,24.7,0.232,0.505,0.0,19.1,24.9,9.626,112.2,3.0,1.246,1.473,20.7,9.626,10:46:57.304
15,25.3,24.8,0.259,0.507,0.0,19.3,26.3,9.6,112.2,3.0,1.359,1.359,20.7,9.6,10:46:58.412
16,25.3,24.8,0.193,0.524,0.0,18.8,24.9,9.559,112.2,3.0,0.982,1.208,20.9,9.559,10:46:59.518
17,25.3,24.8,0.28,0.483,0.0,18.6,26.3,9.555,112.2,3.0,1.435,1.057,20.7,9.555,10:47:00.622
18,25.3,26.2,0.129,0.529,0.0,18.6,24.9,9.447,112.2,3.0,1.322,1.548,20.4,9.447,10:47:01.722
19,27.4,24.7,0.227,0.507,0.0,19.3,24.9,9.532,112.2,3.0,1.171,1.926,20.7,9.532,10:47:02.842
20,25.3,24.8,0.216,0.498,0.0,19.1,26.3,9.658,112.2,3.0,1.284,1.435,20.7,9.658,10:47:03.951
21,25.4,24.8,0.386,0.612,0.0,19.3,24.9,9.692,112.2,3.0,0.944,1.322,21.1,9.692,10:47:05.054
22,27.4,24.7,0.227,0.574,0.0,19.3,24.9,9.504,112.2,3.0,1.397,1.435,20.9,9.504,10:47:06.160
23,25.4,24.8,0.289,0.511,0.0,19.3,26.3,9.65,112.2,3.0,1.473,1.548,20.9,9.65,10:47:07.265
24,25.3,26.2,0.427,0.51,0.0,18.8,24.9,9.577,112.2,3.0,1.473,1.473,20.7,9.577,10:47:08.367
25,25.3,24.7,0.24,0.465,0.0,18.6,26.3,9.576,112.2,3.0,1.133,1.057,20.4,9.576,10:47:09.468
26,25.3,24.8,0.201,0.565,0.0,18.8,24.9,9.632,112.2,3.0,1.208,1.548,21.1,9.632,10:47:10.585
27,27.4,24.7,0.137,0.53,0.0,19.3,24.9,9.611,112.2,3.0,1.51,1.322,20.4,9.611,10:47:11.691
28,25.3,24.8,0.219,0.524,0.0,19.1,26.3,9.552,112.2,3.0,1.322,1.473,20.7,9.552,10:47:12.797
29,25.4,24.8,0.238,0.502,0.0,19.1,24.9,9.646,112.2,3.0,0.982,1.246,21.1,9.646,10:47:13.915
30,27.4,24.8,0.201,0.521,0.0,18.6,24.9,9.584,112.2,3.0,1.095,0.982,20.2,9.584,10:47:15.024
31,25.4,24.7,0.226,0.543,0.0,18.8,24.9,9.576,112.2,3.0,0.906,1.548,20.7,9.576,10:47:16.128
32,25.3,26.2,0.338,0.574,0.0,19.3,24.9,9.61,112.2,3.0,1.284,1.51,20.7,9.61,10:47:17.229
33,27.4,24.8,0.367,0.577,0.0,18.6,26.3,9.761,112.2,3.0,1.02,1.435,20.9,9.761,10:47:18.335
34,25.3,26.2,0.212,0.56,0.0,18.8,24.9,9.475,112.2,3.0,1.359,2.115,21.1,9.475,10:47:19.442
35,27.4,24.7,0.238,0.564,0.0,18.8,24.9,9.644,112.2,3.0,1.397,1.812,20.7,9.644,10:47:20.545
36,25.4,24.7,0.289,0.486,0.0,19.3,24.9,9.614,112.2,3.0,1.624,1.51,20.4,9.614,10:47:21.646
37,27.4,24.7,0.265,0.505,0.0,18.4,24.9,9.622,112.2,3.0,0.982,1.473,21.3,9.622,10:47:22.751
38,25.4,24.8,0.198,0.564,0.0,19.3,24.9,9.499,112.2,3.0,1.133,0.944,20.7,9.499,10:47:23.851
39,25.4,26.2,0.208,0.54,0.0,19.3,24.9,9.562,112.2,3.0,1.586,1.246,21.1,9.562,10:47:24.951
40,27.4,24.8,0.26,0.613,0.0,18.6,26.3,9.673,112.2,3.0,0.868,1.661,20.9,9.673,10:47:26.056
41,25.4,24.7,0.236,0.53,0.0,19.3,24.9,9.65,112.2,3.0,1.02,1.095,20.9,9.65,10:47:27.165
42,27.4,24.8,0.284,0.544,0.0,19.3,24.9,9.637,112.2,3.0,1.095,1.699,20.2,9.637,10:47:28.270
43,25.3,24.7,0.247,0.631,0.0,18.6,26.3,9.599,112.2,3.0,0.868,1.586,20.4,9.599,10:47:29.375
44,25.3,26.2,0.261,0.551,0.0,19.5,24.9,9.584,112.2,3.0,1.397,1.284,20.9,9.584,10:47:30.481
45,27.4,24.7,0.232,0.496,0.0,18.8,26.3,9.508,112.2,3.0,2.039,1.586,21.1,9.508,10:47:31.585
46,25.4,26.2,0.271,0.454,0.0,18.8,24.9,9.602,112.2,3.0,1.359,2.379,20.4,9.602,10:47:32.687
47,27.4,24.8,0.319,0.538,0.0,18.8,26.3,9.634,112.2,3.0,1.661,1.548,20.7,9.634,10:47:33.788
48,27.5,24.7,0.209,0.548,0.0,19.1,26.3,9.557,112.2,3.0,1.246,2.115,20.7,9.557,10:47:34.921
49,25.4,26.2,0.136,0.541,0.0,19.3,24.9,9.654,112.2,3.0,0.793,1.888,20.7,9.654,10:47:36.022
50,27.4,24.7,0.256,0.536,0.0,18.8,24.9,9.568,112.2,3.0,1.057,1.473,20.9,9.568,10:47:37.126
51,25.3,24.8,0.271,0.612,0.0,18.4,24.9,9.609,112.2,3.0,1.284,1.699,20.9,9.609,10:47:38.226
52,27.4,24.8,0.31,0.486,0.0,19.3,24.9,9.57,112.2,3.0,1.435,1.812,20.7,9.57,10:47:39.330
53,25.4,24.7,0.223,0.584,0.0,18.8,26.3,9.552,112.2,3.0,1.246,1.284,21.1,9.552,10:47:40.438
54,25.4,26.2,0.256,0.541,0.0,18.4,24.9,9.637,112.2,3.0,1.359,2.115,20.4,9.637,10:47:41.544
55,27.4,24.8,0.419,0.487,0.0,19.3,24.9,9.834,112.2,3.0,1.812,1.888,20.7,9.834,10:47:42.659
56,25.3,24.7,0.271,0.559,0.0,19.3,26.3,9.559,112.2,3.0,1.171,1.057,20.9,9.559,10:47:43.765
57,25.4,24.7,0.27,0.53,0.0,20.0,24.9,9.569,112.2,3.0,2.001,1.586,20.7,9.569,10:47:44.892
58,25.4,24.8,0.281,0.588,0.0,19.1,24.9,9.551,112.2,3.0,1.359,1.964,20.7,9.551,10:47:45.995
59,27.4,24.7,0.284,0.577,0.0,18.6,26.3,9.64,112.2,3.0,1.322,2.077,20.7,9.64,10:47:47.116
60,25.4,26.2,0.155,0.51,0.0,18.8,24.9,9.665,112.2,3.0,2.115,2.266,20.7,9.665,10:47:48.216
61,27.4,24.8,0.236,0.544,0.0,18.8,26.3,9.639,112.2,3.0,2.53,1.397,20.9,9.639,10:47:49.321
62,25.3,24.8,0.273,0.581,0.0,19.3,24.9,9.313,112.2,3.0,1.51,1.284,21.1,9.313,10:47:50.423
63,25.4,24.8,0.316,0.498,0.0,19.3,24.9,9.576,112.2,3.0,1.85,1.397,20.4,9.576,10:47:51.526
64,25.4,24.8,0.289,0.555,0.0,19.3,26.3,9.836,112.2,3.0,2.039,2.039,20.7,9.836,10:47:52.631
65,25.4,24.8,0.275,0.658,0.0,19.3,24.9,9.731,112.2,3.0,1.133,1.661,21.1,9.731,10:47:53.756
66,25.4,24.8,0.248,0.563,0.0,19.5,24.9,9.656,112.2,3.0,1.661,1.699,20.9,9.656,10:47:54.861
67,25.4,24.8,0.317,0.565,0.0,19.8,26.3,9.4,112.2,3.0,1.359,1.85,20.2,9.4,10:47:55.965
68,25.4,24.7,0.237,0.576,0.0,18.8,24.9,9.637,112.2,3.0,1.737,1.51,20.7,9.637,10:47:57.085
69,27.5,24.7,0.276,0.535,0.0,18.6,26.3,9.749,112.2,3.0,1.322,1.246,20.7,9.749,10:47:58.191
70,27.4,24.8,0.309,0.635,0.0,19.3,26.3,9.534,112.2,3.0,2.039,1.51,21.1,9.534,10:47:59.304
71,25.4,26.2,0.264,0.615,0.0,19.1,24.9,9.608,112.2,3.0,1.85,1.397,20.9,9.608,10:48:00.410
72,27.5,24.7,0.227,0.474,0.0,18.8,24.9,9.6,112.2,3.0,1.359,1.208,20.4,9.6,10:48:01.517
73,25.4,24.7,0.343,0.563,0.0,18.8,24.9,9.382,112.2,3.0,2.794,1.586,20.7,9.382,10:48:02.625
74,25.4,24.8,0.278,0.597,0.0,18.6,24.9,9.562,112.2,3.0,1.322,1.473,20.7,9.562,10:48:03.733
75,27.5,24.8,0.254,0.558,0.0,19.1,26.3,9.587,112.2,3.0,1.775,1.359,21.1,9.587,10:48:04.837
76,25.4,24.7,0.255,0.521,0.0,18.8,24.9,9.549,112.2,3.0,2.039,1.548,21.1,9.549,10:48:05.946
77,27.5,24.8,0.24,0.554,0.0,19.5,24.9,9.582,112.2,3.0,1.284,1.473,20.9,9.582,10:48:07.045
78,25.4,24.8,0.219,0.603,0.0,19.3,24.9,9.545,112.2,3.0,1.699,1.699,21.1,9.545,10:48:08.150
79,25.4,24.8,0.259,0.529,0.0,18.6,24.9,9.353,112.2,3.0,1.51,1.85,20.9,9.353,10:48:09.252
80,27.5,24.8,0.275,0.565,0.0,18.8,26.3,9.49,112.2,3.0,2.303,1.964,21.1,9.49,10:48:10.357
81,25.4,26.2,0.248,0.615,0.0,19.3,24.9,9.608,112.2,3.0,2.379,2.152,20.7,9.608,10:48:11.456
82,27.5,24.7,0.256,0.559,0.0,19.3,26.3,9.695,112.2,3.0,1.699,1.888,20.7,9.695,10:48:12.563
83,25.4,24.8,0.283,0.591,0.0,18.6,24.9,9.629,112.2,3.0,2.077,1.661,20.7,9.629,10:48:13.664
84,25.4,24.8,0.288,0.564,0.0,18.6,24.9,9.6,112.2,3.0,1.964,1.359,20.9,9.6,10:48:14.769
85,25.4,24.8,0.242,0.551,0.0,18.8,24.9,9.27,112.2,3.0,1.699,2.115,21.1,9.27,10:48:15.874
86,25.4,26.2,0.337,0.638,0.0,19.5,24.9,9.567,112.2,3.0,2.568,2.794,21.1,9.567,10:48:16.989
87,27.4,24.8,0.356,0.548,0.0,19.1,26.3,9.689,112.2,3.0,2.19,1.661,20.4,9.689,10:48:18.099
88,27.5,24.8,0.288,0.554,0.0,20.0,26.3,9.651,112.2,3.0,1.057,1.624,20.9,9.651,10:48:19.217
89,25.4,24.8,0.343,0.73,0.0,18.8,24.9,9.388,112.2,3.0,2.454,1.812,20.7,9.388,10:48:20.336
90,25.4,24.8,0.398,0.598,0.0,19.5,24.9,9.74,112.2,3.0,1.812,1.02,20.7,9.74,10:48:21.439
91,25.4,24.8,0.348,0.52,0.0,18.4,24.9,9.544,112.2,3.0,1.397,2.228,20.7,9.544,10:48:22.540
92,25.4,26.2,0.243,0.673,0.0,18.8,24.9,9.623,112.2,3.0,1.624,1.473,21.1,9.623,10:48:23.649
93,27.5,24.8,0.293,0.563,0.0,19.3,26.3,9.541,112.2,3.0,1.359,1.435,20.7,9.541,10:48:24.753
94,25.4,26.2,0.376,0.564,0.0,18.8,24.9,9.512,112.2,3.0,1.171,2.228,21.1,9.512,10:48:25.859
95,25.4,24.8,0.264,0.598,0.0,18.8,24.9,9.681,112.2,3.0,1.926,1.51,20.9,9.681,10:48:26.978
96,27.5,24.8,0.247,0.581,0.0,19.1,26.3,9.629,112.2,3.0,2.568,1.586,21.1,9.629,10:48:28.102
97,25.4,24.8,0.269,0.592,0.0,18.8,24.9,9.713,112.2,3.0,2.605,1.888,20.7,9.713,10:48:29.209
98,25.4,26.2,0.248,0.593,0.0,18.8,24.9,9.509,112.2,3.0,1.888,1.964,21.1,9.509,10:48:30.315
99,25.4,24.8,0.372,0.479,0.0,19.3,24.9,9.608,112.2,3.0,1.699,1.812,20.9,9.608,10:48:31.440
100,25.4,24.7,0.256,0.563,0.0,18.6,24.9,9.542,112.2,3.0,1.926,1.964,21.1,9.542,10:48:32.547
101,25.4,26.2,0.264,0.551,0.0,18.8,24.9,9.502,112.2,3.0,1.397,1.624,20.9,9.502,10:48:33.669
102,25.4,24.8,0.259,0.573,0.0,18.6,24.9,9.552,112.2,3.0,1.699,1.737,20.7,9.552,10:48:34.776
103,27.5,24.8,0.338,0.571,0.0,19.1,26.3,9.624,112.2,3.0,1.775,2.19,20.7,9.624,10:48:35.898
104,25.4,26.2,0.214,0.518,0.0,18.8,24.9,9.584,112.2,3.0,1.812,1.85,20.7,9.584,10:48:37.002
105,25.4,24.8,0.236,0.634,0.0,18.8,24.9,9.643,112.2,3.0,1.473,2.077,20.7,9.643,10:48:38.107
106,27.5,24.8,0.269,0.581,0.0,19.3,26.3,9.688,112.2,3.0,1.661,1.737,20.9,9.688,10:48:39.224
107,25.4,26.2,0.286,0.533,0.0,19.3,24.9,9.603,112.2,3.0,2.341,2.19,21.1,9.603,10:48:40.332
108,25.4,26.3,0.31,0.548,0.0,18.2,24.9,9.293,112.2,3.0,1.624,1.737,20.7,9.293,10:48:41.455
109,27.5,24.8,0.291,0.531,0.0,18.8,26.3,9.854,112.2,3.0,1.737,1.435,20.9,9.854,10:48:42.556
110,25.4,26.2,0.298,0.663,0.0,18.8,24.9,9.691,112.2,3.0,1.888,2.492,20.7,9.691,10:48:43.661
111,27.5,24.8,0.303,0.596,0.0,19.8,26.3,9.551,112.2,3.0,1.246,2.19,21.1,9.551,10:48:44.764
112,25.4,24.8,0.288,0.535,0.0,19.3,24.9,9.718,112.2,3.0,2.077,1.888,20.7,9.718,10:48:45.867
113,25.4,24.8,0.295,0.593,0.0,19.1,24.9,9.015,112.2,3.0,2.077,2.719,20.7,9.015,10:48:46.974
114,27.5,24.8,0.256,0.619,0.0,19.1,24.9,9.673,112.2,3.0,1.888,2.001,21.1,9.673,10:48:48.079
115,25.4,26.2,0.298,0.591,0.0,19.8,24.9,9.561,112.2,3.0,2.039,1.964,20.7,9.561,10:48:49.182
116,27.5,24.8,0.3,0.584,0.0,19.3,26.3,9.545,112.2,3.0,1.586,1.737,21.1,9.545,10:48:50.274
117,25.4,24.8,0.278,0.593,0.0,19.1,24.9,9.677,112.2,3.0,1.888,1.888,20.9,9.677,10:48:51.396
118,25.4,24.8,0.38,0.592,0.0,18.8,24.9,9.531,112.2,3.0,1.926,1.284,21.1,9.531,10:48:52.501
119,27.5,24.8,0.375,0.612,0.0,19.8,26.3,9.471,112.2,3.0,2.379,1.888,20.7,9.471,10:48:53.607
120,25.4,26.3,0.228,0.51,0.0,19.8,24.9,9.397,112.2,3.0,2.152,1.435,20.4,9.397,10:48:54.708
121,25.4,24.8,0.27,0.546,0.0,19.3,24.9,9.523,112.2,3.0,1.888,1.964,20.9,9.523,10:48:55.827
122,25.4,24.8,0.345,0.574,0.0,19.1,24.9,9.561,112.2,3.0,1.85,1.737,20.7,9.561,10:48:56.933
123,25.4,26.2,0.321,0.53,0.0,19.8,24.9,9.672,112.2,3.0,1.51,1.812,21.1,9.672,10:48:58.049
124,25.4,24.8,0.243,0.525,0.0,19.5,24.9,9.417,112.2,3.0,2.228,1.322,20.4,9.417,10:48:59.168
125,25.4,24.8,0.284,0.555,0.0,18.4,24.9,9.453,112.2,3.0,2.115,1.888,21.1,9.453,10:49:00.269
126,25.4,24.8,0.294,0.511,0.0,19.8,24.9,9.527,112.2,3.0,2.266,1.888,20.7,9.527,10:49:01.372
127,27.5,24.8,0.352,0.624,0.0,18.6,26.4,9.569,112.2,3.0,1.435,1.661,20.9,9.569,10:49:02.479
128,25.4,26.3,0.211,0.598,0.0,19.1,24.9,9.629,112.2,3.0,1.661,2.077,20.7,9.629,10:49:03.580
129,27.5,24.8,0.222,0.564,0.0,18.6,26.3,9.495,112.2,3.0,2.266,1.775,20.9,9.495,10:49:04.681
130,25.5,24.8,0.245,0.582,0.0,19.8,24.9,9.525,112.2,3.0,1.699,2.756,21.1,9.525,10:49:05.787
131,25.5,26.3,0.26,0.533,0.0,19.8,24.9,9.537,112.2,3.0,2.001,1.964,20.7,9.537,10:49:06.905
132,27.6,24.8,0.291,0.582,0.0,18.8,26.4,9.739,112.2,3.0,1.661,1.888,21.1,9.739,10:49:08.011
133,27.5,24.8,0.237,0.536,0.0,19.3,26.3,9.573,112.2,3.0,1.775,2.643,21.1,9.573,10:49:09.135
134,25.5,26.3,0.363,0.524,0.0,19.1,24.9,9.449,112.2,3.0,1.737,1.473,20.7,9.449,10:49:10.241
135,27.6,24.8,0.303,0.596,0.0,19.3,26.3,9.568,112.2,3.0,1.964,1.586,20.7,9.568,10:49:11.346
136,27.6,24.8,0.245,0.482,0.0,18.6,24.9,9.687,112.2,3.0,2.341,2.039,21.1,9.687,10:49:12.469
137,27.6,24.8,0.233,0.543,0.0,18.8,24.9,9.569,112.2,3.0,1.322,2.228,20.9,9.569,10:49:13.593
138,25.5,24.8,0.309,0.646,0.0,18.8,24.9,9.876,112.2,3.0,2.341,1.85,21.1,9.876,10:49:14.697
139,27.6,24.8,0.284,0.574,0.0,18.6,26.4,9.58,112.2,3.0,1.548,1.85,21.1,9.58,10:49:15.804
140,25.5,24.8,0.43,0.564,0.0,18.6,24.9,9.529,112.2,3.0,1.548,1.548,21.1,9.529,10:49:16.925
141,25.5,26.2,0.275,0.555,0.0,18.6,24.9,9.798,112.2,3.0,2.039,1.548,20.7,9.798,10:49:18.044
142,27.6,24.8,0.278,0.529,0.0,18.8,26.4,9.672,112.2,3.0,1.624,2.039,21.1,9.672,10:49:19.147
143,25.5,26.3,0.309,0.63,0.0,18.8,24.9,9.575,112.2,3.0,1.737,1.661,21.1,9.575,10:49:20.249
144,25.5,24.8,0.259,0.587,0.0,18.4,26.4,9.71,112.2,3.0,1.548,2.53,20.9,9.71,10:49:21.354
145,25.5,24.8,0.276,0.524,0.0,18.6,24.9,9.646,112.2,3.0,1.397,2.568,21.1,9.646,10:49:22.457
146,25.5,26.3,0.216,0.508,0.0,19.1,24.9,9.612,112.2,3.0,2.115,1.284,20.9,9.612,10:49:23.576
147,27.6,24.8,0.366,0.571,0.0,18.8,26.4,9.385,112.2,3.0,2.53,2.605,20.9,9.385,10:49:24.680
148,27.6,24.8,0.291,0.591,0.0,18.8,24.9,9.566,112.2,3.0,1.888,1.85,21.1,9.566,10:49:25.799
149,25.5,24.8,0.28,0.631,0.0,18.8,24.9,9.791,112.2,3.0,2.568,1.586,21.6,9.791,10:49:26.905
150,25.5,24.8,0.261,0.56,0.0,18.8,26.4,9.683,112.2,3.0,1.133,2.001,21.1,9.683,10:49:28.024
151,27.6,24.8,0.294,0.596,0.0,19.3,26.4,9.518,112.2,3.0,1.888,1.926,21.3,9.518,10:49:29.146
152,27.6,24.8,0.289,0.544,0.0,18.8,24.9,9.881,112.2,3.0,1.397,1.699,20.7,9.881,10:49:30.267
153,25.5,24.8,0.294,0.501,0.0,19.3,24.9,9.598,112.2,3.0,1.964,2.53,20.7,9.598,10:49:31.376
154,27.6,24.8,0.284,0.654,0.0,18.8,26.4,9.504,112.2,3.0,2.077,2.001,21.1,9.504,10:49:32.480
155,27.6,24.8,0.316,0.503,0.0,19.3,24.9,9.521,112.2,3.0,1.359,1.586,20.7,9.521,10:49:33.602
156,25.5,26.3,0.179,0.565,0.0,19.8,24.9,9.594,112.2,3.0,1.699,2.228,20.7,9.594,10:49:34.723
157,25.5,24.8,0.271,0.603,0.0,18.6,26.4,9.766,112.2,3.0,1.548,2.152,21.1,9.766,10:49:35.841
158,25.5,24.8,0.41,0.56,0.0,19.1,26.4,9.615,112.2,3.0,2.039,2.228,21.1,9.615,10:49:36.961
159,27.6,24.8,0.271,0.593,0.0,19.3,24.9,9.482,112.2,3.0,1.435,2.568,21.1,9.482,10:49:38.091
160,25.5,24.8,0.305,0.591,0.0,19.1,24.9,9.413,112.2,3.0,1.888,1.699,21.6,9.413,10:49:39.192
161,25.5,24.8,0.251,0.521,0.0,19.3,24.9,9.631,112.2,3.0,1.775,1.661,20.7,9.631,10:49:40.318
162,27.6,24.8,0.223,0.577,0.0,18.8,26.4,9.57,112.2,3.0,2.152,2.454,21.1,9.57,10:49:41.424
163,25.5,26.3,0.298,0.548,0.0,19.3,24.9,9.756,112.2,3.0,2.039,1.284,20.9,9.756,10:49:42.528
164,25.5,24.8,0.27,0.581,0.0,18.6,26.4,9.619,112.2,3.0,1.661,1.775,21.1,9.619,10:49:43.636
165,27.6,24.8,0.452,0.61,0.0,19.3,24.9,9.572,112.2,3.0,1.548,2.266,21.3,9.572,10:49:44.755
166,25.6,24.8,0.337,0.584,0.0,19.8,24.9,9.657,112.2,3.0,2.87,2.039,21.1,9.657,10:49:45.855
167,25.6,24.8,0.269,0.551,0.0,19.3,26.4,9.722,112.2,3.0,1.02,1.586,20.7,9.722,10:49:46.981
168,27.6,24.8,0.281,0.601,0.0,19.1,24.9,9.722,112.2,3.0,1.51,1.586,21.1,9.722,10:49:48.087
169,25.5,26.3,0.228,0.563,0.0,18.8,24.9,9.617,112.2,3.0,1.926,1.888,21.1,9.617,10:49:49.206
170,25.6,24.8,0.309,0.576,0.0,19.3,26.4,9.665,112.2,3.0,2.303,1.359,20.7,9.665,10:49:50.312
171,25.6,24.8,0.294,0.587,0.0,18.8,26.4,10.094,112.2,3.0,1.359,1.548,21.1,10.094,10:49:51.432
172,25.6,26.3,0.264,0.533,0.0,19.1,24.9,9.701,112.2,3.0,1.246,1.548,20.9,9.701,10:49:52.551
173,25.6,24.8,0.281,0.598,0.0,19.1,24.9,9.552,112.2,3.0,2.303,2.039,20.9,9.552,10:49:53.669
174,25.6,24.8,0.365,0.574,0.0,19.3,26.4,9.692,112.2,3.0,1.322,1.473,20.7,9.692,10:49:54.790
175,27.7,24.8,0.415,0.573,0.0,19.3,26.4,9.601,112.2,3.0,1.85,1.85,21.1,9.601,10:49:55.907
176,27.7,24.8,0.284,0.603,0.0,18.8,24.9,9.702,112.2,3.0,1.473,2.228,20.7,9.702,10:49:57.024
177,25.6,26.3,0.293,0.491,0.0,19.1,24.9,9.643,112.2,3.0,1.624,1.435,20.7,9.643,10:49:58.145
178,25.6,24.8,0.28,0.584,0.0,19.3,24.9,9.701,112.2,3.0,1.964,2.077,20.9,9.701,10:49:59.267
179,27.7,24.8,0.166,0.546,0.0,19.3,25.0,9.68,112.2,3.0,2.303,1.888,20.7,9.68,10:50:00.371
180,25.6,26.3,0.337,0.493,0.0,18.6,24.9,9.621,112.2,3.0,1.85,1.926,20.7,9.621,10:50:01.490
181,25.6,24.8,0.308,0.635,0.0,18.6,26.4,9.608,112.2,3.0,1.246,2.115,20.9,9.608,10:50:02.597
182,27.7,24.8,0.363,0.63,0.0,19.3,26.4,9.56,112.2,3.0,1.888,1.661,20.7,9.56,10:50:03.717
183,27.7,24.8,0.264,0.521,0.0,19.5,24.9,9.626,112.2,3.0,1.624,2.228,20.7,9.626,10:50:04.840
184,25.6,26.3,0.178,0.582,0.0,19.5,24.9,9.595,112.2,3.0,1.133,1.661,20.7,9.595,10:50:05.958
185,25.6,24.8,0.264,0.533,0.0,19.3,24.9,9.582,112.2,3.0,2.077,1.737,20.9,9.582,10:50:07.077
186,25.6,24.8,0.322,0.577,0.0,19.3,26.4,9.57,112.2,3.0,1.624,1.586,21.1,9.57,10:50:08.210
187,27.7,26.3,0.3,0.497,0.0,19.1,24.9,9.616,112.2,3.0,1.624,2.115,21.1,9.616,10:50:09.311
188,25.6,24.8,0.251,0.458,0.0,18.8,24.9,9.79,112.2,3.0,1.888,1.926,20.9,9.79,10:50:10.432
189,25.6,24.8,0.275,0.546,0.0,19.1,25.0,9.622,112.2,3.0,1.435,2.379,20.9,9.622,10:50:11.556
190,25.6,24.8,0.341,0.564,0.0,18.8,26.4,10.217,112.2,3.0,1.586,2.266,20.9,10.217,10:50:12.676
191,27.7,24.8,0.393,0.565,0.0,19.3,25.0,9.628,112.2,3.0,1.548,1.624,21.1,9.628,10:50:13.800
192,25.6,26.3,0.295,0.579,0.0,19.1,25.0,9.766,112.2,3.0,1.284,1.246,20.7,9.766,10:50:14.906
193,25.6,24.8,0.291,0.582,0.0,18.6,26.4,9.603,112.2,3.0,1.586,1.624,21.3,9.603,10:50:16.014
194,25.6,24.8,0.236,0.568,0.0,18.4,26.4,9.97,112.2,3.0,1.397,1.888,20.9,9.97,10:50:17.132
195,25.6,26.3,0.327,0.508,0.0,20.0,25.0,9.563,112.2,3.0,1.51,1.85,21.1,9.563,10:50:18.251
196,25.6,24.8,0.275,0.574,0.0,19.8,25.0,9.524,112.2,3.0,2.303,1.473,21.1,9.524,10:50:19.370
197,25.6,24.8,0.273,0.569,0.0,19.3,26.4,9.628,112.2,3.0,2.152,2.303,21.1,9.628,10:50:20.487
198,27.7,24.8,0.271,0.588,0.0,19.3,25.0,9.655,112.2,3.0,1.473,1.85,20.9,9.655,10:50:21.608
199,27.7,26.3,0.326,0.579,0.0,19.8,25.0,9.816,112.2,3.0,1.699,1.737,20.9,9.816,10:50:22.730
200,25.6,26.3,0.361,0.602,0.0,19.5,25.0,9.603,112.2,3.0,1.737,2.001,21.1,9.603,10:50:23.853
201,25.6,24.8,0.254,0.538,0.0,19.3,25.0,9.4,112.2,3.0,1.85,2.152,20.7,9.4,10:50:24.988
202,25.6,24.8,0.293,0.651,0.0,18.4,26.4,9.486,112.2,3.0,1.699,1.322,20.9,9.486,10:50:26.110
203,25.6,24.8,0.295,0.613,0.0,18.8,26.4,9.485,112.2,3.0,1.397,1.473,20.7,9.485,10:50:27.248
204,25.6,24.8,0.336,0.518,0.0,19.1,26.4,9.568,112.2,3.0,1.85,1.699,20.9,9.568,10:50:28.370
205,25.6,24.8,0.203,0.569,0.0,19.5,25.0,9.406,112.2,3.0,2.19,2.228,21.1,9.406,10:50:29.504
206,25.6,24.8,0.273,0.546,0.0,19.5,25.0,9.617,112.2,3.0,0.831,1.699,21.1,9.617,10:50:30.604
207,25.6,24.8,0.293,0.619,0.0,18.4,26.4,9.585,112.2,3.0,1.548,1.661,21.1,9.585,10:50:31.730
208,25.7,24.8,0.251,0.648,0.0,19.8,26.4,9.645,112.2,3.0,1.699,1.284,20.7,9.645,10:50:32.845
209,27.7,24.8,0.278,0.571,0.0,19.5,25.0,9.484,112.2,3.0,1.737,2.266,21.1,9.484,10:50:33.969
210,25.6,26.3,0.291,0.47,0.0,19.5,25.0,9.642,112.2,3.0,1.473,1.85,21.1,9.642,10:50:35.087
211,25.7,24.8,0.295,0.565,0.0,19.3,25.0,9.695,112.2,3.0,1.435,1.359,20.9,9.695,10:50:36.207
212,25.7,24.8,0.264,0.533,0.0,19.5,26.4,9.687,112.2,3.0,1.624,2.379,20.7,9.687,10:50:37.326
213,27.7,24.8,0.27,0.574,0.0,19.3,25.0,9.755,112.2,3.0,1.624,1.435,20.7,9.755,10:50:38.444
214,27.8,26.3,0.243,0.576,0.0,19.8,25.0,9.51,112.2,3.0,1.812,1.888,20.9,9.51,10:50:39.563
215,25.7,24.8,0.317,0.474,0.0,19.1,25.0,9.487,112.2,3.0,1.775,2.492,21.1,9.487,10:50:40.682
216,25.7,24.9,0.288,0.592,0.0,19.8,26.4,9.571,112.2,3.0,1.85,1.548,20.7,9.571,10:50:41.801
217,25.7,24.8,0.366,0.559,0.0,19.3,25.0,9.651,112.2,3.0,1.171,2.115,20.7,9.651,10:50:42.922
218,27.8,26.3,0.17,0.541,0.0,18.6,25.0,9.589,112.2,3.0,1.435,1.284,20.9,9.589,10:50:44.043
219,25.7,24.8,0.298,0.631,0.0,19.5,25.0,9.534,112.2,3.0,2.115,1.812,20.7,9.534,10:50:45.163
220,25.7,24.9,0.305,0.551,0.0,19.3,26.4,9.518,112.2,3.0,1.661,2.115,21.1,9.518,10:50:46.287
221,25.7,24.9,0.283,0.621,0.0,19.1,26.4,9.587,112.2,3.0,2.001,1.964,20.7,9.587,10:50:47.407
222,25.7,24.8,0.255,0.584,0.0,19.1,26.4,9.537,112.2,3.0,1.737,1.737,21.1,9.537,10:50:48.542
223,27.8,24.9,0.266,0.584,0.0,18.4,25.0,9.63,112.2,3.0,1.133,2.152,20.9,9.63,10:50:49.664
224,25.7,26.3,0.314,0.596,0.0,18.8,25.0,9.551,112.2,3.0,1.586,1.661,21.1,9.551,10:50:50.783
225,25.7,24.9,0.233,0.558,0.0,19.8,25.0,10.142,112.2,3.0,1.624,2.266,21.1,10.142,10:50:51.907
226,25.7,24.9,0.289,0.554,0.0,18.8,26.5,9.575,112.2,3.0,1.548,2.152,20.9,9.575,10:50:53.029
227,27.8,24.9,0.266,0.626,0.0,19.1,25.0,9.445,112.2,3.0,1.964,1.85,21.1,9.445,10:50:54.148
228,27.8,24.9,0.288,0.648,0.0,19.3,25.0,9.547,112.2,3.0,1.812,2.039,21.1,9.547,10:50:55.285
229,27.8,26.3,0.269,0.61,0.0,19.3,25.0,9.823,112.2,3.0,1.964,1.964,20.9,9.823,10:50:56.406
230,25.7,24.9,0.304,0.635,0.0,18.8,25.0,9.61,112.2,3.0,2.53,1.699,20.9,9.61,10:50:57.540
231,25.7,24.9,0.326,0.533,0.0,18.6,26.5,9.659,112.2,3.0,1.057,1.85,21.1,9.659,10:50:58.655
232,25.7,24.9,0.322,0.619,0.0,18.8,26.5,9.532,112.2,3.0,2.077,2.53,20.9,9.532,10:50:59.774
233,27.8,24.9,0.286,0.624,0.0,19.3,25.0,9.844,112.2,3.0,1.359,2.115,20.9,9.844,10:51:00.896
234,27.8,24.9,0.289,0.576,0.0,18.6,25.0,9.604,112.2,3.0,1.322,1.473,20.7,9.604,10:51:02.019
235,25.7,24.9,0.314,0.671,0.0,19.1,26.5,9.603,112.2,3.0,2.001,1.699,20.7,9.603,10:51:03.142
236,25.7,24.9,0.281,0.533,0.0,19.3,26.5,9.639,112.2,3.0,1.435,1.548,20.9,9.639,10:51:04.260
237,25.7,24.9,0.222,0.658,0.0,19.1,25.0,9.615,112.2,3.0,1.775,1.964,21.3,9.615,10:51:05.377
238,25.7,24.9,0.289,0.624,0.0,18.8,25.0,9.484,112.2,3.0,2.115,1.85,20.9,9.484,10:51:06.515
239,25.7,24.9,0.332,0.551,0.0,19.3,25.0,9.629,112.2,3.0,1.85,1.812,20.7,9.629,10:51:07.631
240,25.7,24.9,0.304,0.587,0.0,18.8,25.0,9.597,112.2,3.0,1.964,1.775,20.9,9.597,10:51:08.754
241,25.7,24.9,0.293,0.605,0.0,18.8,26.5,9.519,112.2,3.0,1.85,1.473,20.9,9.519,10:51:09.870
242,25.7,24.9,0.265,0.563,0.0,19.1,25.0,9.757,112.2,3.0,2.19,1.624,20.9,9.757,10:51:11.007
243,27.8,26.4,0.308,0.602,0.0,19.8,25.0,9.642,112.2,3.0,1.397,1.661,20.7,9.642,10:51:12.127
244,27.8,26.4,0.254,0.533,0.0,18.6,25.0,9.614,112.2,3.0,1.926,1.926,20.7,9.614,10:51:13.260
245,25.7,24.9,0.336,0.643,0.0,19.3,25.0,9.614,112.2,3.0,0.982,2.19,21.1,9.614,10:51:14.380
246,25.7,24.9,0.355,0.444,0.0,18.8,26.5,9.569,112.2,3.0,2.756,1.85,21.1,9.569,10:51:15.503
247,25.7,24.9,0.294,0.608,0.0,19.8,26.5,9.441,112.2,3.0,2.303,1.435,21.1,9.441,10:51:16.627
248,25.8,24.9,0.352,0.574,0.0,18.8,25.0,9.508,112.2,3.0,2.492,1.964,20.7,9.508,10:51:17.746
249,27.8,26.4,0.408,0.536,0.0,18.8,25.0,9.573,112.2,3.0,1.699,2.152,21.1,9.573,10:51:18.864
250,25.7,24.9,0.247,0.608,0.0,19.3,25.1,9.354,112.2,3.0,2.379,1.548,20.9,9.354,10:51:19.986
251,25.8,24.9,0.171,0.72,0.0,19.5,26.5,9.627,112.2,3.0,1.586,1.775,20.7,9.627,10:51:21.113
252,25.8,24.9,0.291,0.568,0.0,19.3,26.5,9.606,112.2,3.0,2.379,1.964,20.9,9.606,10:51:22.252
253,25.8,24.9,0.391,0.597,0.0,18.6,25.1,9.447,112.2,3.0,1.85,1.85,21.1,9.447,10:51:23.375
254,25.8,26.4,0.273,0.591,0.0,19.1,25.1,9.551,112.2,3.0,1.775,2.53,21.1,9.551,10:51:24.497
255,25.8,26.4,0.254,0.636,0.0,19.5,25.1,9.545,112.2,3.0,1.435,2.077,21.3,9.545,10:51:25.636
256,27.9,24.9,0.281,0.625,0.0,18.8,25.1,9.676,112.2,3.0,2.605,1.737,20.9,9.676,10:51:26.759
257,27.9,26.4,0.28,0.569,0.0,19.3,25.1,9.513,112.2,3.0,2.303,2.417,20.9,9.513,10:51:27.905
258,27.9,24.9,0.261,0.56,0.0,19.5,25.1,9.384,112.2,3.0,1.661,1.435,21.1,9.384,10:51:29.026
259,25.8,24.9,0.31,0.569,0.0,18.4,26.5,9.768,112.2,3.0,1.397,1.51,20.7,9.768,10:51:30.140
260,25.8,24.9,0.242,0.598,0.0,18.8,25.1,9.677,112.2,3.0,1.473,2.908,20.7,9.677,10:51:31.265
261,27.9,26.4,0.314,0.529,0.0,19.3,25.1,9.563,112.2,3.0,1.208,2.039,20.7,9.563,10:51:32.383
262,25.8,24.9,0.305,0.631,0.0,18.8,25.1,9.617,112.2,3.0,1.812,2.039,21.1,9.617,10:51:33.499
263,25.8,24.9,0.275,0.643,0.0,19.3,26.5,9.498,112.2,3.0,1.586,2.115,21.1,9.498,10:51:34.614
264,25.8,24.9,0.317,0.605,0.0,19.1,25.1,9.633,112.2,3.0,1.246,1.624,20.9,9.633,10:51:35.733
265,27.9,26.4,0.314,0.641,0.0,18.8,25.1,9.479,112.2,3.0,1.661,1.964,21.1,9.479,10:51:36.854
266,27.9,24.9,0.269,0.53,0.0,19.1,25.1,9.635,112.2,3.0,1.435,2.001,21.3,9.635,10:51:37.975
267,25.8,24.9,0.294,0.621,0.0,19.5,26.5,9.598,112.2,3.0,1.435,1.548,20.7,9.598,10:51:39.095
268,25.8,24.9,0.276,0.64,0.0,19.3,25.1,9.597,112.2,3.0,1.624,2.568,20.9,9.597,10:51:40.215
269,25.8,26.4,0.278,0.574,0.0,19.1,25.1,9.644,112.2,3.0,1.435,1.586,21.1,9.644,10:51:41.337
270,27.9,24.9,0.338,0.555,0.0,19.1,25.1,9.598,112.2,3.0,1.812,1.85,20.9,9.598,10:51:42.458
271,25.8,24.9,0.303,0.535,0.0,19.3,26.6,9.863,112.2,3.0,1.171,1.624,21.1,9.863,10:51:43.576
272,25.8,25.0,0.256,0.668,0.0,19.8,26.6,9.63,112.2,3.0,1.473,1.888,21.1,9.63,10:51:44.713
273,25.8,25.0,0.269,0.615,0.0,19.3,25.1,9.597,112.2,3.0,1.095,2.001,20.9,9.597,10:51:45.829
274,25.8,26.4,0.27,0.574,0.0,19.3,25.1,9.601,112.2,3.0,2.756,1.812,21.6,9.601,10:51:46.954
275,27.9,24.9,0.303,0.546,0.0,18.4,25.1,9.728,112.2,3.0,1.661,1.208,20.7,9.728,10:51:48.074
276,25.8,25.0,0.269,0.573,0.0,18.8,26.6,9.527,112.2,3.0,1.926,2.681,21.1,9.527,10:51:49.195
277,25.8,25.0,0.332,0.616,0.0,18.4,26.6,9.416,112.2,3.0,1.397,1.812,21.1,9.416,10:51:50.315
278,25.8,25.0,0.381,0.593,0.0,18.8,25.1,9.641,112.2,3.0,1.737,1.775,21.1,9.641,10:51:51.433
279,28.0,26.5,0.271,0.549,0.0,18.6,25.1,9.906,112.2,3.0,1.964,2.643,20.7,9.906,10:51:52.557
280,27.9,25.0,0.217,0.558,0.0,19.3,25.1,9.504,112.2,3.0,1.775,1.775,20.9,9.504,10:51:53.679
281,25.8,25.0,0.317,0.546,0.0,19.5,26.6,9.558,112.2,3.0,1.624,2.379,20.9,9.558,10:51:54.800
282,25.8,25.0,0.278,0.612,0.0,18.8,25.2,9.562,112.2,3.0,1.435,1.397,20.7,9.562,10:51:55.917
283,25.8,25.0,0.269,0.591,0.0,19.1,25.2,9.657,112.2,3.0,1.812,2.001,21.1,9.657,10:51:57.065
284,25.8,26.5,0.28,0.619,0.0,19.3,25.2,9.557,112.2,3.0,1.661,2.19,20.7,9.557,10:51:58.183
285,28.0,25.0,0.261,0.565,0.0,18.8,25.2,9.682,112.2,3.0,1.322,2.001,21.1,9.682,10:51:59.297
286,25.9,25.0,0.261,0.587,0.0,19.8,26.6,9.539,112.2,3.0,1.85,2.152,20.9,9.569,10:52:00.422
287,25.9,25.0,0.227,0.573,0.0,19.3,25.2,9.404,112.2,3.0,2.152,1.964,21.1,9.404,10:52:01.540
288,25.9,25.0,0.345,0.607,0.0,18.6,25.2,9.48,112.2,3.0,2.643,1.812,20.7,9.488,10:52:02.662
289,28.0,26.5,0.286,0.584,0.0,19.8,25.2,9.598,112.2,3.0,1.435,2.228,20.9,9.598,10:52:03.786
290,28.0,25.0,0.361,0.559,0.0,18.8,26.6,9.586,112.2,3.0,1.473,1.737,20.7,9.586,10:52:04.910
291,28.0,25.0,0.243,0.584,0.0,18.4,26.6,9.634,112.2,3.0,1.661,1.246,21.1,9.634,10:52:06.050
292,25.9,25.0,0.251,0.571,0.0,18.8,26.6,9.599,112.2,3.0,2.266,2.001,21.1,9.599,10:52:07.171
293,25.9,25.0,0.338,0.64,0.0,19.1,25.2,9.635,112.2,3.0,1.359,2.077,20.9,9.635,10:52:08.288
294,25.9,26.5,0.247,0.669,0.0,19.1,25.2,9.677,112.2,3.0,2.077,2.832,21.1,9.677,10:52:09.410
295,28.0,25.0,0.291,0.571,0.0,19.8,25.2,9.622,112.2,3.0,1.322,1.964,20.9,9.622,10:52:10.535
296,28.0,25.0,0.31,0.584,0.0,19.3,26.6,9.473,112.2,3.0,2.417,1.812,20.7,9.473,10:52:11.657
297,28.0,25.0,0.27,0.621,0.0,19.1,26.6,9.419,112.2,3.0,1.926,1.964,21.1,9.419,10:52:12.793
298,25.9,25.0,0.232,0.653,0.0,18.8,26.6,9.652,112.2,3.0,1.548,1.699,20.7,9.652,10:52:13.929
299,25.9,25.0,0.251,0.587,0.0,18.8,25.2,9.583,112.2,3.0,1.888,1.586,20.9,9.583,10:52:15.059
300,25.9,26.5,0.27,0.469,0.0,18.6,25.2,9.575,112.2,3.0,1.888,2.303,21.1,9.575,10:52:16.181
301,25.9,25.0,0.305,0.577,0.0,19.3,25.2,9.521,112.2,3.0,1.397,2.417,20.9,9.521,10:52:17.297
302,28.0,25.1,0.293,0.608,0.0,19.3,26.7,9.61,112.2,3.0,1.661,1.473,20.9,9.61,10:52:18.411
303,25.9,25.1,0.356,0.53,0.0,18.8,26.7,9.613,112.2,3.0,1.699,1.775,21.1,9.613,10:52:19.534
304,25.9,25.1,0.278,0.546,0.0,18.8,25.2,9.607,112.2,3.0,1.624,2.039,21.1,9.607,10:52:20.657
305,25.9,26.5,0.289,0.596,0.0,18.8,25.2,9.404,112.2,3.0,3.323,2.643,20.9,9.404,10:52:21.776
306,28.0,25.1,0.293,0.582,0.0,19.8,25.2,9.634,112.2,3.0,1.359,2.379,20.7,9.634,10:52:22.895
307,28.0,25.1,0.236,0.564,0.0,19.3,26.7,9.506,112.2,3.0,1.737,1.586,20.9,9.506,10:52:24.029
308,25.9,25.1,0.284,0.608,0.0,18.8,25.2,9.515,112.2,3.0,1.737,1.586,21.1,9.515,10:52:25.147
309,25.9,26.6,0.336,0.541,0.0,18.8,25.2,9.516,112.2,3.0,1.586,1.926,20.7,9.516,10:52:26.268
310,25.9,25.1,0.251,0.641,0.0,19.3,25.2,9.976,112.2,3.0,1.85,2.303,21.1,9.976,10:52:27.388
311,28.0,25.1,0.317,0.469,0.0,18.6,26.7,9.531,112.2,3.0,2.001,1.888,20.7,9.531,10:52:28.509
312,28.0,25.1,0.348,0.619,0.0,19.3,26.7,9.63,112.2,3.0,1.775,2.87,21.1,9.63,10:52:29.632
313,25.9,25.1,0.298,0.568,0.0,18.8,26.7,9.695,112.2,3.0,1.926,1.964,20.9,9.695,10:52:30.768
314,26.0,25.1,0.303,0.568,0.0,19.8,25.2,9.568,112.2,3.0,1.699,1.926,20.9,9.568,10:52:31.887
315,25.9,26.6,0.288,0.624,0.0,18.8,25.3,9.461,112.2,3.0,1.699,1.964,20.9,9.461,10:52:33.002
316,28.0,25.1,0.221,0.658,0.0,18.8,25.3,9.794,112.2,3.0,1.624,2.077,21.1,9.794,10:52:34.123
317,28.0,25.1,0.305,0.579,0.0,19.3,26.7,9.478,112.2,3.0,1.775,2.87,21.1,9.478,10:52:35.254
318,25.9,25.1,0.248,0.602,0.0,19.1,25.3,9.535,112.2,3.0,1.775,2.568,21.3,9.535,10:52:36.374
319,26.0,26.6,0.27,0.607,0.0,18.4,25.3,9.431,112.2,3.0,2.115,1.359,20.9,9.431,10:52:37.494
320,26.0,26.6,0.353,0.651,0.0,18.8,25.3,9.611,112.2,3.0,1.548,1.775,21.1,9.611,10:52:38.623
321,28.0,25.1,0.299,0.629,0.0,19.3,26.7,9.833,112.2,3.0,1.699,2.077,21.1,9.833,10:52:39.741
322,28.0,25.1,0.356,0.501,0.0,19.8,26.7,10.047,112.2,3.0,2.039,1.812,20.9,10.047,10:52:40.880
323,26.0,25.1,0.288,0.679,0.0,18.8,26.7,9.458,112.2,3.0,1.699,1.964,21.1,9.458,10:52:41.999
324,26.0,25.1,0.294,0.678,0.0,19.3,25.3,9.572,112.2,3.0,1.775,1.699,21.1,9.572,10:52:43.120
325,26.0,25.1,0.338,0.524,0.0,19.1,25.3,9.617,112.2,3.0,1.964,1.737,20.9,9.617,10:52:44.226
326,28.1,25.1,0.308,0.584,0.0,19.1,26.7,9.486,112.2,3.0,1.964,2.077,21.1,9.486,10:52:45.347
327,28.1,25.1,0.276,0.651,0.0,18.4,26.7,9.618,112.2,3.0,1.888,1.775,21.1,9.618,10:52:46.485
328,26.0,25.1,0.375,0.574,0.0,19.3,25.3,9.649,112.2,3.0,1.473,2.53,21.1,9.649,10:52:47.608
329,26.0,25.1,0.327,0.648,0.0,18.6,25.3,9.523,112.2,3.0,1.85,2.039,21.1,9.523,10:52:48.743
330,26.0,25.1,0.281,0.563,0.0,18.8,25.3,9.373,112.2,3.0,2.115,2.643,21.1,9.373,10:52:49.880
331,26.0,26.6,0.295,0.565,0.0,18.8,25.3,9.565,112.2,3.0,2.077,2.266,21.1,9.565,10:52:51.003
332,26.0,26.6,0.383,0.605,0.0,19.8,25.3,9.689,112.2,3.0,1.473,1.812,21.1,9.689,10:52:52.135
333,26.0,26.6,0.322,0.61,0.0,19.3,25.3,9.52,112.2,3.0,2.266,1.661,21.1,9.52,10:52:53.272
334,26.0,25.1,0.317,0.598,0.0,19.5,25.3,9.538,112.2,3.0,1.699,2.492,20.9,9.538,10:52:54.395
335,28.1,25.1,0.28,0.574,0.0,19.8,26.7,9.653,112.2,3.0,1.737,1.888,21.1,9.653,10:52:55.513
336,26.0,25.1,0.273,0.598,0.0,19.8,25.3,9.558,112.2,3.0,1.737,1.737,21.1,9.558,10:52:56.647
337,26.0,26.6,0.326,0.625,0.0,18.8,25.3,9.566,112.2,3.0,1.586,1.661,21.3,9.566,10:52:57.768
338,26.0,25.1,0.284,0.543,0.0,19.1,25.3,9.493,112.2,3.0,1.85,2.077,21.1,9.493,10:52:58.888
339,26.0,25.1,0.27,0.619,0.0,19.3,25.3,9.627,112.2,3.0,1.737,2.266,21.1,9.627,10:53:00.025
340,28.1,25.1,0.291,0.593,0.0,18.6,26.7,9.66,112.2,3.0,1.284,2.19,21.1,9.66,10:53:01.147
341,28.1,25.1,0.281,0.602,0.0,18.6,26.7,9.64,112.2,3.0,2.454,1.359,20.9,9.64,10:53:02.266
342,28.1,25.1,0.248,0.648,0.0,18.8,26.7,9.632,112.2,3.0,1.964,2.266,21.1,9.632,10:53:03.404
343,26.0,25.1,0.232,0.596,0.0,18.6,25.3,9.657,112.2,3.0,1.699,2.492,21.3,9.657,10:53:04.529
344,26.0,26.6,0.228,0.492,0.0,19.3,25.3,9.602,112.2,3.0,3.247,1.51,20.7,9.602,10:53:05.649
345,26.0,25.1,0.326,0.649,0.0,19.1,26.7,9.639,112.2,3.0,1.737,2.077,21.1,9.639,10:53:06.772
346,28.1,25.1,0.408,0.573,0.0,19.1,26.7,9.577,112.2,3.0,1.964,1.737,21.1,9.577,10:53:07.894
347,26.0,25.1,0.422,0.624,0.0,19.1,25.3,9.776,112.2,3.0,1.926,1.661,20.9,9.755,10:53:09.012
348,26.0,26.6,0.293,0.569,0.0,19.3,25.3,9.615,112.2,3.0,1.548,2.077,21.6,9.615,10:53:10.130
349,26.0,25.1,0.201,0.563,0.0,19.3,25.3,9.73,112.2,3.0,1.775,2.794,20.9,9.73,10:53:11.248
350,28.1,25.1,0.275,0.653,0.0,18.8,26.7,9.261,112.2,3.0,1.624,2.719,20.9,9.261,10:53:12.365
351,26.0,25.2,0.259,0.664,0.0,19.8,25.3,9.626,112.2,3.0,0.831,1.85,21.1,9.626,10:53:13.484
352,26.0,26.6,0.288,0.613,0.0,18.8,25.3,9.437,112.2,3.0,1.812,2.228,20.9,9.437,10:53:14.603
353,26.0,25.2,0.303,0.605,0.0,19.3,25.3,9.55,112.2,3.0,1.737,2.643,21.3,9.55,10:53:15.727
354,28.1,25.1,0.394,0.591,0.0,19.1,26.7,9.633,112.2,3.0,1.624,2.077,21.3,9.633,10:53:16.845
355,28.1,25.2,0.273,0.619,0.0,19.3,25.3,9.613,112.2,3.0,2.077,3.172,21.1,9.613,10:53:17.962
356,26.0,25.2,0.303,0.576,0.0,19.8,25.3,9.693,112.2,3.0,2.039,1.926,21.1,9.693,10:53:19.096
357,26.0,26.6,0.299,0.53,0.0,19.3,25.3,9.662,112.2,3.0,1.812,3.059,20.9,9.662,10:53:20.217
358,26.0,26.6,0.316,0.643,0.0,19.8,25.3,9.349,112.2,3.0,1.624,2.115,21.1,9.349,10:53:21.354
359,26.0,25.2,0.338,0.626,0.0,18.8,25.3,9.727,112.2,3.0,2.115,2.039,21.1,9.727,10:53:22.479
360,26.0,25.2,0.278,0.535,0.0,19.8,25.3,9.417,112.2,3.0,1.85,1.812,21.6,9.417,10:53:23.615
361,26.0,25.2,0.4,0.616,0.0,19.3,26.8,9.625,112.2,3.0,1.548,2.152,21.1,9.625,10:53:24.743
362,28.1,25.2,0.28,0.564,0.0,19.3,25.3,9.497,112.2,3.0,1.737,1.888,20.7,9.497,10:53:25.867
363,26.0,26.6,0.281,0.659,0.0,19.5,25.3,9.657,112.2,3.0,2.077,2.53,21.3,9.657,10:53:26.985
364,26.0,26.6,0.286,0.597,0.0,19.5,25.3,9.688,112.2,3.0,2.001,2.379,21.1,9.688,10:53:28.125
365,28.2,25.2,0.353,0.56,0.0,18.6,25.3,9.49,112.2,3.0,1.548,1.397,21.3,9.49,10:53:29.275
366,26.0,26.6,0.383,0.582,0.0,19.5,25.3,9.339,112.2,3.0,2.341,2.568,21.1,9.339,10:53:30.396
367,26.1,25.2,0.294,0.602,0.0,19.8,25.3,9.556,112.2,3.0,1.586,2.001,21.1,9.556,10:53:31.528
368,26.1,25.2,0.166,0.574,0.0,18.8,26.8,9.456,112.2,3.0,1.812,2.19,21.1,9.456,10:53:32.649
369,28.2,25.2,0.294,0.698,0.0,19.3,25.3,9.772,112.2,3.0,1.926,1.661,21.1,9.772,10:53:33.771
370,28.2,25.2,0.299,0.558,0.0,19.3,25.3,9.834,112.2,3.0,2.19,2.568,21.1,9.834,10:53:34.892
371,26.1,26.6,0.295,0.603,0.0,18.8,25.3,9.476,112.2,3.0,2.152,1.926,21.1,9.476,10:53:36.028
372,26.1,25.2,0.26,0.587,0.0,19.5,25.3,9.726,112.2,3.0,1.737,2.341,21.3,9.726,10:53:37.146
373,26.1,25.2,0.383,0.569,0.0,19.3,26.8,9.564,112.2,3.0,1.397,1.548,20.9,9.564,10:53:38.263
374,26.1,25.2,0.35,0.678,0.0,18.6,26.8,9.652,112.2,3.0,1.888,1.926,21.3,9.652,10:53:39.383
375,28.2,25.2,0.281,0.593,0.0,18.8,25.3,9.573,112.2,3.0,2.039,1.85,21.3,9.573,10:53:40.520
376,28.2,25.2,0.271,0.601,0.0,18.6,25.3,9.535,112.2,3.0,2.492,2.341,21.6,9.535,10:53:41.656
377,26.1,26.7,0.25,0.634,0.0,18.8,25.3,9.467,112.2,3.0,1.85,2.001,21.3,9.467,10:53:42.777
378,26.1,25.2,0.316,0.546,0.0,19.1,25.3,9.651,112.2,3.0,1.284,2.228,21.3,9.651,10:53:43.895
379,26.1,25.2,0.276,0.615,0.0,19.1,26.8,9.521,112.2,3.0,2.077,2.379,21.1,9.521,10:53:45.018
380,26.1,25.2,0.264,0.608,0.0,19.1,26.8,9.967,112.2,3.0,1.888,2.341,21.1,9.967,10:53:46.155
381,28.2,25.2,0.291,0.574,0.0,18.8,25.3,9.739,112.2,3.0,2.152,3.059,21.1,9.739,10:53:47.278
382,28.2,25.2,0.248,0.61,0.0,18.8,25.3,9.595,112.2,3.0,1.548,1.548,21.1,9.595,10:53:48.416
383,28.2,26.7,0.305,0.559,0.0,18.8,25.3,9.719,112.2,3.0,2.115,2.001,20.9,9.719,10:53:49.537
384,26.1,26.7,0.299,0.597,0.0,19.8,25.3,9.527,112.2,3.0,1.586,2.077,21.3,9.527,10:53:50.670
385,26.1,25.2,0.343,0.656,0.0,18.6,25.3,9.833,112.2,3.0,1.699,2.152,21.1,9.833,10:53:51.788
386,26.1,25.2,0.305,0.529,0.0,19.8,25.3,9.514,112.2,3.0,1.964,1.926,21.6,9.514,10:53:52.925
387,26.1,25.2,0.284,0.574,0.0,18.6,25.4,9.581,112.2,3.0,1.888,2.379,20.7,9.581,10:53:54.062
388,26.1,25.2,0.299,0.597,0.0,18.8,25.3,9.415,112.2,3.0,1.812,2.266,20.7,9.415,10:53:55.181
389,26.1,25.2,0.289,0.555,0.0,18.8,26.8,9.299,112.2,3.0,1.888,2.266,21.1,9.299,10:53:56.332
390,26.1,25.2,0.289,0.597,0.0,19.3,25.4,9.601,112.2,3.0,1.737,3.814,21.1,9.601,10:53:57.453
391,28.2,25.2,0.336,0.607,0.0,19.3,25.4,9.602,112.2,3.0,2.983,1.888,20.9,9.602,10:53:58.589
392,26.1,26.7,0.256,0.544,0.0,19.3,25.4,9.677,112.2,3.0,1.699,2.266,21.1,9.677,10:53:59.709
393,26.1,25.2,0.24,0.577,0.0,19.8,25.4,9.558,112.2,3.0,2.303,2.681,21.3,9.558,10:54:00.834
394,26.1,25.2,0.271,0.592,0.0,19.3,26.8,9.234,112.2,3.0,1.737,2.379,20.7,9.234,10:54:01.950
395,26.1,25.2,0.345,0.631,0.0,19.5,26.8,9.675,112.2,3.0,2.605,3.021,21.1,9.675,10:54:03.087
396,26.1,25.2,0.232,0.626,0.0,19.8,25.4,9.526,112.2,3.0,2.53,1.51,21.6,9.526,10:54:04.211
397,26.1,25.2,0.26,0.565,0.0,18.8,25.4,9.499,112.2,3.0,2.908,1.85,21.3,9.499,10:54:05.351
398,28.2,26.7,0.31,0.676,0.0,18.8,25.4,9.521,112.2,3.0,1.775,2.341,21.1,9.521,10:54:06.470
399,28.2,26.7,0.303,0.673,0.0,19.8,25.4,9.58,112.2,3.0,2.115,2.87,21.1,9.58,10:54:07.604
400,26.1,25.2,0.226,0.621,0.0,18.8,25.4,9.65,112.2,3.0,1.699,2.19,21.3,9.65,10:54:08.739
401,26.1,25.2,0.286,0.638,0.0,19.1,26.8,9.841,112.2,3.0,2.605,2.152,20.9,9.841,10:54:09.858
402,26.1,25.2,0.245,0.592,0.0,19.3,26.8,9.564,112.2,3.0,2.039,2.454,21.3,9.564,10:54:10.992
403,26.1,25.2,0.308,0.613,0.0,19.5,25.4,9.649,112.2,3.0,1.586,2.341,21.3,9.649,10:54:12.110
404,28.2,26.7,0.273,0.636,0.0,18.8,25.4,9.581,112.2,3.0,1.964,1.926,21.1,9.581,10:54:13.230
405,26.1,25.3,0.358,0.615,0.0,19.8,25.4,9.547,112.2,3.0,1.964,2.417,21.1,9.547,10:54:14.351
406,26.1,25.2,0.298,0.605,0.0,19.3,26.9,9.386,112.2,3.0,1.624,2.039,21.1,9.386,10:54:15.471
407,26.2,25.3,0.242,0.608,0.0,18.6,25.4,9.466,112.2,3.0,2.001,2.228,21.3,9.466,10:54:16.590
408,26.1,25.2,0.233,0.64,0.0,20.2,25.4,9.534,112.2,3.0,1.964,1.548,20.9,9.534,10:54:17.729
409,26.1,25.3,0.319,0.616,0.0,19.5,25.4,9.518,112.2,3.0,1.926,2.417,21.1,9.518,10:54:18.863
410,26.2,25.3,0.266,0.619,0.0,20.0,25.4,9.708,112.2,3.0,1.926,2.341,21.3,9.708,10:54:20.005
411,26.2,25.3,0.209,0.615,0.0,19.8,25.4,9.472,112.2,3.0,1.964,2.719,21.3,9.472,10:54:21.144
412,28.2,26.7,0.355,0.674,0.0,19.8,25.4,9.613,112.2,3.0,1.208,3.21,21.1,9.613,10:54:22.265
413,28.2,26.7,0.266,0.591,0.0,20.0,25.4,9.652,112.2,3.0,2.681,2.19,21.6,9.652,10:54:23.404
414,28.3,26.7,0.319,0.608,0.0,18.8,25.4,9.954,112.2,3.0,1.85,1.624,21.6,9.954,10:54:24.543
415,26.2,25.3,0.331,0.53,0.0,19.5,25.4,9.509,112.2,3.0,1.964,1.661,21.1,9.509,10:54:25.677
416,28.2,25.3,0.298,0.568,0.0,19.5,25.4,9.586,112.2,3.0,2.19,2.341,21.6,9.586,10:54:26.814
417,26.2,25.3,0.298,0.64,0.0,18.6,26.9,9.585,112.2,3.0,1.095,2.568,21.1,9.585,10:54:27.937
418,26.2,25.3,0.343,0.546,0.0,18.8,26.9,9.498,112.2,3.0,4.456,2.228,21.6,9.498,10:54:29.059
419,26.2,25.3,0.278,0.619,0.0,19.8,25.4,9.721,112.2,3.0,1.51,1.661,21.1,9.721,10:54:30.179
420,26.2,25.3,0.276,0.621,0.0,20.0,25.4,9.645,112.2,3.0,2.077,1.964,21.6,9.645,10:54:31.314
421,28.3,26.7,0.198,0.577,0.0,19.1,25.4,9.801,112.2,3.0,2.643,2.568,21.1,9.801,10:54:32.450
422,26.2,25.3,0.231,0.631,0.0,19.8,25.4,9.642,112.2,3.0,1.888,2.756,21.1,9.642,10:54:33.600
423,26.2,25.3,0.323,0.551,0.0,19.1,25.4,9.602,112.2,3.0,1.586,2.152,20.7,9.602,10:54:34.735
424,26.2,25.3,0.248,0.564,0.0,19.1,25.4,9.521,112.2,3.0,1.624,1.624,20.9,9.521,10:54:35.875
425,28.3,26.8,0.231,0.541,0.0,19.3,25.4,9.723,112.2,3.0,1.85,2.228,21.1,9.723,10:54:37.010
426,28.3,26.7,0.291,0.654,0.0,18.8,25.4,9.471,112.2,3.0,2.115,2.605,21.6,9.471,10:54:38.146
427,28.3,25.3,0.308,0.576,0.0,18.8,25.4,9.458,112.2,3.0,1.624,1.85,21.3,9.458,10:54:39.270
428,28.3,25.3,0.345,0.605,0.0,19.1,25.4,9.641,112.2,3.0,1.51,2.945,21.1,9.641,10:54:40.406
429,26.2,25.3,0.304,0.619,0.0,18.8,26.9,9.446,112.2,3.0,2.832,2.19,20.7,9.446,10:54:41.528
430,26.2,25.3,0.295,0.668,0.0,19.5,26.9,9.577,112.2,3.0,2.454,1.397,21.3,9.577,10:54:42.662
431,26.2,25.3,0.308,0.588,0.0,19.8,26.9,9.611,112.2,3.0,1.775,2.492,21.1,9.611,10:54:43.796
432,26.2,25.3,0.365,0.656,0.0,20.0,25.5,9.69,112.2,3.0,1.246,2.341,20.9,9.69,10:54:44.931
433,26.2,25.3,0.261,0.638,0.0,19.3,25.4,9.662,112.2,3.0,1.624,2.077,21.1,9.662,10:54:46.069
434,26.2,25.3,0.358,0.593,0.0,18.8,25.4,9.535,112.2,3.0,1.359,2.228,20.9,9.535,10:54:47.206
435,26.2,25.3,0.281,0.543,0.0,19.8,25.5,9.602,112.2,3.0,2.228,2.077,21.3,9.602,10:54:48.344
436,26.2,25.3,0.295,0.643,0.0,19.8,25.4,9.554,112.2,3.0,1.812,2.454,21.1,9.554,10:54:49.476
437,26.2,26.8,0.247,0.596,0.0,19.1,25.4,9.465,112.2,3.0,1.699,3.738,21.1,9.465,10:54:50.615
438,26.2,25.3,0.366,0.629,0.0,19.5,25.5,9.742,112.2,3.0,1.964,2.266,21.1,9.742,10:54:51.780
439,26.2,25.3,0.26,0.605,0.0,19.5,25.5,9.647,112.2,3.0,1.85,2.266,21.3,9.647,10:54:52.917
440,26.2,25.3,0.26,0.607,0.0,19.3,25.5,9.717,112.2,3.0,2.756,2.001,21.3,9.717,10:54:54.054
441,26.2,25.3,0.328,0.654,0.0,19.1,25.5,9.903,112.2,3.0,2.681,1.397,21.1,9.903,10:54:55.189
442,26.2,25.3,0.269,0.592,0.0,19.8,25.5,9.541,112.2,3.0,1.85,2.756,21.1,9.541,10:54:56.325
443,26.2,25.3,0.299,0.597,0.0,18.8,25.4,9.458,112.2,3.0,1.964,2.568,21.6,9.458,10:54:57.463
444,26.2,25.3,0.331,0.525,0.0,18.8,25.5,9.366,112.2,3.0,1.812,2.266,21.1,9.366,10:54:58.604
445,26.2,25.3,0.388,0.569,0.0,19.1,25.5,9.671,112.2,3.0,2.681,2.643,21.3,9.671,10:54:59.743
446,26.2,25.3,0.308,0.691,0.0,18.8,25.4,9.523,112.2,3.0,2.039,2.228,21.1,9.523,10:55:00.882
447,26.2,25.3,0.314,0.548,0.0,19.1,25.5,9.837,112.2,3.0,2.077,1.888,20.9,9.837,10:55:02.022
448,26.2,25.3,0.283,0.63,0.0,19.3,25.5,9.743,112.2,3.0,1.926,2.115,21.1,9.743,10:55:03.154
449,26.2,26.8,0.283,0.654,0.0,19.5,25.5,9.707,112.2,3.0,2.379,2.756,21.1,9.707,10:55:04.288
450,26.2,26.8,0.338,0.601,0.0,19.3,25.5,9.586,112.2,3.0,1.435,2.492,21.6,9.586,10:55:05.424
451,28.3,25.3,0.385,0.684,0.0,19.1,25.5,9.637,112.2,3.0,2.908,1.812,21.1,9.637,10:55:06.557
452,28.3,25.3,0.289,0.571,0.0,18.8,25.5,9.522,112.2,3.0,1.926,1.812,21.3,9.522,10:55:07.694
453,26.2,25.3,0.208,0.56,0.0,18.8,26.9,9.369,112.2,3.0,1.888,2.115,21.3,9.369,10:55:08.894
454,28.3,25.3,0.27,0.635,0.0,18.8,25.5,9.627,112.2,3.0,1.586,2.379,21.3,9.627,10:55:10.056
455,28.3,25.3,0.243,0.603,0.0,18.8,26.9,9.858,112.2,3.0,1.284,2.568,21.3,9.858,10:55:11.195
456,26.2,25.3,0.348,0.612,0.0,19.3,26.9,9.591,112.2,3.0,1.775,2.492,21.1,9.591,10:55:12.329
457,26.2,25.3,0.293,0.588,0.0,18.6,26.9,9.496,112.2,3.0,1.964,2.228,21.3,9.496,10:55:13.460
458,26.2,25.3,0.294,0.577,0.0,19.8,26.9,9.6,112.2,3.0,1.85,2.379,21.1,9.6,10:55:14.592
459,26.2,25.3,0.266,0.61,0.0,19.3,26.9,9.801,112.2,3.0,3.663,2.152,21.1,9.801,10:55:15.739
460,26.2,25.3,0.293,0.598,0.0,19.3,26.9,9.646,112.2,3.0,2.681,2.077,21.3,9.646,10:55:16.876
461,26.2,25.3,0.264,0.511,0.0,19.5,25.5,9.576,112.2,3.0,1.51,2.19,21.3,9.576,10:55:18.010
462,26.2,25.3,0.203,0.592,0.0,19.1,26.9,10.476,112.2,3.0,2.87,2.039,21.1,10.476,10:55:19.161
463,26.2,25.3,0.286,0.577,0.0,20.2,25.5,9.592,112.2,3.0,2.001,2.152,21.6,9.592,10:55:20.295
464,26.2,25.3,0.206,0.546,0.0,19.8,25.5,9.64,112.2,3.0,1.737,2.077,21.3,9.64,10:55:21.428
465,26.2,26.7,0.377,0.663,0.0,18.8,25.5,9.599,112.2,3.0,2.417,2.719,21.1,9.599,10:55:22.561
466,26.2,26.8,0.269,0.603,0.0,19.8,25.5,9.731,112.2,3.0,1.284,2.115,21.3,9.731,10:55:23.693
467,26.2,26.8,0.398,0.678,0.0,19.8,25.5,9.634,112.2,3.0,1.699,3.247,21.1,9.634,10:55:24.826
468,26.2,26.7,0.223,0.635,0.0,18.6,25.5,9.567,112.2,3.0,1.661,2.115,21.1,9.567,10:55:25.964
469,26.2,26.7,0.259,0.56,0.0,19.8,25.5,9.475,112.2,3.0,1.737,2.077,21.1,9.475,10:55:27.115
470,26.2,26.7,0.332,0.621,0.0,19.3,25.5,9.586,112.2,3.0,2.19,2.001,21.1,9.586,10:55:28.255
471,26.2,25.3,0.394,0.574,0.0,18.6,26.9,9.555,112.2,3.0,1.699,1.926,21.1,9.555,10:55:29.423
472,26.2,25.3,0.305,0.612,0.0,18.8,25.5,9.563,112.2,3.0,1.397,2.379,21.1,9.563,10:55:30.561
473,28.3,25.3,0.242,0.563,0.0,19.8,26.9,9.474,112.2,3.0,2.077,1.586,21.1,9.474,10:55:31.722
474,28.3,25.3,0.227,0.541,0.0,18.4,26.9,9.524,112.2,3.0,2.303,2.379,21.6,9.524,10:55:32.858
475,28.3,25.3,0.304,0.681,0.0,18.8,26.9,9.815,112.2,3.0,1.888,2.643,20.9,9.815,10:55:33.993
476,26.2,25.3,0.276,0.636,0.0,19.1,25.5,9.43,112.2,3.0,2.001,2.341,21.6,9.43,10:55:35.125
477,26.2,25.3,0.243,0.568,0.0,18.6,25.5,9.874,112.2,3.0,1.964,2.303,21.6,9.874,10:55:36.258
478,26.2,25.3,0.271,0.646,0.0,19.3,25.5,9.709,112.2,3.0,1.548,2.53,21.1,9.709,10:55:37.395
479,26.2,26.7,0.303,0.612,0.0,19.3,25.5,9.673,112.2,3.0,2.077,2.681,21.1,9.673,10:55:38.525
480,26.2,26.7,0.264,0.613,0.0,18.4,25.5,9.423,112.2,3.0,2.303,1.85,21.3,9.423,10:55:39.661
481,26.2,26.7,0.288,0.619,0.0,18.8,25.5,9.602,112.2,3.0,1.926,2.719,21.1,9.602,10:55:40.801
482,26.2,26.7,0.231,0.579,0.0,19.8,25.5,9.699,112.2,3.0,2.379,2.19,20.9,9.699,10:55:41.936
483,26.2,26.7,0.281,0.656,0.0,19.3,25.5,9.625,112.2,3.0,1.435,2.87,20.9,9.625,10:55:43.087
484,28.3,25.3,0.281,0.548,0.0,19.3,26.9,9.534,112.2,3.0,1.51,2.19,20.9,9.534,10:55:44.257
485,28.3,25.3,0.345,0.619,0.0,19.8,26.9,9.56,112.2,3.0,2.454,2.454,21.1,9.56,10:55:45.394
486,26.2,25.3,0.341,0.651,0.0,19.8,25.5,9.364,112.2,3.0,2.983,3.247,20.9,9.364,10:55:46.527
487,28.3,25.3,0.313,0.603,0.0,19.1,27.0,9.687,112.2,3.0,2.681,2.832,21.1,9.687,10:55:47.685
488,28.3,25.3,0.154,0.553,0.0,19.3,25.5,9.484,112.2,3.0,1.473,3.247,21.1,9.484,10:55:48.819
489,28.3,25.3,0.3,0.601,0.0,20.0,25.5,9.621,112.2,3.0,1.359,3.172,21.1,9.621,10:55:49.956
490,26.2,25.3,0.314,0.563,0.0,19.3,25.5,9.633,112.2,3.0,2.152,1.85,21.1,9.633,10:55:51.091
491,26.2,25.3,0.36,0.671,0.0,19.8,25.5,9.764,112.2,3.0,2.568,2.417,21.6,9.764,10:55:52.229
492,26.2,25.3,0.254,0.643,0.0,19.1,25.5,9.484,112.2,3.0,2.001,2.228,21.6,9.484,10:55:53.365
493,26.3,26.7,0.281,0.691,0.0,19.5,25.5,9.184,112.2,3.0,2.832,2.266,21.6,9.184,10:55:54.500
494,28.3,25.3,0.319,0.63,0.0,19.8,25.5,9.603,112.2,3.0,1.246,3.172,21.1,9.603,10:55:55.654
495,28.3,25.3,0.283,0.696,0.0,19.3,27.0,9.527,112.2,3.0,1.473,1.775,21.1,9.527,10:55:56.807
496,28.3,25.3,0.303,0.663,0.0,19.8,27.0,9.741,112.2,3.0,1.661,1.737,21.3,9.741,10:55:57.941
497,28.3,25.3,0.332,0.563,0.0,19.8,25.5,9.531,112.2,3.0,1.548,2.228,21.3,9.531,10:55:59.078
498,28.3,25.3,0.293,0.549,0.0,19.8,25.5,9.618,112.2,3.0,1.775,2.077,21.1,9.618,10:56:00.213
499,26.2,25.3,0.27,0.659,0.0,19.1,25.5,9.28,112.2,3.0,2.152,2.605,21.6,9.28,10:56:01.349
500,26.2,26.7,0.273,0.525,0.0,19.1,25.5,9.576,112.2,3.0,1.699,2.756,21.1,9.576,10:56:02.483
501,28.3,25.3,0.38,0.551,0.0,19.8,25.5,9.743,112.2,3.0,1.322,2.228,21.1,9.743,10:56:03.635
502,28.3,25.3,0.343,0.671,0.0,18.4,25.5,9.51,112.2,3.0,1.737,2.454,21.1,9.51,10:56:04.780
503,28.3,25.3,0.372,0.607,0.0,19.3,25.5,9.76,112.2,3.0,1.624,1.624,21.6,9.76,10:56:05.919
504,28.3,25.3,0.298,0.651,0.0,18.8,25.5,9.526,112.2,3.0,1.51,1.888,21.6,9.526,10:56:07.052
505,26.3,26.8,0.298,0.612,0.0,19.5,25.5,9.496,112.2,3.0,2.492,3.436,21.1,9.496,10:56:08.188
506,26.3,26.8,0.327,0.615,0.0,19.8,25.5,9.829,112.2,3.0,2.492,2.303,21.6,9.829,10:56:09.324
507,28.3,25.3,0.281,0.602,0.0,18.8,25.5,9.426,112.2,3.0,1.85,2.039,21.6,9.426,10:56:10.475
508,26.3,25.3,0.288,0.631,0.0,19.3,25.5,9.404,112.2,3.0,2.341,2.228,21.1,9.404,10:56:11.613
509,26.3,26.8,0.254,0.596,0.0,19.8,25.5,9.417,112.2,3.0,1.85,2.87,21.6,9.417,10:56:12.749
510,26.3,26.8,0.308,0.668,0.0,19.3,25.5,9.687,112.2,3.0,1.397,2.605,21.6,9.687,10:56:13.887
511,28.3,25.3,0.265,0.682,0.0,19.1,25.5,9.683,112.2,3.0,1.926,2.152,20.9,9.683,10:56:15.041
512,26.3,25.3,0.333,0.569,0.0,19.3,25.5,9.854,112.2,3.0,2.379,1.737,21.1,9.854,10:56:16.179
513,26.3,26.8,0.295,0.593,0.0,19.8,25.5,9.528,112.2,3.0,3.247,2.341,21.3,9.528,10:56:17.312
514,26.3,26.8,0.288,0.625,0.0,19.8,25.5,9.672,112.2,3.0,2.643,3.134,21.6,9.672,10:56:18.450
515,28.4,25.3,0.251,0.586,0.0,19.3,25.5,9.57,112.2,3.0,2.492,2.53,21.3,9.57,10:56:19.604
516,28.3,25.3,0.336,0.549,0.0,18.6,25.5,9.541,112.2,3.0,1.624,2.417,21.1,9.541,10:56:20.748
517,28.3,25.3,0.165,0.587,0.0,19.3,25.5,10.126,112.2,3.0,2.303,2.379,21.1,10.126,10:56:21.882
518,28.3,25.3,0.385,0.603,0.0,19.5,25.5,9.551,112.2,3.0,2.077,2.53,21.1,9.551,10:56:23.023
519,26.3,26.8,0.278,0.64,0.0,19.5,25.5,9.558,112.2,3.0,1.699,2.19,21.1,9.558,10:56:24.159
520,26.3,26.8,0.347,0.605,0.0,19.3,25.5,9.615,112.2,3.0,1.964,2.794,21.1,9.615,10:56:25.297
521,26.3,26.8,0.256,0.564,0.0,20.0,25.5,9.419,112.2,3.0,2.115,2.152,21.1,9.419,10:56:26.432
522,26.3,26.8,0.28,0.676,0.0,18.8,25.5,9.735,112.2,3.0,1.473,1.926,21.6,9.735,10:56:27.570
523,28.4,25.3,0.236,0.615,0.0,19.3,25.5,9.824,112.2,3.0,1.661,1.964,21.8,9.824,10:56:28.726
524,28.4,25.3,0.293,0.593,0.0,19.3,25.6,9.616,112.2,3.0,1.624,2.454,21.1,9.616,10:56:29.874
525,26.3,25.3,0.247,0.597,0.0,19.3,25.6,9.608,112.2,3.0,2.001,2.266,21.6,9.608,10:56:31.022
526,28.4,25.3,0.305,0.613,0.0,19.3,25.6,9.652,112.2,3.0,1.586,2.228,21.1,9.652,10:56:32.159
527,28.3,25.3,0.286,0.631,0.0,19.5,25.5,9.613,112.2,3.0,1.548,2.228,21.3,9.613,10:56:33.295
