Log,mixer_motor_temperature_M1,mixer_speed_M2,cp_temperature,cp_pressure,cp_flowrate,mixer_pressure,mixer_temperature_Funnel_outlet,mixer_torque_M2,mixer_temperature_Funnel,ac_flowrate,mixer_speed_M1,mixer_motor_temperature_M2,mixer_torque_M1,Time
1,18.4,48.919,24.1,0.078,3.0,0.186,26.6,1.624,26.3,103.2,48.919,19.5,1.926,12:11:45.872
2,18.4,60.006,24.1,0.106,3.0,0.199,24.5,1.208,24.8,103.2,60.006,19.8,1.699,12:11:46.982
3,18.4,59.988,24.1,0.044,3.0,0.204,26.6,1.548,26.3,103.2,59.988,19.5,1.775,12:11:48.088
4,17.9,60.009,25.5,0.077,3.0,0.201,24.5,1.737,24.8,103.2,60.009,19.5,1.85,12:11:49.192
5,18.2,60.026,24.1,0.05,3.0,0.214,26.6,1.699,26.3,103.2,60.026,19.5,1.397,12:11:50.292
6,17.9,60.034,24.1,0.117,3.0,0.209,24.5,1.85,24.8,103.2,60.034,19.5,1.473,12:11:51.396
7,18.6,60.039,24.1,0.072,3.0,0.183,24.5,1.661,24.8,103.2,60.039,20.2,1.397,12:11:52.497
8,18.4,60.034,24.1,0.148,3.0,0.283,24.5,1.208,24.8,103.2,60.034,20.2,1.473,12:11:53.601
9,18.2,59.984,25.5,0.072,3.0,0.212,24.5,1.661,24.8,103.2,59.984,19.8,1.51,12:11:54.706
10,18.2,60.054,24.1,0.062,3.0,0.186,26.6,1.359,26.3,103.2,60.054,19.5,1.775,12:11:55.815
11,18.2,59.98,25.5,0.127,3.0,0.227,24.5,2.001,24.8,103.2,59.98,19.8,2.115,12:11:56.918
12,18.4,60.029,24.1,0.042,3.0,0.178,24.5,2.039,24.8,103.2,60.029,19.5,1.661,12:11:58.026
13,18.4,60.022,24.1,0.065,3.0,0.181,24.5,1.473,24.8,103.2,60.022,20.2,1.171,12:11:59.129
14,18.4,59.925,24.1,0.045,3.0,0.221,24.5,1.548,24.8,103.2,59.925,19.8,1.208,12:12:00.235
15,18.4,59.977,24.1,0.087,3.0,0.199,26.6,1.435,24.8,103.2,59.977,19.5,1.737,12:12:01.340
16,18.4,60.014,25.5,0.063,3.0,0.217,24.5,1.737,24.9,103.2,60.014,19.8,2.001,12:12:02.447
17,18.2,60.006,24.1,0.067,3.0,0.216,24.5,1.85,24.9,103.2,60.006,20.0,2.039,12:12:03.556
18,18.2,60.02,24.1,0.083,3.0,0.151,26.6,1.775,24.9,103.2,60.02,19.8,1.397,12:12:04.660
19,17.9,60.042,24.1,0.082,3.0,0.214,24.5,1.586,24.9,103.2,60.042,19.5,1.246,12:12:05.763
20,18.4,60.033,24.1,0.084,3.0,0.204,26.6,1.699,24.9,103.2,60.033,19.8,1.359,12:12:06.867
21,18.2,60.038,25.5,0.07,3.0,0.168,24.5,1.284,24.9,103.2,60.038,19.5,1.548,12:12:07.977
22,17.9,59.914,24.1,0.077,3.0,0.192,24.5,1.661,26.4,103.2,59.914,19.1,1.397,12:12:09.081
23,17.9,60.038,25.5,0.078,3.0,0.194,26.6,1.775,25.0,103.2,60.038,20.0,1.699,12:12:10.188
24,18.4,60.04,24.1,0.084,3.0,0.208,24.6,1.737,25.1,103.2,60.04,20.0,1.397,12:12:11.293
25,18.4,60.034,24.1,0.07,3.0,0.197,26.6,1.888,25.1,103.2,60.034,19.5,1.473,12:12:12.404
26,18.6,60.116,25.5,0.095,3.0,0.175,24.6,1.359,25.2,103.2,60.116,19.5,1.284,12:12:13.507
27,18.8,59.948,24.1,0.078,3.0,0.194,24.6,1.51,26.8,103.2,59.948,19.5,1.737,12:12:14.612
28,18.4,59.992,25.5,0.087,3.0,0.211,26.7,1.435,25.4,103.2,59.992,20.2,1.548,12:12:15.716
29,18.4,60.001,24.1,0.074,3.0,0.192,24.6,1.51,26.9,103.2,60.055,20.2,1.775,12:12:16.823
30,18.4,59.976,24.1,0.062,3.0,0.179,24.6,1.926,25.5,103.2,59.976,19.5,1.699,12:12:17.930
31,18.4,60.101,25.5,0.082,3.0,0.203,24.6,1.737,25.6,103.2,60.101,20.0,1.435,12:12:19.037
32,18.4,59.966,24.1,0.092,3.0,0.186,24.6,1.812,27.2,103.2,59.966,19.5,1.435,12:12:20.143
33,18.6,60.035,25.5,0.092,3.0,0.184,26.7,1.624,25.7,103.2,60.035,19.5,1.397,12:12:21.249
34,18.4,59.933,24.1,0.137,3.0,0.209,24.6,1.397,25.8,103.2,59.933,20.0,1.661,12:12:22.356
35,18.6,59.998,24.1,0.117,3.0,0.116,24.6,1.435,25.9,103.2,59.998,20.0,1.926,12:12:23.465
36,18.4,59.891,25.5,0.059,3.0,0.173,26.7,1.661,26.0,103.2,59.891,20.2,1.85,12:12:24.576
37,18.2,59.948,24.1,0.06,3.0,0.214,24.7,2.039,27.5,103.2,59.948,19.8,1.586,12:12:25.683
38,17.9,60.03,24.1,0.072,3.0,0.184,24.7,1.737,26.1,103.2,60.03,20.2,1.548,12:12:26.793
39,18.4,60.011,25.5,0.126,3.0,0.186,26.7,1.964,26.2,103.2,60.011,19.8,1.246,12:12:27.914
40,18.4,59.965,24.1,0.074,3.0,0.181,24.7,2.001,27.8,103.2,59.965,20.2,1.133,12:12:29.022
41,17.9,59.977,24.1,0.126,3.0,0.286,24.7,1.737,26.4,103.2,59.977,19.8,1.397,12:12:30.134
42,18.2,59.951,24.1,0.107,3.0,0.188,26.8,1.586,26.5,103.2,59.951,19.3,1.208,12:12:31.241
43,18.4,60.06,24.1,0.14,3.0,0.173,24.7,0.906,28.1,103.2,60.06,20.2,1.548,12:12:32.348
44,18.4,60.019,25.5,0.059,3.0,0.201,26.8,1.51,26.7,103.2,60.019,19.5,2.039,12:12:33.453
45,18.4,60.023,24.1,0.088,3.0,0.165,24.7,1.888,26.7,103.2,60.023,19.8,2.039,12:12:34.556
46,18.4,60.002,24.1,0.078,3.0,0.184,24.7,2.001,26.8,103.2,60.002,19.5,1.473,12:12:35.656
47,18.4,60.033,24.1,0.079,3.0,0.197,24.7,1.548,26.9,103.2,60.033,19.5,1.208,12:12:36.763
48,18.2,60.039,24.1,0.121,3.0,0.171,24.7,1.624,26.9,103.2,60.039,19.5,1.397,12:12:37.868
49,17.9,59.975,25.5,0.105,3.0,0.193,26.8,1.473,26.9,103.2,59.975,19.8,1.661,12:12:38.973
50,18.4,59.906,24.1,0.048,3.0,0.151,24.8,1.51,28.4,103.2,59.906,20.2,2.039,12:12:40.076
51,18.6,60.013,25.5,0.1,3.0,0.149,24.8,1.926,27.0,103.2,60.013,19.8,1.737,12:12:41.180
52,18.2,59.971,24.1,0.096,3.0,0.203,24.8,2.039,28.5,103.2,59.971,20.0,1.548,12:12:42.283
53,18.4,60.058,25.5,0.072,3.0,0.212,24.8,1.322,27.1,103.2,60.058,19.5,1.359,12:12:43.383
54,18.4,60.016,24.1,0.092,3.0,0.255,26.9,1.586,27.1,103.2,60.016,19.5,1.359,12:12:44.489
55,17.9,60.016,24.1,0.092,3.0,0.186,24.8,1.208,28.6,103.2,60.016,20.0,1.51,12:12:45.596
56,18.4,59.992,25.6,0.084,3.0,0.214,26.9,1.699,27.1,103.2,59.992,20.0,1.812,12:12:46.703
57,18.4,60.0,24.1,0.052,3.0,0.164,24.8,1.926,28.6,103.2,60.0,20.0,2.001,12:12:47.809
58,18.4,60.01,25.5,0.126,3.0,0.194,24.8,1.888,27.1,103.2,60.01,20.0,1.473,12:12:48.909
59,18.4,60.082,24.1,1.408,3.0,0.14,26.9,1.51,27.2,103.2,60.082,20.0,1.171,12:12:50.010
60,18.2,59.981,24.1,0.839,3.0,0.228,24.9,1.586,27.1,103.2,59.981,19.8,1.359,12:12:51.117
61,17.9,60.019,25.5,0.697,3.0,0.199,24.9,1.284,27.2,103.2,60.019,20.0,1.661,12:12:52.226
62,18.6,60.016,24.1,0.591,3.0,0.212,27.0,1.699,28.6,103.2,60.016,19.8,1.85,12:12:53.334
63,18.4,59.983,25.6,0.684,3.0,0.181,24.9,1.661,27.1,103.2,59.983,19.5,2.039,12:12:54.441
64,18.4,59.941,24.1,0.598,3.0,0.232,27.0,2.039,27.2,103.2,59.941,19.8,1.775,12:12:55.546
65,18.6,60.051,24.1,0.616,3.0,0.15,24.9,2.152,27.2,103.2,60.051,19.8,1.322,12:12:56.649
66,18.2,60.039,25.6,0.496,3.0,0.211,24.9,1.548,27.2,103.2,60.039,19.5,1.171,12:12:57.755
67,18.6,59.962,24.1,0.548,3.0,0.155,25.0,1.435,28.6,103.2,59.962,19.8,1.624,12:12:58.861
68,18.2,59.962,25.6,0.559,3.0,0.183,25.0,1.359,27.1,103.2,59.962,19.5,1.737,12:12:59.969
69,18.4,59.922,24.1,0.586,3.0,0.164,27.1,1.548,27.1,103.2,59.922,20.0,1.775,12:13:01.080
70,18.2,59.985,24.1,0.502,3.0,0.251,25.0,1.926,27.1,103.2,59.985,20.0,1.812,12:13:02.171
71,18.2,59.952,24.1,0.521,3.0,0.209,25.0,2.077,27.1,103.2,59.952,19.8,1.661,12:13:03.278
72,18.4,60.039,24.1,0.588,3.0,0.273,25.0,1.397,27.1,103.2,60.039,20.0,1.284,12:13:04.376
73,17.9,60.093,25.6,0.586,3.0,0.264,25.0,1.246,27.1,103.2,60.093,19.8,1.624,12:13:05.481
74,18.4,59.951,24.1,0.624,3.0,0.223,27.1,1.51,28.6,103.2,59.951,19.5,1.775,12:13:06.590
75,18.6,60.009,24.1,0.56,3.0,0.247,25.1,1.548,27.1,103.2,60.009,20.0,1.926,12:13:07.696
76,18.6,59.91,24.2,0.596,3.0,0.265,27.2,2.039,27.1,103.2,59.91,19.5,1.888,12:13:08.801
77,18.4,60.002,24.2,0.573,3.0,0.227,25.1,2.001,27.1,103.2,60.002,20.4,1.322,12:13:09.906
78,17.9,60.19,25.6,0.502,3.0,0.198,25.1,1.548,27.1,103.2,60.19,20.0,1.435,12:13:11.013
79,18.2,60.13,24.2,0.549,3.0,0.26,27.2,1.737,28.5,103.2,60.13,19.8,1.624,12:13:12.117
80,18.4,59.776,24.1,0.571,3.0,0.209,25.1,1.397,27.0,103.2,59.776,19.5,1.926,12:13:13.224
81,18.6,59.936,24.2,0.569,3.0,0.261,27.2,1.812,27.0,103.2,59.936,19.5,2.454,12:13:14.327
82,18.4,59.971,24.2,0.64,3.0,0.232,25.1,1.964,28.5,103.2,59.971,19.3,2.152,12:13:15.440
83,18.4,60.043,25.6,0.536,3.0,0.223,25.2,2.001,27.0,103.2,60.043,20.2,1.661,12:13:16.541
84,18.8,60.016,24.2,0.576,3.0,0.204,27.2,2.228,28.5,103.2,60.016,20.2,1.775,12:13:17.648
85,19.1,59.848,25.6,0.496,3.0,0.203,25.2,1.964,27.0,103.2,59.848,19.3,2.001,12:13:18.751
86,18.4,60.048,24.2,0.529,3.0,0.238,25.2,1.964,27.0,103.2,60.048,19.5,1.964,12:13:19.860
87,17.9,59.762,24.2,0.619,3.0,0.256,25.2,1.812,28.4,103.2,59.762,20.2,2.53,12:13:20.964
88,18.6,59.882,25.6,0.564,3.0,0.24,25.2,1.812,27.0,103.2,59.882,19.8,2.077,12:13:22.067
89,18.4,59.898,24.2,0.531,3.0,0.232,27.3,2.19,26.9,103.2,59.898,20.2,1.888,12:13:23.177
90,18.2,60.033,24.2,0.607,3.0,0.222,25.2,2.266,26.9,103.2,60.033,19.8,1.964,12:13:24.283
91,17.9,59.927,24.2,0.658,3.0,0.238,25.2,1.964,26.9,103.2,59.927,20.2,2.001,12:13:25.393
92,18.4,59.982,24.2,0.574,3.0,0.228,27.3,1.888,28.4,103.2,59.982,19.8,1.926,12:13:26.499
93,18.2,60.395,24.2,0.586,3.0,0.271,25.2,2.001,26.9,103.2,60.395,19.8,1.926,12:13:27.621
94,18.4,60.122,25.6,0.481,3.0,0.289,25.2,1.812,26.9,103.2,60.122,19.5,1.661,12:13:28.742
95,18.4,60.064,24.2,0.551,3.0,0.245,27.3,1.473,26.9,103.2,60.064,20.0,2.001,12:13:29.848
96,18.4,59.891,24.2,0.551,3.0,0.211,25.2,2.001,26.8,103.2,59.891,20.2,2.152,12:13:30.957
97,18.4,60.029,25.6,0.586,3.0,0.3,25.2,2.492,26.8,103.2,60.029,19.5,2.228,12:13:32.062
98,18.4,59.979,24.2,0.558,3.0,0.222,27.3,2.492,28.3,103.2,59.979,19.8,2.039,12:13:33.164
99,18.8,59.888,25.6,0.588,3.0,0.286,25.2,2.077,26.8,103.2,59.888,19.8,1.435,12:13:34.273
100,18.4,60.081,24.2,0.603,3.0,0.242,27.3,1.737,26.8,103.2,60.081,19.8,1.661,12:13:35.374
101,18.8,60.056,24.2,0.577,3.0,0.238,25.3,1.661,26.8,103.2,60.056,19.8,2.115,12:13:36.478
102,18.4,59.865,25.6,0.56,3.0,0.208,25.3,2.719,26.8,103.2,59.865,20.2,2.417,12:13:37.589
103,18.4,59.888,24.2,0.596,3.0,0.217,25.3,1.812,26.7,103.2,59.888,20.2,3.285,12:13:38.714
104,18.4,60.064,24.2,0.546,3.0,0.197,27.3,2.19,28.2,103.2,60.064,20.0,2.568,12:13:39.833
105,18.4,59.922,25.6,0.54,3.0,0.269,25.3,2.492,26.7,103.2,59.922,20.0,2.454,12:13:40.943
106,18.6,59.937,24.2,0.648,3.0,0.281,25.3,3.021,26.7,103.2,59.937,20.2,2.228,12:13:42.049
107,18.2,59.977,24.2,0.549,3.0,0.309,25.3,2.832,28.2,103.2,59.977,20.0,1.699,12:13:43.155
108,18.6,60.001,24.2,0.501,3.0,0.228,25.3,2.643,26.7,103.2,60.001,20.0,2.303,12:13:44.279
109,19.1,59.817,24.2,0.608,3.0,0.254,25.3,2.228,26.7,103.2,59.817,20.2,2.341,12:13:45.392
110,18.4,60.116,24.2,0.581,3.0,0.222,27.4,2.228,28.2,103.2,60.116,20.2,2.152,12:13:46.501
111,18.8,59.912,24.2,0.563,3.0,0.197,25.3,2.53,26.7,103.2,59.912,19.8,1.888,12:13:47.624
112,18.6,59.938,25.6,0.571,3.0,0.25,25.3,2.417,26.7,103.2,59.938,20.7,2.115,12:13:48.745
113,18.2,60.312,24.2,0.525,3.0,0.316,25.3,2.454,26.7,103.2,60.312,20.0,2.417,12:13:49.858
114,18.4,60.011,24.2,0.593,3.0,0.248,27.4,2.303,28.1,103.2,60.011,20.0,2.908,12:13:50.965
115,18.4,59.993,25.6,0.597,3.0,0.222,25.3,2.417,26.6,103.2,59.993,20.2,2.152,12:13:52.070
116,18.4,59.988,24.2,0.525,3.0,0.245,27.4,3.134,28.1,103.2,59.988,20.2,2.341,12:13:53.172
117,18.8,59.879,25.6,0.53,3.0,0.242,25.3,2.53,26.6,103.2,59.879,20.2,2.379,12:13:54.275
118,18.8,59.842,24.2,0.616,3.0,0.223,27.4,2.077,26.6,103.2,59.842,20.0,2.19,12:13:55.378
119,18.4,59.686,24.2,0.536,3.0,0.24,25.3,2.228,26.6,103.2,59.686,20.4,2.605,12:13:56.487
120,18.8,59.968,25.6,0.586,3.0,0.26,25.3,3.096,26.6,103.2,59.968,20.7,2.643,12:13:57.610
121,18.6,59.873,24.2,0.555,3.0,0.256,25.3,2.115,26.6,103.2,59.873,20.0,2.643,12:13:58.719
122,18.4,59.96,24.2,0.596,3.0,0.251,27.4,2.945,28.1,103.2,59.96,20.4,2.756,12:13:59.840
123,18.6,59.932,24.2,0.648,3.0,0.356,25.3,2.643,26.6,103.2,59.932,20.0,2.908,12:14:00.945
124,18.4,60.013,25.6,0.568,3.0,0.221,25.3,4.078,26.6,103.2,60.013,20.2,2.379,12:14:02.071
125,18.4,59.865,24.2,0.573,3.0,0.243,27.4,3.021,28.0,103.2,59.865,20.2,2.115,12:14:03.180
126,18.4,59.657,24.2,0.605,3.0,0.304,25.3,2.87,26.6,103.2,59.657,20.0,2.87,12:14:04.303
127,18.4,58.811,25.7,0.521,3.0,0.323,25.3,2.53,26.6,103.2,58.811,20.0,3.625,12:14:05.413
128,18.2,59.784,24.2,0.62,3.0,0.228,27.4,2.983,26.6,103.2,59.784,20.0,2.454,12:14:06.522
129,18.8,59.966,24.2,0.587,3.0,0.259,25.3,3.474,26.5,103.2,59.966,20.2,2.228,12:14:07.627
130,18.4,60.015,25.6,0.543,3.0,0.233,25.3,2.266,26.5,103.2,60.015,20.2,3.134,12:14:08.732
131,18.8,59.741,24.2,0.603,3.0,0.27,27.4,2.681,26.5,103.2,59.741,20.2,2.756,12:14:09.852
132,18.4,59.904,24.2,0.615,3.0,0.271,25.3,2.719,26.5,103.2,59.904,20.4,2.53,12:14:10.959
133,18.6,60.024,24.2,0.52,3.0,0.303,25.3,2.266,26.5,103.2,60.024,20.2,2.039,12:14:12.095
134,18.4,59.928,24.2,0.598,3.0,0.254,25.3,2.417,26.5,103.2,59.928,20.4,2.492,12:14:13.211
135,18.4,61.737,24.2,0.525,3.0,0.264,27.4,2.568,28.0,103.2,61.737,20.0,2.794,12:14:14.320
136,19.1,60.093,24.2,0.546,3.0,0.237,25.3,2.719,26.5,103.2,60.093,20.7,2.794,12:14:15.431
137,18.8,60.217,25.7,0.541,3.0,0.245,25.3,2.983,26.5,103.2,60.217,20.2,2.756,12:14:16.539
138,18.6,59.847,24.2,0.536,3.0,0.286,27.4,3.172,27.9,103.2,59.847,20.7,2.341,12:14:17.647
139,18.2,59.634,24.2,0.593,3.0,0.236,25.3,3.172,26.5,103.2,59.634,20.4,2.832,12:14:18.757
140,18.8,59.978,25.7,0.531,3.0,0.261,25.3,2.832,26.5,103.2,59.978,20.7,2.605,12:14:19.881
141,18.4,59.921,24.2,0.63,3.0,0.31,25.3,2.87,26.5,103.2,59.921,20.2,2.87,12:14:21.002
142,19.3,59.949,24.2,0.646,3.0,0.228,27.4,2.681,27.9,103.2,59.949,20.2,1.737,12:14:22.128
143,18.6,60.035,24.2,0.584,3.0,0.273,25.3,3.021,26.4,103.2,60.035,20.2,2.303,12:14:23.236
144,18.8,60.106,25.7,0.615,3.0,0.25,25.3,2.19,26.4,103.2,60.106,20.2,2.454,12:14:24.346
145,18.4,59.822,24.2,0.555,3.0,0.233,27.4,2.605,27.9,103.2,59.822,20.2,3.323,12:14:25.454
146,18.2,59.956,24.2,0.549,3.0,0.363,27.3,2.341,27.9,103.2,59.956,20.4,2.605,12:14:26.579
147,18.4,59.81,25.7,0.616,3.0,0.266,25.3,3.323,26.4,103.2,59.81,20.2,2.945,12:14:27.685
148,18.4,60.019,24.2,0.596,3.0,0.293,27.4,4.04,26.4,103.2,60.019,20.7,3.625,12:14:28.796
149,18.8,59.75,24.2,0.608,3.0,0.394,25.3,3.059,26.4,103.2,59.75,20.2,3.587,12:14:29.905
150,18.2,59.701,25.7,0.619,3.0,0.27,25.3,3.361,26.4,103.2,59.701,20.7,3.663,12:14:31.013
151,18.6,59.883,24.2,0.592,3.0,0.227,27.4,2.605,27.9,103.2,59.883,20.4,1.888,12:14:32.131
152,18.8,59.66,24.2,0.564,3.0,0.265,25.3,3.549,26.4,103.2,59.66,20.2,2.832,12:14:33.237
153,18.6,59.972,24.2,0.653,3.0,0.247,25.3,2.341,26.4,103.2,59.972,20.7,3.21,12:14:34.344
154,18.8,59.858,24.2,0.54,3.0,0.181,25.3,2.568,26.4,103.2,59.858,20.2,2.87,12:14:35.464
155,18.4,59.978,24.2,0.621,3.0,0.226,25.3,2.681,26.4,103.2,59.978,20.7,3.21,12:14:36.571
156,18.4,59.828,25.7,0.636,3.0,0.281,25.3,3.285,26.4,103.2,59.828,20.0,3.285,12:14:37.689
157,18.4,59.936,24.3,0.621,3.0,0.281,25.3,3.247,26.4,103.2,59.936,20.2,4.267,12:14:38.811
158,18.8,59.74,24.3,0.61,3.0,0.288,27.3,3.021,27.8,103.2,59.74,20.7,2.681,12:14:39.934
159,18.8,59.912,24.3,0.613,3.0,0.259,25.3,3.512,26.4,103.2,59.912,20.2,2.228,12:14:41.053
160,18.6,59.67,25.7,0.491,3.0,0.27,25.3,2.87,26.3,103.2,59.67,20.2,2.719,12:14:42.178
161,19.1,59.828,24.3,0.654,3.0,0.264,25.3,2.379,26.3,103.2,59.828,20.7,2.681,12:14:43.284
162,18.8,59.728,24.3,0.507,3.0,0.347,27.4,2.379,27.8,103.2,59.728,20.7,2.53,12:14:44.395
163,18.8,59.828,25.7,0.551,3.0,0.266,25.3,2.417,26.3,103.2,59.828,20.4,2.379,12:14:45.501
164,18.4,59.832,24.3,0.554,3.0,0.216,25.3,2.266,26.3,103.2,59.832,20.7,2.605,12:14:46.618
165,19.1,60.102,24.3,0.571,3.0,0.247,25.3,3.398,26.3,103.2,60.102,20.2,2.492,12:14:47.722
166,18.8,59.761,25.7,0.621,3.0,0.321,25.3,2.832,26.3,103.2,59.761,20.7,2.756,12:14:48.843
167,18.6,59.613,24.3,0.613,3.0,0.24,25.3,2.908,26.3,103.2,59.613,20.4,3.738,12:14:49.949
168,18.4,60.377,24.3,0.619,3.0,0.271,27.4,3.059,26.2,103.2,60.377,20.4,2.379,12:14:51.055
169,19.3,60.064,25.7,0.564,3.0,0.238,25.3,2.719,26.2,103.2,60.064,20.7,1.699,12:14:52.162
170,18.8,60.127,24.3,0.584,3.0,0.237,25.3,2.87,26.2,103.2,60.127,20.7,3.021,12:14:53.292
171,18.4,60.245,24.3,0.593,3.0,0.291,27.4,2.379,27.7,103.2,59.798,20.7,2.077,12:14:54.404
172,18.8,60.326,24.3,0.619,3.0,0.26,27.4,3.096,26.2,103.2,60.326,20.2,2.454,12:14:55.526
173,18.6,60.19,24.3,0.538,3.0,0.286,25.3,2.341,26.2,103.2,60.19,20.2,2.341,12:14:56.632
174,18.6,60.257,24.3,0.582,3.0,0.309,27.4,2.454,27.6,103.2,60.257,20.2,2.152,12:14:57.742
175,18.4,59.317,24.3,0.563,3.0,0.256,27.4,2.303,26.1,103.2,59.317,20.7,2.945,12:14:58.864
176,18.6,60.134,25.7,0.577,3.0,0.284,25.3,2.303,26.1,103.2,60.728,20.2,2.228,12:14:59.983
177,18.8,59.849,25.7,0.593,3.0,0.314,25.3,2.87,26.1,103.2,59.849,20.2,2.379,12:15:01.108
178,18.8,59.794,24.3,0.558,3.0,0.232,27.4,2.228,27.5,103.2,59.794,20.4,2.152,12:15:02.216
179,19.3,59.771,24.3,0.54,3.0,0.309,27.4,2.115,26.0,103.2,59.771,20.4,2.756,12:15:03.340
180,18.6,59.861,25.7,0.605,3.0,0.251,25.3,2.19,26.0,103.2,59.861,20.4,2.643,12:15:04.449
181,18.8,59.725,25.8,0.56,3.0,0.243,25.3,2.681,26.0,103.2,59.725,20.2,2.832,12:15:05.575
182,19.5,60.567,24.3,0.659,3.0,0.271,27.3,2.492,27.5,103.2,60.567,20.7,2.53,12:15:06.682
183,18.8,59.856,25.7,0.586,3.0,0.313,25.3,2.605,26.0,103.2,59.856,20.2,2.341,12:15:07.788
184,19.3,59.461,25.7,0.62,3.0,0.356,25.3,2.643,26.0,103.2,59.461,20.7,3.398,12:15:08.925
185,18.6,60.178,24.3,0.588,3.0,0.237,25.3,3.247,26.0,103.2,60.178,20.7,1.964,12:15:10.049
186,18.8,59.622,24.3,0.544,3.0,0.278,25.3,3.172,27.4,103.2,59.622,20.2,2.039,12:15:11.171
187,18.4,59.929,24.3,0.511,3.0,0.227,27.4,2.53,27.4,103.2,59.929,20.4,2.266,12:15:12.295
188,18.4,59.925,25.8,0.582,3.0,0.286,25.3,2.266,25.9,103.2,59.925,20.7,2.266,12:15:13.399
189,18.8,60.463,24.3,0.505,3.0,0.278,27.4,2.228,27.4,103.2,60.463,20.4,2.001,12:15:14.501
190,19.3,59.636,24.3,0.563,3.0,0.248,27.4,2.756,25.9,103.2,59.636,20.9,2.379,12:15:15.623
191,18.4,60.713,25.8,0.625,3.0,0.273,25.3,2.152,25.9,103.2,60.713,20.2,2.417,12:15:16.727
192,19.1,60.385,24.3,0.541,3.0,0.343,25.3,2.19,27.3,103.2,60.385,20.7,2.417,12:15:17.838
193,19.3,59.526,24.3,0.593,3.0,0.316,27.4,2.53,25.8,103.2,59.526,20.2,2.794,12:15:18.945
194,18.6,59.992,25.8,0.568,3.0,0.256,25.3,2.417,25.8,103.2,59.992,20.2,2.417,12:15:20.053
195,19.5,60.214,24.3,0.631,3.0,0.295,25.3,3.889,27.3,103.2,60.214,20.7,1.964,12:15:21.171
196,19.3,60.556,24.3,0.635,3.0,0.238,27.4,3.172,27.3,103.2,60.556,20.2,2.379,12:15:22.295
197,19.3,59.013,24.4,0.601,3.0,0.281,25.3,3.21,25.8,103.2,59.013,20.2,3.587,12:15:23.414
198,18.6,59.164,24.4,0.601,3.0,0.303,25.3,2.039,25.8,103.2,59.164,20.4,2.303,12:15:24.512
199,18.8,59.835,24.4,0.593,3.0,0.228,27.4,2.454,27.3,103.2,59.835,20.4,1.775,12:15:25.641
200,18.8,59.877,24.3,0.543,3.0,0.247,27.5,2.719,27.3,103.2,59.877,20.7,2.228,12:15:26.764
201,18.8,60.514,24.4,0.608,3.0,0.271,25.4,2.832,25.8,103.2,60.514,20.7,2.568,12:15:27.884
202,18.6,59.081,24.4,0.651,3.0,0.269,25.4,2.719,25.8,103.2,59.081,20.7,2.719,12:15:28.987
203,18.4,60.028,24.4,0.593,3.0,0.284,27.5,2.568,27.2,103.2,60.028,20.4,1.85,12:15:30.108
204,18.8,59.617,25.8,0.591,3.0,0.254,25.4,2.87,25.7,103.2,59.617,21.1,2.152,12:15:31.211
205,18.2,60.963,25.8,0.525,3.0,0.256,25.4,2.417,25.7,103.2,60.963,20.4,2.379,12:15:32.337
206,19.1,59.668,24.4,0.596,3.0,0.243,27.5,2.115,27.2,103.2,59.668,20.2,2.53,12:15:33.439
207,18.8,59.875,24.4,0.596,3.0,0.288,25.4,2.908,25.7,103.2,59.875,20.7,2.794,12:15:34.562
208,18.6,59.974,24.4,0.593,3.0,0.255,25.4,2.341,25.7,103.2,59.974,20.4,2.87,12:15:35.703
209,18.6,60.268,25.8,0.635,3.0,0.303,25.4,2.568,25.7,103.2,60.268,20.4,3.512,12:15:36.824
210,19.1,60.254,24.4,0.576,3.0,0.28,25.5,2.266,25.7,103.2,60.254,20.7,2.605,12:15:37.946
211,18.8,60.059,24.4,0.508,3.0,0.295,25.5,3.247,27.2,103.2,60.059,20.9,2.039,12:15:39.069
212,19.1,59.798,24.4,0.543,3.0,0.216,27.6,2.832,25.7,103.2,59.798,20.9,1.85,12:15:40.180
213,18.8,59.97,24.4,0.624,3.0,0.3,27.6,2.417,25.7,103.2,59.97,20.7,2.53,12:15:41.306
214,18.4,60.414,25.9,0.559,3.0,0.248,25.5,3.096,25.7,103.2,60.414,20.7,1.85,12:15:42.424
215,18.4,59.789,24.4,0.624,3.0,0.271,25.5,2.945,25.7,103.2,59.789,21.1,2.039,12:15:43.547
216,18.4,60.909,24.4,0.592,3.0,0.269,27.6,2.681,25.7,103.2,60.909,20.7,2.115,12:15:44.658
217,18.6,59.447,25.9,0.598,3.0,0.291,25.5,2.832,25.7,103.2,59.447,20.7,2.077,12:15:45.768
218,18.8,59.051,24.5,0.601,3.0,0.278,25.6,2.568,25.7,103.2,59.051,20.4,2.908,12:15:46.890
219,19.5,59.938,24.5,0.584,3.0,0.25,25.6,4.909,25.7,103.2,59.938,20.4,2.039,12:15:48.027
220,19.3,59.974,24.5,0.571,3.0,0.281,27.7,3.172,27.2,103.2,59.974,20.4,1.548,12:15:49.150
221,18.8,58.944,24.5,0.544,3.0,0.24,27.7,2.341,25.7,103.2,58.944,20.4,2.945,12:15:50.272
222,19.5,59.815,25.9,0.63,3.0,0.271,25.6,2.341,25.7,103.2,59.815,20.9,2.001,12:15:51.392
223,19.1,60.17,24.5,0.601,3.0,0.237,25.6,2.115,25.7,103.2,60.17,20.9,2.379,12:15:52.507
224,18.4,59.944,24.5,0.586,3.0,0.228,27.7,2.605,27.2,103.2,59.944,20.9,1.926,12:15:53.623
225,18.8,60.087,24.5,0.546,3.0,0.278,27.8,2.454,25.7,103.2,60.087,20.7,2.228,12:15:54.745
226,19.8,59.536,25.9,0.601,3.0,0.305,25.7,2.756,25.7,103.2,59.536,21.1,2.115,12:15:55.870
227,18.8,60.262,25.9,0.573,3.0,0.305,25.7,2.454,25.7,103.2,60.262,20.4,1.661,12:15:56.993
228,19.3,59.457,24.5,0.605,3.0,0.266,25.7,2.152,25.7,103.2,59.457,20.4,2.115,12:15:58.116
229,19.3,59.853,24.5,0.558,3.0,0.294,25.7,2.115,27.2,103.2,59.853,20.4,1.624,12:15:59.237
230,18.8,59.595,24.5,0.579,3.0,0.188,27.8,1.85,25.7,103.2,59.595,20.7,2.379,12:16:00.364
231,19.3,59.77,24.5,0.54,3.0,0.212,27.8,2.228,27.2,103.2,59.77,20.7,2.303,12:16:01.505
232,19.1,59.64,24.5,0.587,3.0,0.259,25.7,2.379,25.7,103.2,59.64,20.7,2.077,12:16:02.626
233,19.3,59.559,24.5,0.626,3.0,0.313,25.7,2.643,25.7,103.2,59.559,20.2,2.417,12:16:03.765
234,19.3,59.922,26.0,0.591,3.0,0.256,25.7,2.454,25.6,103.2,59.922,20.7,2.039,12:16:04.889
235,18.6,59.907,24.5,0.591,3.0,0.331,25.7,2.794,25.6,103.2,59.907,20.4,1.85,12:16:06.014
236,19.3,60.263,24.5,0.584,3.0,0.283,25.7,2.379,27.1,103.2,60.263,20.7,2.115,12:16:07.139
237,18.6,60.023,24.5,0.603,3.0,0.316,27.8,1.85,25.6,103.2,60.023,20.9,1.775,12:16:08.260
238,19.1,60.628,26.0,0.612,3.0,0.24,25.7,1.926,25.6,103.2,60.628,20.4,1.473,12:16:09.380
239,19.5,60.314,26.0,0.565,3.0,0.27,25.7,2.039,25.7,103.2,60.314,20.9,2.077,12:16:10.508
240,18.4,60.566,24.5,0.574,3.0,0.265,25.7,2.303,25.6,103.2,60.566,20.9,2.417,12:16:11.621
241,19.3,60.753,24.5,0.524,3.0,0.232,25.7,3.625,27.1,103.2,60.753,21.1,2.039,12:16:12.745
242,18.4,59.567,24.5,0.54,3.0,0.284,27.8,2.341,25.6,103.2,59.567,20.7,2.643,12:16:13.863
243,19.3,59.97,26.0,0.593,3.0,0.278,25.7,2.568,25.6,103.2,59.97,20.9,1.661,12:16:14.987
244,18.8,60.015,24.5,0.536,3.0,0.327,25.7,2.077,25.6,103.2,60.015,20.4,1.812,12:16:16.108
245,18.6,60.293,24.5,0.564,3.0,0.261,25.8,1.85,27.1,103.2,60.293,20.9,2.001,12:16:17.228
246,18.8,59.332,24.5,0.563,3.0,0.226,27.8,1.699,25.6,103.2,59.332,20.7,3.436,12:16:18.352
247,18.6,60.336,24.5,0.621,3.0,0.269,27.9,1.85,25.6,103.2,60.336,20.4,2.53,12:16:19.476
248,19.3,60.63,26.0,0.555,3.0,0.317,25.7,2.756,25.6,103.2,60.63,20.4,2.454,12:16:20.589
249,18.4,60.516,24.5,0.64,3.0,0.27,25.8,1.888,25.6,103.2,60.516,20.7,2.492,12:16:21.717
250,19.1,60.338,24.5,0.597,3.0,0.251,25.8,2.115,25.6,103.2,60.338,20.7,2.53,12:16:22.858
251,19.8,59.917,24.5,0.51,3.0,0.286,25.8,2.53,25.6,103.2,59.917,20.4,1.775,12:16:23.992
252,18.6,59.923,24.5,0.634,3.0,0.31,25.8,3.021,27.1,103.2,59.923,21.1,1.548,12:16:25.116
253,18.4,59.907,24.5,0.641,3.0,0.293,25.8,2.719,27.1,103.2,59.907,20.9,1.699,12:16:26.253
254,19.3,59.966,24.5,0.543,3.0,0.194,27.9,2.492,25.6,103.2,59.966,20.7,1.548,12:16:27.375
255,19.3,59.637,26.0,0.584,3.0,0.273,25.8,2.039,25.6,103.2,59.637,20.4,2.417,12:16:28.498
256,19.3,59.579,24.5,0.479,3.0,0.25,25.8,2.417,25.6,103.2,59.579,20.9,2.228,12:16:29.619
257,18.8,59.431,24.5,0.525,3.0,0.278,25.8,2.303,25.6,103.2,59.431,20.7,2.945,12:16:30.754
258,19.8,60.946,24.5,0.587,3.0,0.251,25.8,2.039,27.1,103.2,60.946,20.7,1.812,12:16:31.873
259,19.3,60.499,24.5,0.559,3.0,0.26,25.8,2.266,27.1,103.2,60.499,20.7,1.473,12:16:33.009
260,19.3,59.84,24.5,0.654,3.0,0.326,27.9,2.53,25.6,103.2,59.84,20.9,1.888,12:16:34.134
261,18.6,60.494,26.0,0.615,3.0,0.248,27.9,2.53,25.6,103.2,60.494,20.9,1.586,12:16:35.253
262,18.8,60.078,26.0,0.597,3.0,0.288,25.8,2.115,25.6,103.2,60.078,20.7,2.228,12:16:36.380
263,18.6,61.006,24.6,0.587,3.0,0.248,25.8,2.379,25.6,103.2,61.006,20.7,1.812,12:16:37.505
264,18.8,59.955,24.5,0.554,3.0,0.264,25.8,2.228,27.1,103.2,59.955,20.7,1.699,12:16:38.628
265,19.1,60.096,24.6,0.558,3.0,0.291,27.9,2.303,25.6,103.2,60.096,21.1,2.039,12:16:39.752
266,18.8,59.233,24.6,0.536,3.0,0.304,27.9,3.096,25.6,103.2,59.233,20.9,3.059,12:16:40.882
267,18.8,60.224,26.0,0.605,3.0,0.26,25.8,2.454,25.6,103.2,60.224,20.7,1.964,12:16:42.002
268,19.1,59.976,24.6,0.63,3.0,0.265,25.8,2.341,25.6,103.2,59.976,20.7,1.51,12:16:43.123
269,19.3,59.649,24.6,0.586,3.0,0.243,25.8,2.794,27.1,103.2,59.649,20.7,2.039,12:16:44.249
270,19.3,61.35,24.5,0.569,3.0,0.265,25.8,2.341,27.1,103.2,61.35,20.7,2.266,12:16:45.371
271,18.8,60.326,24.6,0.598,3.0,0.298,27.9,2.039,25.6,103.2,60.326,21.1,2.643,12:16:46.497
272,18.8,59.925,26.0,0.546,3.0,0.295,25.8,2.228,25.6,103.2,59.925,20.9,2.379,12:16:47.619
273,18.8,59.773,24.6,0.584,3.0,0.261,25.9,2.303,25.6,103.2,59.773,21.1,2.152,12:16:48.742
274,19.3,59.649,24.6,0.513,3.0,0.238,25.9,2.228,25.6,103.2,59.649,21.1,2.492,12:16:49.867
275,18.6,59.746,24.6,0.563,3.0,0.242,25.9,2.152,27.1,103.2,59.746,20.7,1.661,12:16:50.992
276,18.8,59.9,24.6,0.615,3.0,0.281,28.0,2.228,25.6,103.2,59.9,20.9,1.888,12:16:52.114
277,19.3,59.775,26.0,0.612,3.0,0.28,28.0,2.039,25.6,103.2,59.775,20.7,1.926,12:16:53.234
278,18.8,59.665,24.6,0.582,3.0,0.237,25.9,2.039,25.6,103.2,59.665,21.1,3.587,12:16:54.357
279,18.8,60.124,24.6,0.601,3.0,0.273,25.9,2.115,25.6,103.2,60.124,20.7,1.888,12:16:55.493
280,19.8,59.935,24.6,0.549,3.0,0.227,25.9,2.379,27.1,103.2,59.935,20.4,2.115,12:16:56.615
281,18.8,58.943,24.6,0.597,3.0,0.281,25.9,2.341,25.6,103.2,59.986,21.1,2.568,12:16:57.733
282,19.1,60.749,26.0,0.596,3.0,0.266,28.0,2.303,25.6,103.2,60.749,20.9,2.303,12:16:58.855
283,19.5,59.972,26.0,0.601,3.0,0.284,25.9,1.926,25.6,103.2,59.972,21.1,3.096,12:16:59.978
284,19.3,59.989,24.6,0.608,3.0,0.299,25.9,1.964,25.6,103.2,59.989,20.9,1.661,12:17:01.095
285,19.1,59.545,24.6,0.586,3.0,0.271,26.0,2.832,25.6,103.2,59.545,20.7,1.51,12:17:02.235
286,18.6,60.045,24.6,0.582,3.0,0.319,26.0,1.888,25.6,103.2,60.092,20.9,1.586,12:17:03.373
287,19.8,60.213,24.6,0.596,3.0,0.326,26.0,2.341,27.1,103.2,60.213,20.7,2.228,12:17:04.497
288,19.3,59.877,26.0,0.538,3.0,0.298,28.1,2.19,25.6,103.2,59.877,20.7,2.266,12:17:05.609
289,18.8,60.011,24.6,0.558,3.0,0.254,26.0,2.077,25.6,103.2,60.011,20.7,2.001,12:17:06.725
290,19.5,60.077,24.6,0.587,3.0,0.299,26.0,2.266,27.1,103.2,60.077,20.7,2.152,12:17:07.852
291,19.5,60.094,24.6,0.616,3.0,0.24,26.0,2.832,27.1,103.2,60.094,21.1,2.152,12:17:08.975
292,18.8,59.868,24.6,0.61,3.0,0.251,28.1,2.303,25.6,103.2,59.868,20.9,1.624,12:17:10.095
293,19.3,59.887,26.1,0.53,3.0,0.251,28.1,1.964,25.6,103.2,59.887,20.9,2.039,12:17:11.219
294,19.1,60.162,26.1,0.551,3.0,0.283,26.0,1.548,25.6,103.2,60.162,20.7,1.888,12:17:12.353
295,19.8,59.95,24.6,0.592,3.0,0.26,26.0,1.964,25.6,103.2,59.95,20.7,2.152,12:17:13.478
296,18.4,60.172,24.6,0.551,3.0,0.255,26.1,2.454,27.1,103.2,60.172,21.1,1.964,12:17:14.601
297,19.3,60.239,24.6,0.613,3.0,0.342,26.1,2.379,25.6,103.2,60.239,20.7,2.152,12:17:15.718
298,19.3,59.809,26.1,0.663,3.0,0.27,28.2,2.228,25.6,103.2,59.809,21.1,2.417,12:17:16.844
299,19.5,60.426,26.1,0.62,3.0,0.208,26.1,2.568,25.6,103.2,60.426,20.7,2.152,12:17:17.967
300,19.3,59.88,24.6,0.597,3.0,0.309,26.1,2.53,25.6,103.2,59.88,21.1,2.077,12:17:19.092
301,19.1,59.642,24.6,0.574,3.0,0.242,26.1,2.417,27.1,103.2,59.642,20.9,2.417,12:17:20.217
302,19.8,60.874,24.6,0.596,3.0,0.24,26.1,2.341,27.1,103.2,60.874,20.7,2.228,12:17:21.357
303,19.8,59.195,24.7,0.634,3.0,0.31,26.1,2.039,25.6,103.2,59.195,20.7,3.927,12:17:22.483
304,18.8,59.723,24.7,0.559,3.0,0.236,28.2,2.492,25.6,103.2,59.723,20.7,2.756,12:17:23.603
305,19.3,59.954,26.1,0.559,3.0,0.303,28.2,2.077,25.7,103.2,59.954,20.9,2.568,12:17:24.724
306,19.3,59.982,24.7,0.597,3.0,0.284,26.2,2.001,25.7,103.2,59.982,20.9,1.964,12:17:25.850
307,19.5,60.543,24.7,0.577,3.0,0.256,26.2,2.115,25.7,103.2,60.543,20.7,2.681,12:17:26.975
308,19.8,59.958,24.7,0.592,3.0,0.288,26.2,2.492,27.1,103.2,59.958,21.1,1.699,12:17:28.102
309,18.8,59.74,24.7,0.598,3.0,0.271,26.2,2.152,27.1,103.2,59.74,20.7,2.303,12:17:29.244
310,19.3,60.038,24.7,0.582,3.0,0.284,26.2,2.115,25.7,103.2,60.038,20.7,2.001,12:17:30.365
311,19.1,59.556,26.1,0.592,3.0,0.283,28.3,2.152,25.7,103.2,59.556,21.1,2.228,12:17:31.489
312,18.8,59.88,24.7,0.597,3.0,0.336,26.2,2.19,25.7,103.2,59.88,20.7,2.228,12:17:32.611
313,19.8,60.3,24.7,0.624,3.0,0.25,26.2,2.643,25.7,103.2,60.3,20.7,2.001,12:17:33.736
314,19.3,60.046,24.7,0.582,3.0,0.304,26.2,2.039,27.1,103.2,60.046,21.1,2.266,12:17:34.861
315,19.1,59.876,24.7,0.659,3.0,0.286,26.2,2.983,25.7,103.2,59.876,20.9,2.53,12:17:35.985
316,19.8,59.988,26.1,0.588,3.0,0.256,28.3,2.228,25.7,103.2,59.988,20.9,1.548,12:17:37.107
317,18.8,59.756,26.1,0.536,3.0,0.299,28.3,2.605,25.7,103.2,59.756,20.9,3.474,12:17:38.250
318,19.3,59.73,26.2,0.605,3.0,0.265,28.4,1.737,25.7,103.2,59.73,21.1,1.661,12:17:39.373
319,19.8,59.802,24.7,0.719,3.0,0.201,26.3,2.379,25.7,103.2,59.802,20.7,3.965,12:17:40.498
320,18.8,60.041,24.7,0.626,3.0,0.276,26.3,3.436,25.7,103.2,60.041,20.9,2.115,12:17:41.625
321,18.8,59.557,24.7,0.581,3.0,0.214,26.3,2.832,27.2,103.2,59.557,21.3,2.832,12:17:42.745
322,19.1,58.842,26.2,0.592,3.0,0.259,28.4,2.077,25.7,103.2,58.842,20.7,3.7,12:17:43.863
323,19.3,60.053,26.1,0.559,3.0,0.271,28.4,2.492,25.7,103.2,60.053,21.1,1.888,12:17:45.002
324,19.3,59.772,26.1,0.559,3.0,0.26,28.4,3.172,25.7,103.2,59.772,21.1,1.812,12:17:46.138
325,18.8,59.396,26.2,0.544,3.0,0.322,28.4,3.7,25.7,103.2,59.396,21.1,3.436,12:17:47.276
326,19.3,59.775,24.7,0.554,3.0,0.233,26.3,2.341,25.7,103.2,59.775,21.1,2.681,12:17:48.396
327,19.3,59.964,24.7,0.596,3.0,0.295,26.4,2.417,25.7,103.2,59.964,21.1,2.228,12:17:49.534
328,19.3,59.909,24.7,0.503,3.0,0.288,26.4,2.643,27.2,103.2,59.909,21.1,2.152,12:17:50.655
329,19.3,59.908,24.7,0.613,3.0,0.251,26.4,2.87,27.2,103.2,59.908,21.6,3.814,12:17:51.794
330,19.8,60.346,24.7,0.584,3.0,0.38,26.4,2.568,27.2,103.2,60.346,21.1,3.021,12:17:52.934
331,19.3,60.353,24.7,0.554,3.0,0.289,26.4,2.908,25.7,103.2,60.353,21.1,2.492,12:17:54.055
332,19.8,58.655,26.2,0.63,3.0,0.25,28.5,3.889,25.7,103.2,58.655,21.6,3.361,12:17:55.177
333,18.8,60.038,26.2,0.544,3.0,0.221,28.5,2.794,25.7,103.2,60.038,21.3,2.794,12:17:56.312
334,19.3,60.087,24.7,0.596,3.0,0.293,28.5,2.719,25.7,103.2,60.087,21.1,2.643,12:17:57.433
335,20.0,59.717,24.7,0.613,3.0,0.276,28.5,3.021,25.7,103.2,59.717,21.1,3.021,12:17:58.572
336,18.8,59.722,24.7,0.555,3.0,0.275,26.4,2.681,27.2,103.2,59.722,21.3,3.021,12:17:59.701
337,18.8,60.06,24.7,0.624,3.0,0.288,26.5,2.681,25.8,103.2,60.06,21.3,2.908,12:18:00.820
338,18.6,59.873,26.2,0.624,3.0,0.248,26.5,2.756,25.8,103.2,59.873,21.1,2.53,12:18:01.942
339,19.8,59.992,24.7,0.558,3.0,0.28,26.5,3.134,25.8,103.2,59.992,21.3,2.303,12:18:03.096
340,19.8,59.921,26.2,0.62,3.0,0.266,26.5,2.643,25.7,103.2,59.921,21.1,2.568,12:18:04.223
341,19.8,60.64,26.2,0.613,3.0,0.294,28.6,2.152,25.8,103.2,60.64,21.1,2.53,12:18:05.346
342,18.8,61.481,24.8,0.577,3.0,0.303,26.5,1.964,25.8,103.2,61.481,20.9,2.039,12:18:06.470
343,19.3,59.829,24.7,0.573,3.0,0.273,26.5,2.228,25.8,103.2,59.829,21.1,2.303,12:18:07.599
344,19.1,60.046,24.8,0.511,3.0,0.27,26.5,2.492,27.3,103.2,60.046,21.1,2.643,12:18:08.723
345,20.0,60.149,24.8,0.524,3.0,0.3,26.5,2.115,25.8,103.2,60.149,21.1,2.605,12:18:09.848
346,19.1,59.95,26.2,0.582,3.0,0.289,28.6,2.417,25.8,103.2,59.95,21.1,2.568,12:18:10.965
347,18.8,59.852,24.8,0.613,3.0,0.295,28.6,2.983,25.8,103.2,59.852,21.6,2.417,12:18:12.087
348,19.3,59.984,24.8,0.579,3.0,0.273,26.5,2.605,27.3,103.2,59.984,21.3,2.228,12:18:13.212
349,19.3,59.887,24.8,0.635,3.0,0.266,26.5,2.001,25.8,103.2,59.887,21.1,2.719,12:18:14.354
350,19.3,60.134,24.8,0.507,3.0,0.299,26.5,2.266,27.3,103.2,60.134,21.1,2.077,12:18:15.492
351,19.3,59.635,24.8,0.638,3.0,0.31,26.5,3.474,27.3,103.2,59.635,21.1,2.454,12:18:16.619
352,19.5,60.376,24.8,0.621,3.0,0.248,26.5,2.341,25.8,103.2,60.376,21.3,2.492,12:18:17.745
353,18.6,59.837,26.2,0.626,3.0,0.289,26.5,2.53,25.8,103.2,59.837,20.7,2.228,12:18:18.872
354,19.3,59.89,26.2,0.601,3.0,0.271,28.7,2.681,25.8,103.2,59.89,20.9,2.228,12:18:19.992
355,19.3,59.573,24.8,0.52,3.0,0.284,26.6,2.605,25.8,103.2,59.573,21.6,2.266,12:18:21.121
356,19.1,59.809,24.8,0.582,3.0,0.243,26.6,2.53,25.8,103.2,59.809,20.7,2.19,12:18:22.248
357,19.5,60.323,24.8,0.573,3.0,0.247,26.6,2.379,27.3,103.2,60.323,21.1,2.341,12:18:23.385
358,19.8,59.67,24.8,0.56,3.0,0.313,26.6,2.228,25.8,103.2,59.67,21.1,2.53,12:18:24.506
359,19.3,60.053,26.2,0.579,3.0,0.259,26.6,2.794,25.8,103.2,60.053,21.1,1.888,12:18:25.630
360,19.1,59.843,26.2,0.625,3.0,0.328,28.7,2.756,25.8,103.2,59.843,21.6,2.643,12:18:26.752
361,19.1,59.952,24.8,0.605,3.0,0.264,28.7,3.474,25.8,103.2,59.952,21.1,2.115,12:18:27.879
362,19.8,59.81,24.8,0.586,3.0,0.266,26.6,3.134,27.3,103.2,59.81,21.1,2.417,12:18:29.002
363,19.8,60.118,24.8,0.579,3.0,0.247,26.6,2.379,27.3,103.2,60.118,21.3,1.548,12:18:30.126
364,19.1,60.359,24.8,0.607,3.0,0.281,26.6,2.492,25.8,103.2,60.359,21.1,2.379,12:18:31.251
365,20.4,60.017,26.2,0.551,3.0,0.278,26.6,2.077,25.8,103.2,60.017,21.3,2.001,12:18:32.376
366,19.5,60.282,26.2,0.555,3.0,0.264,26.6,2.832,25.8,103.2,60.282,21.1,2.19,12:18:33.519
367,19.8,58.806,24.8,0.543,3.0,0.248,28.7,3.134,25.8,103.2,58.806,21.1,3.738,12:18:34.640
368,19.8,59.952,24.8,0.536,3.0,0.314,28.7,3.663,25.8,103.2,59.952,21.1,2.643,12:18:35.779
369,19.3,59.905,24.8,0.564,3.0,0.255,26.6,2.643,27.3,103.2,59.905,21.1,2.719,12:18:36.901
370,19.3,60.031,24.8,0.587,3.0,0.264,26.6,2.983,27.3,103.2,60.031,21.1,2.115,12:18:38.039
371,19.8,60.084,24.8,0.577,3.0,0.216,26.6,2.983,27.3,103.2,60.084,21.1,2.001,12:18:39.165
372,19.3,60.152,24.8,0.607,3.0,0.254,26.6,2.568,25.9,103.2,60.152,21.1,2.417,12:18:40.286
373,19.8,59.422,24.8,0.571,3.0,0.259,26.6,2.568,25.9,103.2,59.422,21.3,3.096,12:18:41.423
374,19.8,59.921,26.3,0.658,3.0,0.242,26.6,2.983,25.9,103.2,59.921,21.1,2.719,12:18:42.547
375,20.0,59.917,26.2,0.597,3.0,0.255,28.7,2.945,25.9,103.2,59.917,21.3,2.908,12:18:43.677
376,20.0,60.735,24.8,0.546,3.0,0.298,28.7,2.908,25.9,103.2,60.735,21.6,2.832,12:18:44.810
377,19.3,60.626,24.8,0.631,3.0,0.276,26.6,3.7,27.3,103.2,60.626,21.1,2.341,12:18:45.932
378,18.8,59.883,24.8,0.635,3.0,0.269,26.6,4.305,27.3,103.2,59.883,21.3,3.21,12:18:47.055
379,19.3,59.871,24.8,0.531,3.0,0.248,26.6,2.908,27.3,103.2,59.871,21.3,2.643,12:18:48.193
380,19.3,59.959,24.8,0.588,3.0,0.256,26.6,2.719,25.9,103.2,59.959,21.1,2.719,12:18:49.318
381,19.8,60.146,26.3,0.596,3.0,0.286,26.6,2.379,25.9,103.2,60.146,21.1,3.965,12:18:50.444
382,19.3,59.906,26.3,0.588,3.0,0.294,28.7,2.756,25.9,103.2,59.906,21.3,2.53,12:18:51.579
383,19.8,59.652,24.8,0.635,3.0,0.255,28.7,2.87,25.9,103.2,59.652,21.6,3.21,12:18:52.697
384,19.5,60.387,24.8,0.576,3.0,0.232,28.7,2.908,25.9,103.2,60.387,21.6,2.719,12:18:53.834
385,20.0,59.495,24.8,0.555,3.0,0.266,26.6,2.983,27.3,103.2,59.495,22.0,3.247,12:18:54.961
386,19.3,59.529,24.8,0.669,3.0,0.264,26.6,2.492,25.9,103.2,59.529,21.8,3.361,12:18:56.083
387,20.0,59.868,26.3,0.615,3.0,0.278,26.6,2.908,25.9,103.2,59.868,21.8,2.115,12:18:57.204
388,19.5,59.905,26.3,0.641,3.0,0.284,28.7,2.983,25.9,103.2,59.905,21.3,2.87,12:18:58.324
389,20.2,60.048,24.8,0.558,3.0,0.259,26.6,2.228,25.9,103.2,60.048,21.6,3.21,12:18:59.445
390,19.1,60.659,24.8,0.584,3.0,0.247,26.6,2.794,27.4,103.2,60.659,21.3,2.53,12:19:00.567
391,19.5,59.616,24.8,0.615,3.0,0.309,26.6,2.756,25.9,103.2,59.616,21.1,2.794,12:19:01.689
392,20.0,59.791,24.8,0.576,3.0,0.275,26.6,2.719,25.9,103.2,59.791,21.6,3.172,12:19:02.824
393,20.0,59.485,26.3,0.596,3.0,0.375,28.7,2.681,25.9,103.2,59.485,21.8,4.078,12:19:03.947
394,19.8,59.983,24.8,0.636,3.0,0.251,28.8,4.078,25.9,103.2,59.983,21.3,2.568,12:19:05.074
395,20.2,59.767,24.8,0.524,3.0,0.305,28.7,2.303,25.9,103.2,59.767,21.8,2.492,12:19:06.218
396,20.4,60.36,24.8,0.641,3.0,0.278,26.6,2.152,27.4,103.2,60.36,21.1,2.832,12:19:07.341
397,20.0,59.975,24.8,0.605,3.0,0.259,26.6,2.266,27.4,103.2,59.975,21.1,2.87,12:19:08.465
398,20.7,59.917,24.8,0.538,3.0,0.291,26.6,2.643,25.9,103.2,59.917,21.1,2.756,12:19:09.583
399,19.5,59.623,26.3,0.624,3.0,0.281,26.6,2.794,25.9,103.2,59.623,21.1,2.983,12:19:10.708
400,19.5,59.715,24.8,0.616,3.0,0.313,28.7,2.643,25.9,103.2,59.715,21.1,2.945,12:19:11.821
401,19.3,60.039,24.8,0.554,3.0,0.275,28.7,2.605,25.9,103.2,60.039,21.1,2.643,12:19:12.957
402,19.8,60.111,26.3,0.626,3.0,0.26,28.7,2.643,25.9,103.2,60.111,21.6,1.926,12:19:14.116
403,19.3,60.102,24.8,0.529,3.0,0.27,28.7,2.87,25.9,103.2,60.102,21.1,3.474,12:19:15.251
404,19.5,59.731,24.8,0.619,3.0,0.255,26.6,2.228,27.4,103.2,59.731,21.3,2.605,12:19:16.371
405,19.3,60.214,24.8,0.555,3.0,0.281,26.6,2.492,27.4,103.2,60.214,21.6,2.379,12:19:17.504
406,19.8,60.123,24.8,0.569,3.0,0.261,26.6,2.643,25.9,103.2,60.123,21.3,2.001,12:19:18.626
407,20.0,59.821,26.3,0.616,3.0,0.236,26.6,2.53,25.9,103.2,59.527,21.6,2.454,12:19:19.744
408,19.8,60.037,24.8,0.576,3.0,0.223,28.7,2.568,25.9,103.2,60.037,21.3,3.172,12:19:20.861
409,19.5,59.876,24.8,0.63,3.0,0.319,26.6,2.379,27.4,103.2,59.876,21.6,2.719,12:19:21.982
410,20.4,60.028,24.8,0.648,3.0,0.327,26.6,2.379,25.9,103.2,60.028,21.3,2.001,12:19:23.100
411,19.3,59.879,26.3,0.607,3.0,0.275,26.6,2.568,25.9,103.2,59.879,21.3,2.379,12:19:24.221
412,19.5,60.163,26.3,0.531,3.0,0.232,28.7,2.077,25.9,103.2,60.163,21.6,2.832,12:19:25.347
413,20.0,60.23,26.2,0.621,3.0,0.259,28.7,2.454,25.9,103.2,60.23,21.6,2.266,12:19:26.484
414,20.2,59.945,24.8,0.548,3.0,0.316,26.6,2.228,27.4,103.2,59.945,21.6,2.756,12:19:27.602
415,19.8,59.843,24.8,0.602,3.0,0.313,26.6,2.568,25.9,103.2,59.843,22.0,2.039,12:19:28.720
416,19.8,60.08,26.3,0.559,3.0,0.365,26.6,2.492,25.9,103.2,60.08,21.6,2.756,12:19:29.841
417,19.8,59.821,26.3,0.54,3.0,0.255,26.6,3.7,25.9,103.2,59.821,21.3,2.719,12:19:30.979
418,19.8,60.947,26.3,0.625,3.0,0.26,26.6,3.096,25.9,103.2,60.947,21.3,1.926,12:19:32.116
419,20.2,59.665,24.8,0.551,3.0,0.294,28.6,2.643,25.9,103.2,59.665,21.1,1.964,12:19:33.240
420,19.8,59.994,24.8,0.559,3.0,0.299,26.5,2.152,27.3,103.2,59.994,21.8,2.643,12:19:34.362
421,19.8,59.898,24.8,0.612,3.0,0.269,26.5,2.266,27.3,103.2,59.898,22.0,2.643,12:19:35.485
422,19.5,60.106,24.8,0.525,3.0,0.255,26.5,2.756,25.9,103.2,60.106,21.6,2.794,12:19:36.620
423,19.3,59.681,24.8,0.668,3.0,0.237,26.5,2.87,25.9,103.2,59.681,21.6,2.53,12:19:37.744
424,19.8,60.175,26.2,0.579,3.0,0.248,26.5,2.756,25.9,103.2,60.175,21.3,2.53,12:19:38.870
425,19.8,59.932,24.8,0.619,3.0,0.283,28.6,2.794,25.8,103.2,59.932,21.3,2.417,12:19:39.990
426,19.5,60.832,24.8,0.63,3.0,0.256,28.6,2.605,25.9,103.2,60.832,21.3,1.473,12:19:41.128
427,19.3,60.044,24.8,0.581,3.0,0.232,28.6,3.172,25.8,103.2,60.044,21.3,2.341,12:19:42.264
428,20.0,59.93,24.8,0.613,3.0,0.26,28.6,2.605,25.8,103.2,59.93,21.6,2.341,12:19:43.407
429,19.5,60.344,24.8,0.541,3.0,0.352,28.6,2.605,27.3,103.2,60.344,21.6,2.568,12:19:44.540
430,19.8,59.896,24.8,0.558,3.0,0.236,28.6,3.059,27.3,103.2,59.896,21.6,2.681,12:19:45.676
431,20.0,59.641,24.8,0.607,3.0,0.309,28.6,2.643,27.3,103.2,59.641,21.1,3.776,12:19:46.817
432,19.3,59.734,24.8,0.521,3.0,0.291,28.6,3.474,27.3,103.2,59.734,22.3,2.983,12:19:47.956
433,19.8,59.84,24.8,0.548,3.0,0.256,26.5,3.134,25.8,103.2,59.84,21.1,2.605,12:19:49.077
434,19.5,60.105,26.2,0.593,3.0,0.248,26.5,2.756,25.8,103.2,60.105,21.6,2.681,12:19:50.199
435,19.8,58.922,26.2,0.549,3.0,0.238,26.5,2.379,25.8,103.2,58.922,21.6,4.003,12:19:51.324
436,19.8,60.276,26.2,0.574,3.0,0.27,26.4,2.794,25.8,103.2,60.276,21.6,3.021,12:19:52.460
437,20.2,59.988,24.8,0.605,3.0,0.298,28.5,2.832,25.8,103.2,59.988,21.6,2.794,12:19:53.581
438,19.8,60.832,24.8,0.568,3.0,0.261,28.5,3.436,27.3,103.2,60.832,21.6,2.379,12:19:54.706
439,19.5,59.457,24.8,0.625,3.0,0.337,28.5,2.19,27.3,103.2,59.457,21.8,3.549,12:19:55.844
440,19.5,60.133,24.8,0.571,3.0,0.323,26.4,2.945,27.3,103.2,60.133,21.1,2.605,12:19:56.980
441,20.0,59.844,24.8,0.676,3.0,0.309,26.4,3.436,27.3,103.2,59.844,21.6,1.964,12:19:58.120
442,19.8,59.977,24.8,0.564,3.0,0.247,26.4,2.077,27.3,103.2,59.977,21.8,2.379,12:19:59.262
443,20.2,59.816,24.8,0.605,3.0,0.254,26.4,2.152,25.8,103.2,59.816,21.6,1.926,12:20:00.382
444,19.3,60.508,26.2,0.645,3.0,0.288,26.4,2.492,25.8,103.2,60.508,21.6,2.379,12:20:01.504
445,19.8,60.266,24.8,0.619,3.0,0.293,28.5,3.247,25.8,103.2,60.266,21.3,2.605,12:20:02.622
446,20.2,59.949,24.8,0.551,3.0,0.266,28.5,2.719,27.3,103.2,59.949,22.0,2.643,12:20:03.744
447,20.4,59.844,24.8,0.612,3.0,0.332,26.4,2.794,25.8,103.2,59.844,21.6,3.059,12:20:04.870
448,20.0,60.317,24.8,0.648,3.0,0.283,26.4,2.983,25.8,103.2,60.317,21.6,2.19,12:20:06.008
449,19.8,59.969,26.2,0.619,3.0,0.275,26.4,3.361,25.8,103.2,59.969,21.3,1.737,12:20:07.130
450,19.8,59.577,26.2,0.608,3.0,0.248,26.4,3.172,25.8,103.2,59.577,21.8,2.454,12:20:08.269
451,19.8,59.835,26.2,0.56,3.0,0.237,26.4,2.454,25.8,103.2,59.835,21.6,2.417,12:20:09.407
452,20.7,59.726,26.2,0.586,3.0,0.3,26.4,3.361,25.8,103.2,59.726,21.6,3.285,12:20:10.528
453,20.2,60.068,26.2,0.616,3.0,0.326,26.4,3.474,25.8,103.2,60.068,22.0,2.794,12:20:11.682
454,20.2,60.1,26.2,0.558,3.0,0.25,26.4,2.568,25.8,103.2,60.1,21.8,2.908,12:20:12.820
455,20.0,60.076,26.2,0.621,3.0,0.245,26.4,2.681,25.8,103.2,60.076,21.6,2.643,12:20:13.954
456,20.2,60.078,26.2,0.587,3.0,0.26,26.3,3.21,25.8,103.2,60.078,21.8,2.266,12:20:15.097
457,20.4,60.002,26.2,0.625,3.0,0.264,26.3,2.492,25.8,103.2,60.002,21.3,1.926,12:20:16.234
458,20.2,60.056,26.2,0.641,3.0,0.271,26.3,3.134,25.7,103.2,60.056,21.8,3.247,12:20:17.386
459,19.8,60.268,24.7,0.582,3.0,0.265,26.3,2.492,25.7,103.2,60.268,22.0,2.53,12:20:18.505
460,20.2,60.148,24.8,0.612,3.0,0.221,26.3,3.852,25.7,103.2,60.148,21.6,2.341,12:20:19.644
461,19.5,59.514,24.7,0.636,3.0,0.328,28.4,3.927,25.7,103.2,59.514,21.6,4.04,12:20:20.779
462,19.8,60.747,24.7,0.631,3.0,0.254,28.4,3.663,25.7,103.2,60.747,22.0,2.681,12:20:21.917
463,20.4,60.211,24.7,0.601,3.0,0.304,28.4,3.436,25.7,103.2,60.211,21.8,2.945,12:20:23.056
464,19.8,59.787,24.7,0.612,3.0,0.28,28.4,2.719,27.2,103.2,59.787,21.3,3.096,12:20:24.193
465,19.5,61.094,24.8,0.558,3.0,0.298,28.4,2.492,25.7,103.2,61.094,21.8,3.096,12:20:25.337
466,20.4,59.827,24.7,0.607,3.0,0.328,28.4,2.303,27.2,103.2,59.827,22.3,3.247,12:20:26.468
467,20.2,59.81,24.7,0.565,3.0,0.232,26.3,2.492,27.2,103.2,59.81,21.6,2.681,12:20:27.596
468,19.8,59.912,24.8,0.616,3.0,0.26,26.3,2.643,25.7,103.2,59.912,22.0,2.832,12:20:28.724
469,20.2,59.965,24.8,0.597,3.0,0.295,26.3,2.492,25.7,103.2,59.965,21.8,2.756,12:20:29.863
470,19.8,59.899,24.8,0.577,3.0,0.284,26.3,2.719,25.7,103.2,59.899,21.6,2.266,12:20:31.005
471,20.2,59.834,24.7,0.701,3.0,0.233,26.3,3.436,25.7,103.2,59.834,21.6,2.115,12:20:32.142
472,20.0,60.023,24.7,0.586,3.0,0.291,26.3,3.436,25.7,103.2,60.023,21.6,2.681,12:20:33.277
473,20.2,60.685,26.2,0.576,3.0,0.256,26.3,2.53,25.7,103.2,60.685,21.6,2.303,12:20:34.412
474,19.5,59.811,24.8,0.497,3.0,0.321,26.2,3.134,25.7,103.2,59.811,21.8,3.361,12:20:35.555
475,20.2,59.773,26.2,0.573,3.0,0.271,26.3,3.059,25.7,103.2,59.773,22.3,3.096,12:20:36.691
476,19.8,60.482,24.7,0.588,3.0,0.275,26.2,2.832,25.7,103.2,60.482,22.3,2.681,12:20:37.845
477,19.3,59.857,24.7,0.571,3.0,0.28,26.2,2.719,25.7,103.2,59.857,21.6,2.492,12:20:38.983
478,19.8,59.848,24.7,0.613,3.0,0.278,26.2,3.134,25.7,103.2,59.848,21.6,1.586,12:20:40.123
479,20.0,59.127,24.7,0.62,3.0,0.278,26.2,2.794,25.7,103.2,59.127,21.6,3.361,12:20:41.265
480,20.2,60.517,24.7,0.591,3.0,0.236,26.2,2.681,25.7,103.2,60.517,21.6,2.794,12:20:42.405
481,19.8,59.691,24.7,0.56,3.0,0.28,26.2,3.21,25.7,103.2,59.691,22.0,3.172,12:20:43.544
482,20.4,60.033,26.2,0.651,3.0,0.264,26.2,3.474,25.7,103.2,60.033,22.0,2.756,12:20:44.677
483,19.5,60.536,26.2,0.582,3.0,0.303,26.2,2.756,25.7,103.2,60.536,21.8,2.983,12:20:45.818
484,20.2,60.099,26.2,0.581,3.0,0.264,26.2,2.87,25.7,103.2,60.099,22.3,2.605,12:20:46.955
485,20.0,60.055,26.2,0.63,3.0,0.269,26.2,2.605,25.7,103.2,60.055,21.3,2.039,12:20:48.096
486,20.2,59.566,24.7,0.558,3.0,0.261,26.2,2.454,25.6,103.2,59.566,22.3,2.719,12:20:49.254
487,19.8,60.097,24.7,0.605,3.0,0.216,26.2,2.643,25.7,103.2,60.097,21.3,2.379,12:20:50.396
488,19.8,59.928,24.7,0.603,3.0,0.294,26.2,3.625,25.7,103.2,59.928,21.8,2.756,12:20:51.533
489,19.8,60.116,24.7,0.613,3.0,0.323,26.2,3.889,25.7,103.2,60.116,22.0,3.059,12:20:52.670
490,20.2,60.063,24.7,0.555,3.0,0.278,26.2,2.945,25.7,103.2,60.063,21.8,3.7,12:20:53.810
491,20.0,59.58,24.7,0.535,3.0,0.317,26.2,3.776,25.6,103.2,59.58,21.8,2.983,12:20:54.954
492,20.2,59.761,24.7,0.667,3.0,0.293,26.2,2.908,25.6,103.2,59.761,21.6,2.492,12:20:56.088
493,19.3,60.415,24.7,0.608,3.0,0.278,26.2,2.341,25.6,103.2,60.415,21.8,2.417,12:20:57.227
494,20.4,60.055,26.2,0.63,3.0,0.283,26.2,2.417,25.6,103.2,60.055,21.8,2.568,12:20:58.363
495,19.5,59.731,26.2,0.559,3.0,0.276,26.2,2.756,25.6,103.2,59.731,21.8,3.21,12:20:59.500
496,19.8,59.948,26.2,0.526,3.0,0.226,26.2,4.267,25.6,103.2,59.948,22.3,2.568,12:21:00.641
497,20.4,59.696,26.2,0.607,3.0,0.298,26.2,4.909,25.6,103.2,59.696,22.0,3.625,12:21:01.780
498,20.2,60.616,26.2,0.579,3.0,0.255,26.2,3.059,25.6,103.2,60.616,21.6,3.21,12:21:02.920
499,19.8,59.834,26.2,0.631,3.0,0.323,26.2,3.059,25.6,103.2,59.834,21.6,2.983,12:21:04.060
500,19.8,59.999,26.2,0.593,3.0,0.247,26.1,2.794,25.6,103.2,59.999,21.8,2.53,12:21:05.199
501,20.4,60.129,26.2,0.56,3.0,0.264,26.2,2.492,25.6,103.2,60.129,21.6,2.945,12:21:06.330
502,20.7,59.833,26.2,0.588,3.0,0.26,26.1,2.379,25.6,103.2,59.833,21.8,3.172,12:21:07.468
503,20.0,59.687,26.2,0.597,3.0,0.219,26.1,3.512,25.6,103.2,59.687,21.8,3.7,12:21:08.608
504,20.4,59.998,26.2,0.535,3.0,0.273,26.1,3.323,25.6,103.2,59.998,22.0,2.794,12:21:09.747
505,20.4,59.929,26.2,0.564,3.0,0.265,26.1,2.643,25.6,103.2,59.929,21.8,2.681,12:21:10.888
506,20.4,60.206,24.7,0.596,3.0,0.255,26.1,3.247,25.6,103.2,60.206,22.3,2.303,12:21:12.026
507,19.8,59.87,24.7,0.526,3.0,0.309,26.1,3.134,25.6,103.2,59.87,22.3,2.303,12:21:13.164
508,20.7,59.407,24.7,0.571,3.0,0.245,28.2,3.134,27.1,103.2,59.407,22.0,3.059,12:21:14.281
509,20.2,60.049,24.7,0.541,3.0,0.238,28.2,2.681,27.1,103.2,60.049,22.5,2.794,12:21:15.415
510,20.9,59.958,24.7,0.648,3.0,0.288,28.2,3.587,27.1,103.2,59.958,21.8,3.587,12:21:16.554
511,20.4,59.921,24.7,0.608,3.0,0.273,28.2,2.605,27.1,103.2,59.921,22.3,3.21,12:21:17.695
512,20.4,60.117,24.7,0.579,3.0,0.251,28.2,2.643,25.6,103.2,60.117,22.0,2.983,12:21:18.830
513,19.8,60.576,24.7,0.587,3.0,0.265,28.2,2.605,25.6,103.2,60.576,21.8,2.87,12:21:19.969
514,20.9,59.91,24.7,0.577,3.0,0.26,26.1,2.983,27.1,103.2,59.91,22.0,1.775,12:21:21.128
515,20.9,59.878,24.7,0.598,3.0,0.322,26.1,3.096,27.1,103.2,59.878,21.6,1.964,12:21:22.266
516,20.0,59.811,24.7,0.568,3.0,0.347,26.1,3.096,27.1,103.2,59.811,21.8,2.454,12:21:23.403
517,20.2,60.433,24.7,0.602,3.0,0.216,26.1,3.172,25.6,103.2,60.433,22.3,3.172,12:21:24.558
518,19.5,59.623,24.7,0.634,3.0,0.269,26.1,3.021,27.0,103.2,59.623,21.8,3.398,12:21:25.694
519,19.8,60.257,24.7,0.63,3.0,0.308,26.1,2.719,25.6,103.2,60.257,21.6,3.172,12:21:26.833
520,20.9,60.035,24.7,0.598,3.0,0.269,26.1,3.021,27.1,103.2,60.035,22.3,2.643,12:21:27.972
521,19.8,59.85,24.7,0.568,3.0,0.245,26.1,2.945,27.0,103.2,59.85,22.3,2.266,12:21:29.110
522,20.0,59.058,24.7,0.568,3.0,0.284,26.1,3.021,25.6,103.2,59.058,22.0,2.983,12:21:30.263
523,20.9,60.004,24.7,0.533,3.0,0.299,26.1,3.285,25.6,103.2,60.004,22.0,3.436,12:21:31.421
524,20.2,60.547,24.7,0.612,3.0,0.284,26.1,3.096,25.6,103.2,60.547,21.8,3.852,12:21:32.559
525,20.4,60.44,26.2,0.576,3.0,0.28,26.0,2.605,25.5,103.2,60.44,22.3,3.059,12:21:33.718
526,20.2,59.999,26.2,0.587,3.0,0.243,26.0,2.756,25.6,103.2,59.999,21.8,2.945,12:21:34.855
527,20.4,59.876,26.2,0.587,3.0,0.221,26.0,3.021,25.5,103.2,59.876,21.8,2.568,12:21:35.995
528,20.7,60.008,24.7,0.636,3.0,0.198,28.1,3.625,25.5,103.2,60.008,22.3,2.53,12:21:37.163
529,19.5,60.033,24.7,0.624,3.0,0.245,28.1,3.172,25.5,103.2,60.033,22.3,2.983,12:21:38.302
530,20.9,59.942,24.7,0.582,3.0,0.271,28.1,2.719,25.5,103.2,59.942,22.0,3.059,12:21:39.440
531,19.8,59.802,24.7,0.608,3.0,0.259,28.1,3.21,25.5,103.2,59.802,22.3,3.172,12:21:40.578
532,21.1,59.88,24.7,0.625,3.0,0.266,28.1,2.681,25.5,103.2,59.88,22.0,2.605,12:21:41.722
533,20.4,58.812,24.7,0.576,3.0,0.256,28.1,2.492,25.5,103.2,58.812,21.8,4.267,12:21:42.860
534,20.4,59.819,24.7,0.621,3.0,0.251,28.1,2.945,25.5,103.2,59.819,22.3,2.454,12:21:43.995
535,20.4,59.798,26.2,0.608,3.0,0.28,26.0,3.398,25.5,103.2,59.798,22.0,2.115,12:21:45.129
536,20.2,60.092,26.2,0.592,3.0,0.283,26.0,3.096,25.5,103.2,60.092,21.6,2.115,12:21:46.269
537,20.2,60.225,26.2,0.608,3.0,0.24,26.0,2.53,25.5,103.2,60.225,22.0,2.417,12:21:47.406
538,20.4,60.275,26.2,0.596,3.0,0.326,28.1,3.323,25.5,103.2,60.275,22.3,2.983,12:21:48.557
539,20.0,60.149,26.2,0.615,3.0,0.216,28.1,2.832,25.5,103.2,60.149,22.3,2.983,12:21:49.697
540,20.4,60.557,24.7,0.638,3.0,0.243,28.1,2.19,25.5,103.2,60.557,22.0,2.756,12:21:50.852
541,20.7,59.732,24.7,0.62,3.0,0.299,28.1,2.643,25.5,103.2,59.732,22.0,2.417,12:21:51.983
542,20.2,59.856,26.2,0.629,3.0,0.278,28.1,2.756,25.5,103.2,59.856,22.3,2.001,12:21:53.122
543,20.2,60.714,26.2,0.616,3.0,0.284,28.1,2.643,25.5,103.2,60.714,21.8,2.983,12:21:54.258
544,20.9,59.96,26.2,0.546,3.0,0.314,28.1,2.794,25.5,103.2,59.96,22.5,2.228,12:21:55.394
545,20.7,60.751,26.2,0.64,3.0,0.293,26.0,3.361,25.5,103.2,60.751,22.0,2.605,12:21:56.525
546,20.7,59.618,26.2,0.56,3.0,0.269,26.0,3.096,25.5,103.2,59.618,21.8,3.436,12:21:57.663
547,20.0,59.509,26.2,0.592,3.0,0.247,28.1,2.341,25.5,103.2,59.509,22.3,3.927,12:21:58.816
548,20.4,60.123,26.2,0.573,3.0,0.305,26.0,2.794,25.5,103.2,60.123,22.5,3.285,12:21:59.949
549,20.4,59.968,26.2,0.555,3.0,0.278,28.1,2.152,25.5,103.2,59.968,21.8,2.152,12:22:01.100
550,20.4,59.805,26.2,0.602,3.0,0.288,28.1,2.643,25.5,103.2,59.805,22.3,2.19,12:22:02.239
551,20.7,60.302,26.2,0.535,3.0,0.255,28.1,2.303,25.5,103.2,60.302,21.8,2.379,12:22:03.373
552,20.4,59.807,26.2,0.603,3.0,0.265,26.0,2.945,25.5,103.2,59.807,22.3,3.172,12:22:04.505
553,20.7,60.455,24.7,0.586,3.0,0.3,26.0,3.474,25.5,103.2,60.455,21.8,2.454,12:22:05.642
554,20.4,59.58,26.2,0.608,3.0,0.295,28.1,3.512,25.5,103.2,59.58,22.5,3.21,12:22:06.795
555,20.0,59.798,26.2,0.616,3.0,0.3,28.1,2.643,25.5,103.2,59.798,22.0,3.059,12:22:07.945
556,20.2,59.866,26.2,0.636,3.0,0.275,28.1,3.059,25.5,103.2,59.866,22.3,2.605,12:22:09.078
557,20.4,60.113,26.2,0.573,3.0,0.273,28.1,2.417,25.5,103.2,60.113,22.3,2.417,12:22:10.232
558,20.2,60.746,26.2,0.588,3.0,0.271,28.1,2.983,25.5,103.2,60.746,22.7,2.568,12:22:11.370
559,20.2,59.78,26.2,0.535,3.0,0.25,28.1,3.059,25.5,103.2,59.78,22.3,2.53,12:22:12.508
560,20.9,60.055,26.2,0.629,3.0,0.245,28.1,4.003,25.5,103.2,60.055,22.3,2.001,12:22:13.650
561,20.7,59.836,26.2,0.546,3.0,0.204,28.0,2.605,25.5,103.2,59.836,22.0,3.247,12:22:14.788
562,20.2,60.0,26.2,0.553,3.0,0.299,28.1,3.7,25.5,103.2,60.0,21.8,3.021,12:22:15.924
563,20.4,61.149,26.2,0.546,3.0,0.266,28.1,2.643,25.5,103.2,61.149,22.3,2.417,12:22:17.063
564,20.9,60.021,26.2,0.584,3.0,0.243,28.1,2.568,25.5,103.2,60.021,22.3,2.417,12:22:18.212
565,20.0,61.33,26.2,0.568,3.0,0.199,28.1,2.077,25.5,103.2,61.33,22.0,2.945,12:22:19.353
566,20.4,60.276,24.7,0.624,3.0,0.288,26.0,2.794,25.5,103.2,60.276,22.5,2.341,12:22:20.505
567,20.0,60.258,24.7,0.579,3.0,0.276,26.0,4.116,25.5,103.2,60.258,22.3,2.417,12:22:21.655
568,20.9,61.597,24.7,0.568,3.0,0.231,26.0,3.096,27.0,103.2,61.597,22.3,2.832,12:22:22.813
569,20.4,59.853,24.7,0.573,3.0,0.231,26.0,2.379,25.5,103.2,59.853,22.0,2.832,12:22:23.967
570,20.7,59.763,24.7,0.608,3.0,0.317,26.0,2.454,25.5,103.2,59.763,22.7,2.568,12:22:25.104
571,20.9,59.845,24.7,0.678,3.0,0.309,25.9,2.719,25.5,103.2,59.845,22.0,2.115,12:22:26.247
572,20.2,60.584,24.7,0.52,3.0,0.331,26.0,2.492,26.9,103.2,60.584,22.0,2.87,12:22:27.389
573,21.1,60.044,24.7,0.615,3.0,0.304,28.0,3.549,25.5,103.2,60.044,22.3,2.756,12:22:28.549
574,20.2,60.289,24.7,0.598,3.0,0.271,28.1,3.172,25.5,103.2,60.289,22.0,3.021,12:22:29.689
575,20.7,59.87,24.7,0.587,3.0,0.288,28.0,2.908,25.5,103.2,59.87,21.8,3.247,12:22:30.825
576,20.4,60.114,26.2,0.616,3.0,0.259,28.0,2.492,25.5,103.2,60.114,22.0,2.945,12:22:31.983
577,20.9,59.998,26.2,0.602,3.0,0.247,28.0,3.323,25.4,103.2,59.998,22.3,1.964,12:22:33.120
578,20.2,59.916,26.2,0.544,3.0,0.31,28.0,2.945,25.5,103.2,59.916,22.3,2.454,12:22:34.258
579,20.9,59.404,24.7,0.64,3.0,0.286,28.0,2.53,25.5,103.2,59.404,21.8,3.738,12:22:35.393
580,20.4,60.037,24.7,0.554,3.0,0.298,28.0,3.285,25.4,103.2,60.037,22.5,2.983,12:22:36.528
581,20.2,59.932,24.7,0.54,3.0,0.289,25.9,3.738,25.4,103.2,59.932,22.5,2.341,12:22:37.660
582,20.4,60.134,24.7,0.613,3.0,0.294,28.0,3.059,25.4,103.2,60.134,21.8,3.474,12:22:38.808
583,20.2,60.152,24.7,0.579,3.0,0.256,25.9,3.059,25.5,103.2,60.152,22.3,2.945,12:22:39.935
584,21.6,60.113,24.7,0.577,3.0,0.278,25.9,3.021,25.5,103.2,60.113,22.5,2.643,12:22:41.083
585,20.4,59.956,24.7,0.591,3.0,0.303,25.9,2.53,26.9,103.2,59.956,22.3,2.379,12:22:42.221
586,20.4,59.603,24.7,0.569,3.0,0.243,25.9,2.53,26.9,103.2,60.159,22.7,3.172,12:22:43.354
587,20.4,60.061,24.7,0.498,3.0,0.286,25.9,2.492,26.9,103.2,60.061,22.3,2.266,12:22:44.487
588,20.4,59.904,24.7,0.563,3.0,0.278,25.9,2.605,26.9,103.2,59.904,22.0,2.001,12:22:45.625
589,20.7,59.124,24.7,0.613,3.0,0.275,25.9,3.285,25.4,103.2,59.124,22.7,3.361,12:22:46.763
590,20.4,59.619,24.7,0.507,3.0,0.243,25.9,3.436,25.4,103.2,59.619,22.5,3.172,12:22:47.902
591,20.2,59.95,24.7,0.621,3.0,0.27,25.9,3.21,26.9,103.2,59.95,22.0,2.756,12:22:49.062
592,21.1,60.529,24.7,0.592,3.0,0.245,28.0,2.719,25.4,103.2,60.529,22.3,2.115,12:22:50.204
593,20.7,59.913,24.7,0.548,3.0,0.289,25.9,2.417,26.9,103.2,59.913,22.7,3.059,12:22:51.342
594,19.8,59.855,24.7,0.577,3.0,0.24,25.9,2.794,26.9,103.2,59.855,22.5,2.832,12:22:52.482
595,20.4,60.182,24.7,0.518,3.0,0.259,28.0,3.021,25.4,103.2,60.182,22.3,2.568,12:22:53.637
596,20.4,60.271,24.7,0.577,3.0,0.26,25.9,2.908,26.9,103.2,60.271,22.3,2.756,12:22:54.761
597,20.4,59.755,24.7,0.592,3.0,0.367,25.9,3.323,26.9,103.2,59.755,22.3,2.983,12:22:55.901
598,20.7,59.961,24.7,0.616,3.0,0.255,25.9,2.908,26.9,103.2,59.961,22.0,2.379,12:22:57.036
599,20.9,59.849,24.7,0.53,3.0,0.271,25.9,3.436,26.9,103.2,59.849,22.3,2.152,12:22:58.175
600,20.4,60.446,24.7,0.62,3.0,0.24,28.0,2.077,25.4,103.2,60.446,22.3,2.379,12:22:59.344
601,20.2,60.42,24.7,0.584,3.0,0.276,28.0,2.077,25.4,103.2,60.42,21.8,2.605,12:23:00.477
602,20.2,60.265,24.8,0.581,3.0,0.247,28.0,4.078,25.4,103.2,60.265,22.3,2.945,12:23:01.615
603,20.7,59.787,26.2,0.558,3.0,0.273,25.9,3.398,25.4,103.2,59.787,22.7,3.096,12:23:02.773
604,20.4,61.57,24.7,0.541,3.0,0.238,28.0,2.643,25.4,103.2,61.57,22.5,2.19,12:23:03.907
605,20.9,60.337,24.7,0.649,3.0,0.261,28.0,3.474,25.4,103.2,60.337,22.7,2.908,12:23:05.053
606,20.9,59.822,24.7,0.581,3.0,0.31,28.0,2.945,25.4,103.2,59.822,22.5,2.53,12:23:06.188
607,20.7,60.555,24.7,0.576,3.0,0.161,28.0,2.568,25.4,103.2,60.555,22.7,3.172,12:23:07.330
608,20.9,59.549,26.2,0.612,3.0,0.269,25.9,2.303,25.4,103.2,59.549,22.3,2.568,12:23:08.489
609,20.0,60.058,26.2,0.541,3.0,0.322,25.9,3.436,25.4,103.2,60.058,22.3,2.492,12:23:09.642
610,20.7,60.102,26.2,0.549,3.0,0.288,25.9,3.21,25.4,103.2,60.102,22.5,2.945,12:23:10.779
611,20.4,59.818,26.2,0.629,3.0,0.276,25.9,4.003,25.4,103.2,59.818,22.7,2.908,12:23:11.916
612,20.4,59.94,26.2,0.576,3.0,0.326,25.9,3.474,25.4,103.2,59.94,22.3,2.379,12:23:13.049
613,20.4,59.25,24.7,0.64,3.0,0.236,25.9,2.983,25.4,103.2,59.25,22.7,2.794,12:23:14.208
614,20.2,58.999,24.7,0.588,3.0,0.243,25.9,2.115,25.4,103.2,58.999,22.3,2.87,12:23:15.348
615,20.9,59.648,24.8,0.576,3.0,0.248,25.9,2.492,25.4,103.2,59.648,22.3,2.266,12:23:16.488
616,19.8,59.93,26.2,0.605,3.0,0.26,25.9,2.908,25.4,103.2,59.93,22.0,2.228,12:23:17.627
617,20.0,60.319,26.2,0.553,3.0,0.271,25.9,3.474,25.4,103.2,60.319,22.5,2.001,12:23:18.749
618,20.4,59.469,26.2,0.587,3.0,0.276,25.9,2.908,25.4,103.2,59.469,22.5,3.587,12:23:19.901
619,20.4,59.933,26.2,0.615,3.0,0.299,25.9,3.134,25.4,103.2,59.933,22.0,2.492,12:23:21.050
620,20.7,59.913,24.7,0.613,3.0,0.259,25.9,2.794,25.4,103.2,59.913,22.3,2.756,12:23:22.198
621,20.9,60.01,24.7,0.619,3.0,0.222,25.9,2.379,25.4,103.2,60.01,22.5,2.908,12:23:23.334
622,20.9,59.55,24.8,0.577,3.0,0.3,25.9,2.492,25.4,103.2,59.55,22.7,3.323,12:23:24.481
623,21.3,59.557,24.8,0.601,3.0,0.251,25.9,2.643,25.4,103.2,59.557,22.7,2.417,12:23:25.623
624,20.9,60.111,24.7,0.592,3.0,0.219,25.9,2.794,25.4,103.2,60.111,22.5,2.87,12:23:26.759
625,20.9,60.104,24.8,0.656,3.0,0.27,25.9,3.285,26.9,103.2,60.104,22.5,3.549,12:23:27.916
626,20.7,59.877,24.7,0.621,3.0,0.256,25.9,3.096,26.9,103.2,59.877,22.3,2.756,12:23:29.054
627,20.9,60.369,24.8,0.564,3.0,0.254,28.0,2.945,26.9,103.2,60.369,22.5,2.266,12:23:30.207
628,20.4,59.78,24.8,0.524,3.0,0.313,28.0,2.19,26.9,103.2,59.78,22.3,2.945,12:23:31.361
629,20.9,59.239,24.8,0.663,3.0,0.237,28.0,2.87,26.9,103.2,59.239,22.5,3.474,12:23:32.498
630,20.4,60.128,24.8,0.629,3.0,0.254,28.0,3.323,26.9,103.2,60.128,22.7,3.134,12:23:33.636
631,20.4,60.107,24.8,0.588,3.0,0.24,28.0,3.398,26.9,103.2,60.107,22.7,3.021,12:23:34.770
632,20.4,60.185,24.8,0.621,3.0,0.294,28.0,2.983,26.9,103.2,60.185,22.5,2.341,12:23:35.913
633,20.9,59.996,24.8,0.554,3.0,0.271,28.0,2.945,26.9,103.2,59.996,22.3,2.719,12:23:37.054
634,21.1,59.47,24.8,0.568,3.0,0.308,28.0,2.908,26.9,103.2,59.47,22.3,2.87,12:23:38.191
635,20.7,59.824,24.8,0.64,3.0,0.193,28.0,2.832,26.9,103.2,59.824,22.7,3.172,12:23:39.329
636,20.2,60.235,24.8,0.602,3.0,0.308,28.0,2.983,26.9,103.2,60.235,22.5,3.361,12:23:40.466
637,21.3,59.59,24.8,0.619,3.0,0.283,28.0,3.059,26.9,103.2,59.59,22.0,3.323,12:23:41.602
638,20.7,59.916,24.8,0.553,3.0,0.243,25.9,3.172,25.4,103.2,59.916,22.3,2.417,12:23:42.735
639,20.2,59.477,24.8,0.612,3.0,0.298,28.0,2.794,26.9,103.2,59.477,22.7,3.474,12:23:43.889
640,21.6,60.125,24.8,0.568,3.0,0.284,28.0,3.474,25.4,103.2,60.125,22.7,2.454,12:23:45.047
641,19.8,60.773,24.8,0.553,3.0,0.316,28.0,2.832,25.4,103.2,60.773,22.5,2.681,12:23:46.186
642,20.7,59.816,26.2,0.551,3.0,0.278,25.9,2.266,25.4,103.2,59.816,22.3,2.908,12:23:47.356
643,21.3,59.895,26.3,0.574,3.0,0.27,25.9,2.719,25.4,103.2,59.895,22.5,2.756,12:23:48.495
644,20.9,60.231,26.3,0.64,3.0,0.275,25.9,3.285,25.4,103.2,60.231,22.3,2.454,12:23:49.634
645,21.1,61.058,26.3,0.605,3.0,0.286,25.9,3.965,25.4,103.2,61.058,22.7,2.983,12:23:50.776
646,20.7,59.96,26.3,0.526,3.0,0.226,25.9,3.7,25.4,103.2,59.96,22.5,3.21,12:23:51.917
647,20.2,59.774,24.8,0.631,3.0,0.288,25.9,3.096,25.4,103.2,59.973,22.7,2.492,12:23:53.072
648,20.4,59.568,24.8,0.551,3.0,0.275,25.9,2.53,25.4,103.2,59.568,22.5,2.568,12:23:54.229
649,21.1,60.782,24.8,0.558,3.0,0.303,25.9,2.115,25.4,103.2,60.782,22.7,2.643,12:23:55.365
650,20.9,59.236,24.8,0.625,3.0,0.223,28.0,2.832,25.4,103.2,59.236,22.7,4.078,12:23:56.520
651,20.4,59.968,24.8,0.574,3.0,0.28,28.0,3.474,26.9,103.2,59.968,22.3,2.87,12:23:57.672
652,20.4,60.066,24.8,0.643,3.0,0.271,25.9,3.096,25.4,103.2,60.066,22.9,3.398,12:23:58.827
653,20.7,59.545,24.8,0.598,3.0,0.275,25.9,3.021,25.4,103.2,59.545,22.5,3.361,12:23:59.982
654,20.4,59.937,24.8,0.553,3.0,0.278,25.9,3.7,25.4,103.2,59.937,22.3,2.001,12:24:01.120
655,21.1,59.742,26.3,0.559,3.0,0.251,25.9,3.021,25.4,103.2,59.742,22.3,2.341,12:24:02.270
656,20.4,59.637,26.3,0.577,3.0,0.255,25.9,2.794,25.4,103.2,59.637,22.7,3.247,12:24:03.421
657,20.7,60.189,26.3,0.584,3.0,0.308,25.9,3.247,25.4,103.2,60.189,22.7,3.172,12:24:04.561
658,20.7,59.808,24.8,0.62,3.0,0.27,25.9,2.643,25.5,103.2,59.808,22.5,2.945,12:24:05.714
659,21.1,58.865,24.9,0.565,3.0,0.251,28.0,2.719,25.4,103.2,58.865,23.2,3.965,12:24:06.866
660,21.1,59.466,24.9,0.608,3.0,0.28,25.9,2.681,25.5,103.2,59.466,22.7,3.398,12:24:08.002
661,20.9,60.067,24.9,0.559,3.0,0.26,28.0,2.983,25.4,103.2,60.067,22.3,1.85,12:24:09.144
662,20.4,59.91,24.9,0.502,3.0,0.236,28.0,2.983,26.9,103.2,59.91,22.7,2.983,12:24:10.299
663,20.4,59.522,24.9,0.608,3.0,0.259,28.0,2.719,26.9,103.2,59.522,22.3,3.814,12:24:11.439
664,20.7,60.053,24.9,0.569,3.0,0.283,25.9,2.568,26.9,103.2,60.053,22.5,2.303,12:24:12.595
665,20.4,59.71,24.9,0.568,3.0,0.26,26.0,2.87,25.5,103.2,59.71,22.9,2.983,12:24:13.748
666,20.0,61.12,24.9,0.555,3.0,0.261,25.9,3.285,25.5,103.2,61.12,22.9,2.983,12:24:14.894
667,20.7,60.015,24.9,0.588,3.0,0.201,26.0,2.832,25.5,103.2,60.015,23.2,2.832,12:24:16.037
668,20.4,59.768,24.9,0.631,3.0,0.247,26.0,3.776,25.5,103.2,59.768,22.5,2.228,12:24:17.176
669,20.7,59.776,24.9,0.671,3.0,0.247,26.0,3.247,25.5,103.2,59.776,22.7,3.096,12:24:18.320
670,20.9,59.637,26.3,0.616,3.0,0.243,26.0,2.681,25.5,103.2,59.637,22.5,3.398,12:24:19.472
671,20.9,60.266,26.3,0.591,3.0,0.251,26.0,2.756,25.4,103.2,60.266,22.9,2.379,12:24:20.623
672,21.6,60.877,24.9,0.591,3.0,0.304,28.0,3.285,25.5,103.2,60.877,22.7,2.832,12:24:21.778
673,20.9,60.06,24.9,0.574,3.0,0.288,28.1,2.832,26.9,103.2,60.06,22.5,3.247,12:24:22.933
674,21.1,59.791,24.9,0.603,3.0,0.317,28.1,3.512,26.9,103.2,59.791,22.7,2.681,12:24:24.076
675,20.9,59.824,24.9,0.63,3.0,0.247,28.1,2.454,26.9,103.2,59.824,22.5,2.379,12:24:25.213
676,20.9,59.796,24.9,0.612,3.0,0.319,28.1,2.794,26.9,103.2,59.796,22.7,2.832,12:24:26.355
677,20.7,59.57,24.9,0.518,3.0,0.223,26.0,2.643,26.9,103.2,59.57,23.2,3.172,12:24:27.511
678,20.7,60.419,24.9,0.559,3.0,0.245,26.0,3.625,25.5,103.2,60.419,22.7,2.379,12:24:28.662
679,20.9,59.735,24.9,0.629,3.0,0.251,26.0,3.323,27.0,103.2,59.735,22.7,4.003,12:24:29.798
680,21.3,59.914,26.4,0.598,3.0,0.264,26.0,3.134,25.5,103.2,59.914,22.7,3.059,12:24:30.967
681,20.2,59.95,26.4,0.602,3.0,0.26,26.0,2.719,25.5,103.2,59.95,22.7,2.228,12:24:32.107
682,21.1,59.697,26.4,0.551,3.0,0.314,26.0,2.605,25.5,103.2,59.697,22.3,2.492,12:24:33.246
683,20.4,59.778,26.4,0.579,3.0,0.289,26.0,2.983,25.5,103.2,59.778,22.7,2.53,12:24:34.402
684,20.0,59.95,26.4,0.516,3.0,0.298,28.1,4.418,25.5,103.2,59.95,22.7,2.908,12:24:35.551
685,20.7,60.037,26.4,0.607,3.0,0.308,28.1,3.134,25.5,103.2,60.037,22.7,3.512,12:24:36.691
686,21.3,60.073,25.0,0.63,3.0,0.275,26.0,2.53,26.9,103.2,60.073,23.2,2.643,12:24:37.861
687,20.9,60.346,24.9,0.624,3.0,0.314,26.0,4.531,25.5,103.2,60.346,22.7,1.964,12:24:39.017
688,20.9,59.919,24.9,0.551,3.0,0.288,26.0,4.078,25.5,103.2,59.919,22.7,1.926,12:24:40.159
689,20.9,60.744,24.9,0.625,3.0,0.211,26.0,3.21,25.5,103.2,60.744,22.5,2.983,12:24:41.312
690,21.1,59.93,25.0,0.603,3.0,0.273,26.0,2.492,25.5,103.2,59.93,22.9,2.908,12:24:42.441
691,20.9,59.981,26.4,0.569,3.0,0.243,26.0,2.568,25.5,103.2,59.981,22.5,2.945,12:24:43.609
692,20.4,59.482,26.4,0.624,3.0,0.255,26.0,3.625,25.5,103.2,59.482,22.7,3.814,12:24:44.751
693,21.3,59.576,26.4,0.574,3.0,0.269,26.0,4.418,25.5,103.2,59.576,22.5,2.908,12:24:45.888
694,20.9,60.029,24.9,0.621,3.0,0.283,28.1,3.059,25.5,103.2,60.029,22.7,2.454,12:24:47.042
695,21.8,59.992,25.0,0.62,3.0,0.317,26.0,2.681,27.0,103.2,59.992,22.7,2.379,12:24:48.212
696,20.9,59.794,25.0,0.559,3.0,0.237,26.0,2.417,25.5,103.2,59.794,22.9,2.756,12:24:49.368
697,20.9,59.855,25.0,0.605,3.0,0.278,26.0,3.285,25.5,103.2,59.855,22.7,2.643,12:24:50.522
698,20.9,60.004,26.4,0.56,3.0,0.273,26.0,3.134,25.5,103.2,60.004,23.2,2.643,12:24:51.680
699,21.1,59.95,25.0,0.565,3.0,0.26,28.1,3.096,25.5,103.2,59.95,22.7,3.323,12:24:52.836
700,20.9,60.134,25.0,0.551,3.0,0.265,26.0,2.983,27.0,103.2,60.134,22.5,2.454,12:24:53.994
701,20.4,59.716,25.0,0.591,3.0,0.269,26.0,3.889,25.5,103.2,59.716,22.7,1.812,12:24:55.132
702,20.0,59.922,25.0,0.568,3.0,0.261,26.0,2.945,27.0,103.2,59.922,22.7,2.643,12:24:56.297
703,21.1,59.949,25.0,0.596,3.0,0.256,26.0,2.454,25.5,103.2,59.949,22.7,3.361,12:24:57.450
704,20.9,59.583,26.4,0.493,3.0,0.288,26.0,3.323,25.5,103.2,59.583,22.9,2.983,12:24:58.605
705,21.6,61.714,26.4,0.529,3.0,0.219,28.1,2.568,25.5,103.2,61.714,22.9,2.228,12:24:59.755
706,20.7,59.316,26.4,0.605,3.0,0.321,28.1,2.681,25.5,103.2,59.316,22.9,3.285,12:25:00.911
707,21.3,59.879,25.0,0.601,3.0,0.245,26.0,3.398,25.5,103.2,59.879,22.7,2.908,12:25:02.055
708,20.9,59.753,25.0,0.579,3.0,0.265,26.0,2.643,25.5,103.2,59.753,22.7,2.341,12:25:03.209
709,21.3,60.314,25.0,0.624,3.0,0.26,26.0,3.059,27.0,103.2,60.314,22.9,2.681,12:25:04.357
710,21.1,60.088,25.0,0.673,3.0,0.26,26.0,2.605,27.0,103.2,60.088,22.7,2.681,12:25:05.496
711,20.9,60.086,25.0,0.573,3.0,0.323,26.0,3.549,27.0,103.2,60.086,22.7,2.379,12:25:06.647
712,20.9,60.298,25.0,0.502,3.0,0.265,26.0,3.172,25.5,103.2,60.298,22.7,3.096,12:25:07.797
713,21.1,60.106,25.0,0.588,3.0,0.265,26.0,3.21,25.5,103.2,60.106,22.7,3.096,12:25:08.949
714,20.9,60.214,26.4,0.554,3.0,0.294,28.1,2.794,25.5,103.2,60.214,22.7,2.228,12:25:10.107
715,21.1,59.643,26.4,0.613,3.0,0.281,28.1,2.492,25.5,103.2,59.643,22.7,3.096,12:25:11.256
716,20.7,60.198,26.5,0.586,3.0,0.3,28.1,2.568,25.5,103.2,60.198,23.2,2.53,12:25:12.397
717,21.1,60.32,25.0,0.526,3.0,0.27,26.0,3.361,25.5,103.2,60.32,23.2,3.398,12:25:13.546
718,20.9,60.158,25.0,0.636,3.0,0.27,26.0,3.587,25.5,103.2,60.158,22.9,3.361,12:25:14.684
719,20.7,60.045,26.4,0.584,3.0,0.247,28.1,3.172,25.5,103.2,60.045,22.7,3.21,12:25:15.820
720,21.3,60.993,26.4,0.587,3.0,0.284,28.1,2.983,25.5,103.2,60.993,22.7,2.53,12:25:16.954
721,20.4,59.803,26.5,0.588,3.0,0.266,26.0,3.398,25.5,103.2,59.803,22.7,2.568,12:25:18.111
722,21.3,60.349,25.0,0.544,3.0,0.271,26.0,2.87,25.5,103.2,60.349,22.7,2.152,12:25:19.261
723,21.1,58.95,25.0,0.564,3.0,0.265,26.0,2.756,27.0,103.2,58.95,22.9,4.493,12:25:20.416
724,21.3,60.492,25.0,0.549,3.0,0.3,26.0,2.756,27.0,103.2,60.492,22.7,3.172,12:25:21.570
725,21.3,59.96,25.0,0.551,3.0,0.245,28.1,3.134,25.5,103.2,59.96,22.9,2.605,12:25:22.723
726,20.7,59.955,26.5,0.625,3.0,0.242,28.2,3.134,25.5,103.2,59.955,23.2,3.436,12:25:23.890
727,20.9,59.935,25.0,0.568,3.0,0.242,26.0,3.21,25.5,103.2,59.935,22.7,2.492,12:25:25.047
728,21.3,59.399,25.0,0.635,3.0,0.255,26.0,2.719,25.5,103.2,59.399,23.2,2.908,12:25:26.196
729,20.9,60.284,25.0,0.565,3.0,0.276,26.0,2.001,27.0,103.2,60.284,22.7,2.681,12:25:27.354
730,20.9,59.983,25.0,0.563,3.0,0.259,26.1,2.53,25.5,103.2,59.983,22.9,2.266,12:25:28.510
731,20.7,59.461,26.5,0.598,3.0,0.255,28.2,3.285,25.5,103.2,59.461,22.5,3.7,12:25:29.664
732,21.3,60.024,26.5,0.656,3.0,0.259,28.2,2.681,25.5,103.2,60.024,22.7,3.285,12:25:30.815
733,21.3,59.926,26.5,0.579,3.0,0.303,26.0,2.379,25.5,103.2,59.926,23.2,2.719,12:25:31.966
734,20.9,59.923,25.0,0.54,3.0,0.283,26.1,3.059,25.5,103.2,59.923,22.7,2.228,12:25:33.120
735,20.9,59.758,25.0,0.564,3.0,0.281,26.0,2.983,27.0,103.2,59.758,22.9,2.756,12:25:34.273
736,21.3,59.941,25.0,0.559,3.0,0.28,28.2,2.945,25.5,103.2,59.941,23.2,3.059,12:25:35.442
737,20.9,60.716,26.5,0.615,3.0,0.243,28.2,2.379,25.5,103.2,60.716,22.9,2.53,12:25:36.599
738,21.3,59.867,26.5,0.549,3.0,0.25,28.2,2.756,25.5,103.2,59.867,23.2,2.417,12:25:37.749
739,21.6,59.779,25.0,0.613,3.0,0.37,26.0,3.285,25.5,103.2,59.779,23.2,2.832,12:25:38.909
740,21.3,59.412,25.0,0.612,3.0,0.254,26.1,3.134,27.0,103.2,59.412,23.2,2.945,12:25:40.079
741,21.1,60.031,25.0,0.602,3.0,0.275,26.1,2.794,27.0,103.2,60.031,23.2,2.454,12:25:41.214
742,20.4,59.862,25.0,0.62,3.0,0.261,26.1,3.134,27.0,103.2,59.862,22.7,2.492,12:25:42.368
743,20.7,60.163,25.0,0.709,3.0,0.327,28.2,3.361,25.5,103.2,60.163,22.7,2.379,12:25:43.522
744,21.6,59.507,26.5,0.593,3.0,0.231,28.2,3.663,25.5,103.2,59.507,22.7,3.172,12:25:44.680
745,21.1,60.463,26.5,0.619,3.0,0.313,26.1,2.87,25.5,103.2,60.463,22.9,3.059,12:25:45.835
746,20.4,60.783,25.0,0.603,3.0,0.298,26.1,3.172,27.0,103.2,60.783,23.2,2.228,12:25:47.003
747,20.9,59.874,25.0,0.63,3.0,0.278,26.1,2.794,27.0,103.2,59.874,22.7,1.812,12:25:48.153
748,20.9,60.876,25.0,0.603,3.0,0.261,28.2,2.908,25.5,103.2,60.876,23.2,3.21,12:25:49.303
749,21.3,60.213,25.0,0.629,3.0,0.233,28.2,2.492,25.5,103.2,60.213,22.9,2.794,12:25:50.454
750,20.7,59.924,26.5,0.571,3.0,0.233,26.1,2.719,25.5,103.2,59.924,22.7,2.794,12:25:51.604
751,21.3,59.981,26.5,0.571,3.0,0.217,26.1,2.568,25.5,103.2,59.981,23.2,2.492,12:25:52.760
752,20.9,60.2,25.1,0.714,3.0,0.266,26.1,2.983,25.5,103.2,60.2,22.7,3.323,12:25:53.927
753,20.9,59.852,25.0,0.582,3.0,0.328,26.1,2.794,27.0,103.2,59.852,22.7,2.756,12:25:55.077
754,20.9,59.421,25.1,0.598,3.0,0.247,28.2,2.719,25.5,103.2,59.421,22.9,2.794,12:25:56.248
755,21.1,61.011,26.5,0.563,3.0,0.266,26.1,3.134,25.5,103.2,61.011,23.2,2.945,12:25:57.420
756,20.9,59.88,25.1,0.554,3.0,0.293,26.1,2.983,25.5,103.2,59.88,23.2,3.814,12:25:58.574
757,21.1,59.888,25.1,0.602,3.0,0.231,28.2,2.681,25.5,103.2,59.888,23.4,2.945,12:25:59.744
758,21.3,59.321,25.1,0.535,3.0,0.266,28.2,2.945,25.5,103.2,59.321,23.2,2.945,12:26:00.896
759,20.9,59.961,26.5,0.621,3.0,0.31,26.1,3.172,25.5,103.2,59.961,22.7,2.719,12:26:02.053
760,21.3,59.762,26.5,0.553,3.0,0.254,26.1,2.681,25.5,103.2,59.762,22.9,2.945,12:26:03.211
761,21.3,60.028,25.1,0.579,3.0,0.211,26.1,2.19,27.0,103.2,60.028,23.2,2.266,12:26:04.381
762,20.9,59.782,25.1,0.638,3.0,0.28,28.2,4.644,25.5,103.2,59.782,23.2,2.719,12:26:05.547
763,21.3,59.865,26.5,0.607,3.0,0.289,26.1,2.87,25.5,103.2,59.865,22.7,3.059,12:26:06.700
764,22.0,60.381,25.1,0.603,3.0,0.283,26.1,2.492,25.5,103.2,60.381,22.9,3.021,12:26:07.872
765,20.9,60.049,25.1,0.619,3.0,0.237,26.1,4.116,27.0,103.2,60.049,22.7,2.341,12:26:09.022
766,20.7,59.572,25.1,0.582,3.0,0.233,28.2,2.908,27.0,103.2,59.572,22.9,2.454,12:26:10.177
767,21.8,59.964,25.1,0.563,3.0,0.316,28.2,2.568,25.5,103.2,59.964,23.2,3.814,12:26:11.332
768,20.7,60.975,26.5,0.621,3.0,0.28,26.1,2.492,25.5,103.2,60.975,23.2,2.832,12:26:12.499
769,20.9,59.977,26.5,0.555,3.0,0.309,26.1,3.096,25.5,103.2,59.977,22.7,2.341,12:26:13.648
770,21.3,59.959,25.1,0.635,3.0,0.281,26.1,2.719,25.5,103.2,59.959,23.2,3.625,12:26:14.805
771,21.6,60.719,25.1,0.581,3.0,0.289,28.2,2.945,25.5,103.2,60.719,23.2,2.152,12:26:15.982
772,20.9,59.911,26.5,0.53,3.0,0.26,26.1,2.756,25.5,103.2,59.911,23.4,2.001,12:26:17.137
773,21.8,60.147,26.5,0.61,3.0,0.273,26.1,2.681,25.5,103.2,60.147,23.2,2.303,12:26:18.284
774,20.9,59.632,26.5,0.597,3.0,0.256,26.1,3.021,25.5,103.2,59.632,23.2,3.096,12:26:19.438
775,20.7,61.019,25.1,0.555,3.0,0.298,26.1,2.53,25.5,103.2,61.019,22.9,2.53,12:26:20.592
776,20.9,59.539,25.1,0.551,3.0,0.304,28.2,4.947,25.5,103.2,59.539,22.9,3.663,12:26:21.762
777,21.3,60.267,25.1,0.526,3.0,0.266,26.1,3.852,25.5,103.2,60.267,23.4,3.436,12:26:22.931
778,21.1,60.053,26.5,0.571,3.0,0.294,26.1,2.908,25.5,103.2,60.053,23.2,2.492,12:26:24.084
779,20.9,59.935,25.1,0.626,3.0,0.338,26.1,2.53,25.5,103.2,59.935,23.4,2.039,12:26:25.237
780,21.3,60.183,25.1,0.569,3.0,0.243,26.2,2.568,25.5,103.2,60.183,23.2,2.417,12:26:26.387
781,21.3,60.207,25.1,0.551,3.0,0.35,26.1,3.323,25.5,103.2,60.207,23.4,2.945,12:26:27.536
782,21.3,60.584,25.1,0.564,3.0,0.281,28.2,3.398,27.0,103.2,60.584,22.7,2.492,12:26:28.686
783,21.3,60.755,26.5,0.587,3.0,0.291,26.2,2.266,25.5,103.2,60.755,23.4,2.341,12:26:29.868
784,21.8,60.084,26.5,0.613,3.0,0.271,26.1,3.021,25.5,103.2,60.084,23.2,2.53,12:26:31.021
785,20.9,59.735,25.1,0.576,3.0,0.271,26.2,3.096,25.6,103.2,59.735,22.9,2.568,12:26:32.178
786,20.9,59.795,25.1,0.619,3.0,0.261,28.2,2.568,25.5,103.2,59.795,23.4,3.021,12:26:33.331
787,21.8,59.783,25.1,0.554,3.0,0.238,28.2,2.417,27.0,103.2,59.783,23.2,2.303,12:26:34.484
788,21.1,59.913,25.1,0.607,3.0,0.245,26.2,3.247,25.5,103.2,59.913,22.7,2.568,12:26:35.636
789,20.4,60.124,25.1,0.615,3.0,0.271,26.2,2.832,25.6,103.2,60.124,23.2,2.605,12:26:36.784
790,21.3,59.978,25.1,0.584,3.0,0.283,26.2,2.605,25.5,103.2,59.978,22.9,3.172,12:26:37.966
791,21.3,60.24,25.1,0.636,3.0,0.254,28.2,2.681,25.5,103.2,60.24,23.2,2.115,12:26:39.114
792,21.6,59.708,25.1,0.546,3.0,0.28,26.1,2.983,25.5,103.2,59.708,22.7,3.927,12:26:40.286
793,20.9,59.933,25.1,0.591,3.0,0.242,26.2,2.643,25.5,103.2,59.933,22.9,3.059,12:26:41.441
794,21.3,60.114,26.5,0.674,3.0,0.233,26.2,2.605,25.5,103.2,60.114,23.2,2.53,12:26:42.607
795,21.1,60.492,25.1,0.524,3.0,0.199,26.2,2.53,25.6,103.2,60.492,22.9,2.983,12:26:43.760
796,20.9,59.994,25.1,0.607,3.0,0.261,26.2,3.096,25.6,103.2,59.994,23.2,2.908,12:26:44.932
797,21.1,59.982,25.1,0.587,3.0,0.261,26.2,3.059,25.6,103.2,59.982,23.4,2.492,12:26:46.090
798,20.7,60.052,26.5,0.605,3.0,0.3,26.2,2.87,25.6,103.2,60.052,23.2,2.681,12:26:47.240
799,20.9,60.179,25.1,0.558,3.0,0.269,28.2,2.681,25.6,103.2,60.698,23.2,3.021,12:26:48.411
800,21.3,59.991,25.1,0.607,3.0,0.255,28.3,2.794,27.1,103.2,59.991,22.9,3.323,12:26:49.570
801,21.8,60.064,25.1,0.587,3.0,0.223,26.2,2.53,25.6,103.2,60.064,23.2,2.794,12:26:50.722
802,21.8,60.22,26.5,0.598,3.0,0.227,26.2,2.568,25.6,103.2,60.22,23.2,2.945,12:26:51.891
803,21.1,59.868,26.5,0.563,3.0,0.278,26.2,3.361,25.6,103.2,59.868,23.2,2.303,12:26:53.045
804,21.3,59.284,25.1,0.586,3.0,0.336,26.2,2.945,25.6,103.2,59.284,23.4,3.247,12:26:54.201
805,21.6,59.429,25.1,0.587,3.0,0.295,28.2,2.19,27.1,103.2,59.429,22.7,3.587,12:26:55.361
806,21.3,59.631,25.1,0.602,3.0,0.388,26.2,3.021,25.6,103.2,59.631,22.9,3.172,12:26:56.516
807,21.3,60.319,25.1,0.577,3.0,0.27,26.2,3.059,25.6,103.2,60.319,22.7,2.643,12:26:57.667
808,20.9,59.662,25.1,0.536,3.0,0.261,26.2,3.021,25.6,103.2,59.662,22.7,3.512,12:26:58.822
809,21.3,59.879,25.1,0.667,3.0,0.343,26.2,4.003,25.6,103.2,59.879,22.9,2.19,12:26:59.990
810,20.9,59.793,25.1,0.576,3.0,0.3,28.2,2.983,27.1,103.2,59.793,23.6,1.926,12:27:01.148
811,21.8,60.007,25.1,0.608,3.0,0.261,26.2,2.756,27.0,103.2,60.007,23.4,2.945,12:27:02.305
812,21.3,59.777,25.1,0.579,3.0,0.303,26.2,2.19,25.6,103.2,59.777,22.9,3.059,12:27:03.462
813,21.3,60.753,26.5,0.544,3.0,0.261,26.2,2.643,25.6,103.2,60.753,22.9,2.228,12:27:04.621
814,21.1,60.181,25.1,0.581,3.0,0.276,26.2,3.512,25.6,103.2,60.181,23.6,3.361,12:27:05.773
815,21.3,59.985,25.1,0.607,3.0,0.24,26.2,2.681,27.1,103.2,59.985,23.2,3.059,12:27:06.945
816,21.8,59.869,25.0,0.619,3.0,0.303,26.2,3.21,25.6,103.2,59.869,23.2,2.266,12:27:08.107
817,20.9,60.168,25.1,0.625,3.0,0.281,26.2,2.605,25.6,103.2,60.168,23.6,3.852,12:27:09.261
818,20.7,60.347,26.5,0.581,3.0,0.25,26.2,3.7,25.6,103.2,60.347,23.2,2.945,12:27:10.412
819,21.3,60.233,26.5,0.581,3.0,0.25,26.2,3.474,25.6,103.2,60.233,23.4,2.945,12:27:11.556
820,20.9,60.877,26.5,0.593,3.0,0.217,28.2,3.323,25.6,103.2,60.877,23.4,2.719,12:27:12.709
821,21.3,59.917,25.1,0.581,3.0,0.247,28.3,2.983,25.6,103.2,59.917,22.7,2.794,12:27:13.857
822,21.1,59.741,25.1,0.591,3.0,0.316,28.3,2.53,25.6,103.2,59.741,23.2,2.454,12:27:15.010
823,20.9,59.378,25.1,0.61,3.0,0.248,26.2,3.21,27.1,103.2,59.378,23.2,3.059,12:27:16.162
824,21.8,59.759,25.0,0.536,3.0,0.243,26.2,2.945,27.1,103.2,59.759,22.9,4.267,12:27:17.310
825,21.1,59.84,25.1,0.591,3.0,0.243,26.2,2.87,25.6,103.2,59.84,23.4,2.87,12:27:18.461
826,21.3,60.337,26.5,0.64,3.0,0.294,26.2,2.605,25.6,103.2,60.337,23.4,2.341,12:27:19.615
827,21.1,59.81,26.5,0.608,3.0,0.284,26.2,3.021,25.6,103.2,59.81,23.2,2.492,12:27:20.772
828,21.8,60.004,25.1,0.588,3.0,0.286,28.3,2.756,25.6,103.2,60.004,23.2,3.663,12:27:21.941
829,21.3,59.938,25.1,0.503,3.0,0.31,26.2,2.643,27.1,103.2,59.938,23.6,2.719,12:27:23.088
830,21.6,60.065,25.1,0.591,3.0,0.336,26.2,2.794,25.6,103.2,60.065,23.6,2.19,12:27:24.249
831,20.9,59.703,26.5,0.488,3.0,0.322,26.2,2.719,25.6,103.2,59.703,23.2,2.908,12:27:25.416
832,20.9,60.29,26.5,0.615,3.0,0.284,28.3,2.681,25.6,103.2,60.29,23.4,2.719,12:27:26.569
833,21.6,59.964,25.1,0.602,3.0,0.254,28.3,2.681,25.6,103.2,59.964,23.8,2.908,12:27:27.725
834,21.3,60.066,25.1,0.602,3.0,0.275,26.2,2.832,27.1,103.2,60.066,23.2,3.096,12:27:28.891
835,21.8,60.004,26.5,0.636,3.0,0.278,26.2,3.096,25.6,103.2,60.004,23.8,2.454,12:27:30.064
836,21.6,59.237,25.1,0.531,3.0,0.271,28.3,2.492,25.6,103.2,58.988,23.2,3.134,12:27:31.221
837,21.3,60.32,25.1,0.593,3.0,0.222,26.2,2.492,27.0,103.2,60.32,23.4,2.417,12:27:32.388
838,21.1,60.121,25.1,0.516,3.0,0.273,26.2,3.587,25.6,103.2,60.121,22.9,2.681,12:27:33.553
839,21.6,59.78,25.1,0.625,3.0,0.248,26.2,3.663,25.6,103.2,59.78,23.6,3.323,12:27:34.706
840,21.3,60.014,25.1,0.577,3.0,0.286,28.3,2.756,25.6,103.2,60.014,23.6,2.228,12:27:35.874
841,20.4,60.387,25.1,0.579,3.0,0.271,26.2,3.587,25.6,103.2,60.387,23.6,3.172,12:27:37.028
842,21.8,59.824,25.1,0.587,3.0,0.255,26.2,3.7,27.1,103.2,59.824,23.2,2.379,12:27:38.183
843,21.3,60.287,25.0,0.592,3.0,0.27,26.2,2.266,27.1,103.2,60.287,23.6,3.323,12:27:39.336
844,21.8,60.023,26.5,0.546,3.0,0.247,26.2,2.492,25.6,103.2,60.023,23.2,2.341,12:27:40.508
845,21.3,60.177,25.1,0.596,3.0,0.281,28.3,3.21,25.6,103.2,60.177,23.4,3.059,12:27:41.664
846,21.6,59.869,25.1,0.559,3.0,0.24,26.2,2.756,25.6,103.2,59.869,23.2,3.134,12:27:42.818
847,21.6,59.91,25.1,0.54,3.0,0.269,26.2,2.454,25.6,103.2,59.91,23.2,2.832,12:27:43.972
848,21.6,59.939,25.1,0.548,3.0,0.278,26.2,3.059,25.6,103.2,59.939,23.2,2.039,12:27:45.141
849,21.6,60.202,26.5,0.581,3.0,0.305,26.2,2.719,25.6,103.2,60.202,23.4,2.681,12:27:46.294
850,21.1,59.124,25.1,0.587,3.0,0.237,26.2,2.53,25.6,103.2,59.124,22.9,3.738,12:27:47.464
851,21.3,60.007,25.1,0.571,3.0,0.233,26.2,3.776,27.0,103.2,60.007,23.4,2.454,12:27:48.633
852,21.3,59.712,25.1,0.596,3.0,0.26,26.2,2.681,25.6,103.2,59.712,23.4,2.681,12:27:49.784
853,21.6,60.007,26.5,0.631,3.0,0.305,28.3,2.643,25.6,103.2,60.007,22.9,3.134,12:27:50.942
854,20.9,59.68,25.0,0.605,3.0,0.269,26.2,2.87,25.6,103.2,59.68,23.6,2.379,12:27:52.115
855,21.8,59.949,25.0,0.607,3.0,0.273,26.2,3.738,25.6,103.2,59.949,23.2,2.039,12:27:53.263
856,21.8,60.026,25.1,0.579,3.0,0.259,26.2,2.53,25.5,103.2,60.026,23.6,2.568,12:27:54.407
857,20.7,59.963,25.0,0.573,3.0,0.254,26.2,2.643,25.6,103.2,59.963,23.6,2.908,12:27:55.577
858,20.9,59.713,26.5,0.608,3.0,0.212,28.3,4.078,25.6,103.2,59.713,23.2,2.719,12:27:56.748
859,21.3,59.379,26.5,0.559,3.0,0.231,28.3,3.134,25.6,103.2,59.379,23.4,3.247,12:27:57.898
860,21.3,60.082,25.0,0.536,3.0,0.314,26.2,4.569,27.1,103.2,60.082,23.6,2.379,12:27:59.067
861,21.8,59.681,25.1,0.559,3.0,0.281,26.2,2.53,27.1,103.2,59.681,23.2,2.605,12:28:00.216
862,21.6,59.944,26.5,0.573,3.0,0.291,28.3,2.417,25.6,103.2,59.944,23.4,2.832,12:28:01.386
863,21.3,60.275,26.5,0.533,3.0,0.223,28.3,3.587,25.6,103.2,60.275,23.8,2.605,12:28:02.541
864,20.4,60.114,25.0,0.61,3.0,0.266,26.2,2.719,25.6,103.2,60.114,23.2,2.87,12:28:03.696
865,21.6,59.944,25.0,0.51,3.0,0.308,26.2,3.474,27.1,103.2,59.944,23.2,3.059,12:28:04.865
866,22.3,59.811,25.1,0.553,3.0,0.293,26.2,3.776,25.6,103.2,59.811,23.6,2.152,12:28:06.017
867,21.8,60.008,26.5,0.553,3.0,0.28,28.3,3.21,25.6,103.2,60.008,23.2,2.152,12:28:07.173
868,20.9,59.543,26.5,0.577,3.0,0.348,28.3,2.341,25.6,103.2,59.543,23.2,4.003,12:28:08.327
869,20.9,59.882,26.5,0.544,3.0,0.284,28.3,2.681,25.6,103.2,59.882,23.2,2.719,12:28:09.479
870,20.9,59.566,25.0,0.546,3.0,0.278,26.2,3.474,27.0,103.2,59.566,23.2,2.719,12:28:10.648
871,21.6,59.126,25.0,0.586,3.0,0.319,26.2,2.908,27.1,103.2,59.126,23.8,3.247,12:28:11.799
872,21.1,60.159,25.0,0.579,3.0,0.264,26.2,2.568,25.6,103.2,60.159,23.4,3.096,12:28:12.950
873,21.8,60.136,26.5,0.554,3.0,0.26,28.3,2.832,25.6,103.2,60.136,23.2,1.888,12:28:14.115
874,21.3,59.792,26.5,0.596,3.0,0.304,26.2,3.172,25.6,103.2,59.792,23.6,2.115,12:28:15.267
875,22.0,59.06,25.0,0.538,3.0,0.3,26.2,2.605,25.6,103.2,59.06,23.2,4.418,12:28:16.418
876,21.6,59.623,25.0,0.605,3.0,0.283,26.2,2.379,27.1,103.2,59.623,23.2,2.945,12:28:17.588
877,21.1,59.672,25.0,0.515,3.0,0.284,26.2,2.908,25.6,103.2,59.672,23.6,2.53,12:28:18.743
878,21.3,59.938,25.1,0.541,3.0,0.273,26.2,2.832,25.6,103.2,59.938,23.6,3.134,12:28:19.928
879,21.3,59.944,25.0,0.564,3.0,0.269,26.2,2.53,27.1,103.2,59.944,23.4,2.039,12:28:21.094
880,21.1,60.312,25.0,0.616,3.0,0.281,28.3,2.303,25.6,103.2,60.312,23.2,2.379,12:28:22.261
881,21.3,59.973,26.5,0.546,3.0,0.271,28.3,2.756,25.6,103.2,59.973,23.4,2.643,12:28:23.412
882,21.6,59.235,25.1,0.631,3.0,0.286,26.2,3.625,25.6,103.2,59.235,23.4,3.889,12:28:24.578
883,21.3,59.844,25.0,0.558,3.0,0.294,26.2,4.38,27.1,103.2,59.844,23.8,2.379,12:28:25.744
884,21.8,60.245,25.0,0.61,3.0,0.256,26.2,2.908,27.1,103.2,60.245,23.6,2.643,12:28:26.899
885,21.3,59.739,25.0,0.554,3.0,0.28,28.3,4.078,25.6,103.2,59.739,23.6,2.945,12:28:28.052
886,21.8,59.863,26.5,0.563,3.0,0.271,28.3,2.719,25.6,103.2,59.863,23.8,2.228,12:28:29.207
887,21.8,59.84,26.5,0.574,3.0,0.26,26.2,2.417,25.6,103.2,59.84,23.2,2.681,12:28:30.359
888,21.1,59.709,25.0,0.497,3.0,0.328,26.2,3.361,25.6,103.2,59.709,23.8,3.059,12:28:31.529
889,21.3,58.95,25.1,0.64,3.0,0.266,26.2,3.059,27.1,103.2,58.95,23.4,4.758,12:28:32.683
890,21.8,59.838,25.0,0.601,3.0,0.275,28.3,2.379,25.6,103.2,59.838,23.2,2.945,12:28:33.839
891,21.3,60.092,25.1,0.638,3.0,0.361,28.3,3.398,25.6,103.2,60.092,23.8,2.152,12:28:34.991
892,21.6,59.895,26.5,0.62,3.0,0.27,26.2,3.021,25.6,103.2,59.895,23.4,2.19,12:28:36.147
893,21.8,60.216,26.5,0.531,3.0,0.254,26.2,3.134,25.6,103.2,60.294,23.4,2.379,12:28:37.291
894,21.6,59.913,25.0,0.51,3.0,0.259,26.2,2.303,25.6,103.2,59.913,23.4,2.719,12:28:38.458
895,21.3,59.998,25.0,0.559,3.0,0.25,26.2,3.965,27.1,103.2,59.998,23.2,2.492,12:28:39.615
896,21.8,59.603,25.0,0.502,3.0,0.245,28.3,3.134,25.6,103.2,59.603,23.8,2.794,12:28:40.769
897,22.3,59.803,26.5,0.526,3.0,0.265,28.3,3.587,25.6,103.2,59.803,23.8,2.643,12:28:41.923
898,21.3,59.964,26.5,0.573,3.0,0.255,26.2,2.605,25.6,103.2,59.964,23.6,2.983,12:28:43.088
899,22.3,59.724,25.1,0.597,3.0,0.222,26.2,2.794,27.1,103.2,59.724,23.4,2.568,12:28:44.262
900,21.1,60.248,25.1,0.574,3.0,0.208,28.3,2.87,25.6,103.2,60.248,23.4,3.361,12:28:45.416
901,21.3,59.984,26.5,0.574,3.0,0.313,26.2,2.643,25.6,103.2,59.984,23.4,2.832,12:28:46.584
902,21.8,59.719,25.0,0.502,3.0,0.242,26.2,3.059,25.6,103.2,59.719,23.8,2.379,12:28:47.757
903,21.3,60.074,25.1,0.559,3.0,0.237,28.3,2.908,25.6,103.2,60.074,23.2,2.643,12:28:48.925
904,21.3,59.896,25.0,0.553,3.0,0.25,28.3,2.681,25.6,103.2,59.896,23.6,2.568,12:28:50.080
905,21.8,59.924,26.5,0.586,3.0,0.231,26.2,2.908,25.6,103.2,59.924,23.8,2.19,12:28:51.249
906,20.9,59.648,25.0,0.558,3.0,0.216,26.2,2.605,25.6,103.2,59.648,23.8,2.87,12:28:52.401
907,21.3,59.95,25.0,0.391,3.0,0.208,26.2,3.814,27.1,103.2,59.95,23.8,2.983,12:28:53.555
908,21.3,60.15,25.0,0.507,3.0,0.238,28.3,2.719,25.6,103.2,60.15,23.8,2.379,12:28:54.722
909,21.3,61.097,26.5,0.548,3.0,0.322,26.2,3.549,25.6,103.2,60.46,23.2,2.605,12:28:55.892
910,21.6,59.991,25.0,0.543,3.0,0.251,26.2,3.21,27.1,103.2,59.991,23.4,2.379,12:28:57.064
911,21.8,59.716,25.0,0.535,3.0,0.291,28.3,2.303,25.6,103.2,59.716,23.4,2.001,12:28:58.239
912,22.0,60.148,26.5,0.483,3.0,0.266,26.2,2.417,25.6,103.2,60.148,23.6,2.53,12:28:59.392
913,21.6,60.223,26.5,0.505,3.0,0.321,26.2,3.549,25.6,103.2,60.223,24.1,2.303,12:29:00.543
914,22.3,59.827,25.0,0.553,3.0,0.255,26.2,3.021,27.1,103.2,59.012,23.8,3.549,12:29:01.712
915,21.8,60.061,25.0,0.54,3.0,0.3,28.3,2.53,27.1,103.2,60.061,24.1,2.756,12:29:02.867
916,21.3,60.111,26.5,0.612,3.0,0.295,26.2,2.945,25.6,103.2,60.111,23.8,2.115,12:29:04.034
917,21.3,59.817,25.0,0.525,3.0,0.273,26.2,3.021,25.6,103.2,59.817,23.4,2.228,12:29:05.204
918,22.0,60.024,25.0,0.47,3.0,0.251,26.2,2.001,27.1,103.2,60.024,23.2,2.605,12:29:06.372
919,21.3,60.035,25.0,0.413,3.0,0.265,28.3,2.492,25.6,103.2,60.035,23.4,2.681,12:29:07.539
920,22.0,60.54,26.5,0.496,3.0,0.237,26.2,3.096,25.6,103.2,60.54,23.6,2.756,12:29:08.711
921,21.8,60.164,25.0,0.548,3.0,0.243,26.2,2.605,27.1,103.2,60.164,23.4,2.19,12:29:09.875
922,21.8,60.168,25.0,0.479,3.0,0.299,28.3,2.87,25.6,103.2,60.168,23.6,2.341,12:29:11.040
923,22.0,60.168,26.5,0.378,3.0,0.242,26.2,2.605,25.6,103.2,60.168,23.6,2.115,12:29:12.209
924,22.3,59.402,25.0,0.455,3.0,0.278,26.2,2.152,25.6,103.2,59.402,23.4,2.908,12:29:13.364
925,20.9,60.725,25.0,0.469,3.0,0.273,28.3,3.776,27.1,103.2,60.725,23.6,2.039,12:29:14.532
926,22.0,59.371,25.0,0.52,3.0,0.256,26.2,2.53,25.6,103.2,59.371,23.8,3.512,12:29:15.699
927,22.3,60.178,25.0,0.491,3.0,0.281,26.2,1.775,25.5,103.2,60.178,23.8,2.454,12:29:16.850
928,21.3,59.751,25.0,0.422,3.0,0.255,26.2,3.21,25.6,103.2,59.751,23.8,2.417,12:29:18.014
929,22.0,59.636,25.0,0.501,3.0,0.336,26.2,2.908,27.0,103.2,59.636,23.4,2.454,12:29:19.178
930,21.8,59.804,25.0,0.374,3.0,0.217,26.2,1.888,25.6,103.2,59.804,23.6,2.341,12:29:20.345
931,21.3,60.532,26.5,0.496,3.0,0.278,26.2,3.361,25.6,103.2,60.532,23.8,2.794,12:29:21.519
932,21.6,59.935,25.0,0.529,3.0,0.228,28.3,3.549,27.0,103.2,59.935,23.6,2.681,12:29:22.687
933,21.8,59.578,25.0,0.417,3.0,0.28,26.2,2.341,25.6,103.2,59.578,24.3,3.247,12:29:23.854
934,22.0,60.023,26.5,0.459,3.0,0.226,26.2,2.945,25.6,103.2,60.023,23.6,2.152,12:29:25.020
935,21.8,60.065,25.0,0.476,3.0,0.326,26.2,2.568,25.6,103.2,60.065,23.6,2.19,12:29:26.190
936,21.3,60.153,25.0,0.476,3.0,0.243,28.3,2.152,25.5,103.2,60.153,24.1,2.454,12:29:27.362
937,21.8,60.662,26.5,0.408,3.0,0.303,26.2,3.625,25.5,103.2,60.662,23.8,2.303,12:29:28.522
938,21.8,59.879,26.5,0.443,3.0,0.251,26.2,2.605,25.5,103.2,59.879,23.8,2.756,12:29:29.682
939,21.8,60.46,25.0,0.326,3.0,0.295,28.3,2.832,27.0,103.2,60.46,23.6,2.379,12:29:30.848
940,21.3,60.255,25.0,0.435,3.0,0.278,28.3,3.398,27.0,103.2,60.255,23.2,1.964,12:29:32.008
941,21.8,60.131,26.4,0.216,3.0,0.269,26.1,3.587,25.5,103.2,60.131,23.8,2.115,12:29:33.172
942,22.3,61.603,25.0,0.306,3.0,0.245,26.2,2.87,25.5,103.2,61.603,23.8,2.794,12:29:34.338
943,21.8,60.082,25.0,0.358,3.0,0.256,26.2,3.096,25.5,103.2,60.082,23.4,1.812,12:29:35.522
944,21.3,59.835,26.4,0.225,3.0,0.309,26.2,3.096,25.5,103.2,59.835,23.8,2.681,12:29:36.687
945,22.0,60.557,25.0,0.254,3.0,0.293,26.2,2.341,25.6,103.2,60.557,23.8,2.568,12:29:37.856
946,21.6,59.911,25.0,0.262,3.0,0.25,26.2,2.756,25.5,103.2,59.911,23.4,2.303,12:29:39.037
947,21.6,59.816,26.5,0.226,3.0,0.259,26.2,2.643,25.5,103.2,59.816,23.8,2.152,12:29:40.205
948,21.3,59.658,25.0,0.221,3.0,0.203,26.2,1.926,25.6,103.2,59.658,23.8,2.87,12:29:41.360
949,21.3,60.243,25.0,0.232,3.0,0.242,28.2,2.681,27.0,103.2,60.243,23.6,2.341,12:29:42.531
950,21.6,58.597,25.0,0.227,3.0,0.291,26.1,2.039,25.5,103.2,58.597,23.6,2.719,12:29:43.698
