dyn_id,cal_stream,era_id,ruler_id,era_name,era_start_year,era_end_year,era_start_jdn,era_end_jdn,max_year
68,1.0,0,283.0,建平,437.0,439.0,1880812.5,1881727.5,3.0
43,1.0,1,3631.0,後元,-162.0,-156.0,1661843.5,1664273.5,7.0
43,1.0,2,3632.0,中元,-148.0,-143.0,1666952.5,1669138.5,6.0
43,1.0,3,3632.0,後元,-142.0,-139.0,1669138.5,1669990.5,4.0
43,1.0,4,3839.0,建元,-139.0,-134.0,1669990.5,1672415.5,6.0
43,1.0,5,3839.0,元光,-133.0,-128.0,1672415.5,1674630.5,6.0
43,1.0,6,3839.0,元朔,-127.0,-122.0,1674630.5,1676816.5,6.0
43,1.0,7,3839.0,元狩,-121.0,-116.0,1676816.5,1679001.5,6.0
43,1.0,8,3839.0,元鼎,-115.0,-110.0,1679001.5,1681570.5,6.0
43,1.0,9,3839.0,元封,-109.0,-103.0,1681570.5,1683607.5,7.0
43,1.0,10,3839.0,太初,-103.0,-100.0,1683607.5,1684936.5,4.0
43,1.0,11,3839.0,天漢,-99.0,-96.0,1684936.5,1686412.5,4.0
43,1.0,12,3839.0,太始,-95.0,-92.0,1686412.5,1687859.5,4.0
43,1.0,13,3839.0,征和,-91.0,-88.0,1687859.5,1689306.5,4.0
43,1.0,14,3839.0,後元,-87.0,-86.0,1689306.5,1690044.5,2.0
43,1.0,15,3633.0,始元,-85.0,-79.0,1690044.5,1692466.5,7.0
43,1.0,16,3633.0,元鳳,-79.0,-74.0,1692466.5,1694445.5,6.0
43,1.0,17,3722.0,元平,-73.0,-72.0,1694445.5,1689734.5,2.0
43,1.0,18,3634.0,本始,-72.0,-69.0,1689734.5,1696246.5,4.0
43,1.0,19,3634.0,地節,-68.0,-65.0,1696246.5,1697722.5,4.0
43,1.0,20,3634.0,元康,-64.0,-60.0,1697722.5,1699229.5,5.0
43,1.0,21,3634.0,神爵,-60.0,-57.0,1699229.5,1700646.5,4.0
43,1.0,22,3634.0,五鳳,-56.0,-53.0,1700646.5,1702093.5,4.0
43,1.0,23,3634.0,甘露,-52.0,-49.0,1702093.5,1703570.5,4.0
43,1.0,24,3634.0,黃龍,-48.0,-48.0,1703570.5,1703924.5,1.0
43,1.0,25,3708.0,初元,-47.0,-43.0,1703924.5,1705755.5,5.0
43,1.0,26,3708.0,永光,-42.0,-38.0,1705755.5,1707586.5,5.0
43,1.0,27,3708.0,建昭,-37.0,-33.0,1707586.5,1709417.5,5.0
43,1.0,28,3708.0,竟寧,-32.0,-32.0,1709417.5,1709771.5,1.0
43,1.0,29,3723.0,建始,-31.0,-27.0,1709771.5,1711307.5,5.0
43,1.0,30,3723.0,河平,-27.0,-24.0,1711307.5,1712695.5,4.0
43,1.0,31,3723.0,陽朔,-23.0,-20.0,1712695.5,1714171.5,4.0
43,1.0,32,3723.0,鴻嘉,-19.0,-16.0,1714171.5,1715618.5,4.0
43,1.0,33,3723.0,永始,-15.0,-12.0,1715618.5,1717065.5,4.0
43,1.0,34,3723.0,元延,-11.0,-8.0,1717065.5,1718542.5,4.0
43,1.0,35,3723.0,綏和,-7.0,-6.0,1718542.5,1719280.5,2.0
43,1.0,36,3724.0,建平,-5.0,-2.0,1719280.5,1720727.5,4.0
43,1.0,37,3724.0,元壽,-1.0,0.0,1720727.5,1721465.5,2.0
43,1.0,38,3725.0,元始,1.0,5.0,1721465.5,1723296.5,5.0
43,1.0,39,3726.0,居攝,6.0,8.0,1723296.5,1724330.5,3.0
43,1.0,40,3726.0,初始,8.0,8.0,1724330.5,1724359.5,1.0
44,1.0,41,3727.0,始建國,9.0,13.0,1724359.5,1726190.5,5.0
44,1.0,42,3727.0,天鳳,14.0,19.0,1726190.5,1729527.5,6.0
44,1.0,43,3727.0,地皇,20.0,23.0,1729527.5,1729746.5,4.0
45,1.0,44,262.0,更始,23.0,25.0,1729527.5,1730531.5,3.0
46,1.0,45,3643.0,建武,25.0,56.0,1730405.5,1741635.5,32.0
46,1.0,46,3643.0,建武中元,56.0,57.0,1741635.5,1742285.5,2.0
46,1.0,46,3643.0,中元,56.0,57.0,1741635.5,1742285.5,2.0
46,1.0,47,3854.0,永平,58.0,75.0,1742285.5,1748870.5,18.0
46,1.0,48,3644.0,建初,76.0,84.0,1748870.5,1752000.5,9.0
46,1.0,49,3644.0,元和,84.0,87.0,1752000.5,1753088.5,4.0
46,1.0,50,3644.0,章和,87.0,88.0,1753088.5,1753594.5,2.0
46,1.0,51,3645.0,永元,89.0,105.0,1753594.5,1759576.5,17.0
46,1.0,52,3645.0,元興,105.0,105.0,1759576.5,1759825.5,1.0
46,1.0,53,2999.0,延平,106.0,106.0,1759825.5,1760179.5,1.0
46,1.0,54,3646.0,永初,107.0,113.0,1760179.5,1762750.5,7.0
46,1.0,55,3646.0,元初,114.0,120.0,1762750.5,1765032.5,7.0
46,1.0,56,3646.0,永寧,120.0,121.0,1765032.5,1765465.5,2.0
46,1.0,57,3646.0,建光,121.0,122.0,1765465.5,1765732.5,2.0
46,1.0,58,3728.0,延光,122.0,125.0,1765732.5,1767119.5,4.0
46,1.0,59,3647.0,永建,126.0,132.0,1767119.5,1769376.5,7.0
46,1.0,60,3647.0,陽嘉,132.0,135.0,1769376.5,1770795.5,4.0
46,1.0,61,3647.0,永和,136.0,141.0,1770795.5,1772979.5,6.0
46,1.0,62,3647.0,漢安,142.0,144.0,1772979.5,1773793.5,3.0
46,1.0,63,3647.0,建康,144.0,144.0,1773793.5,1774059.5,1.0
46,1.0,64,3652.0,永嘉,145.0,145.0,1774059.5,1774413.5,1.0
46,1.0,65,3653.0,本初,146.0,146.0,1774413.5,1774797.5,1.0
46,1.0,66,3654.0,建和,147.0,149.0,1774797.5,1775890.5,3.0
46,1.0,67,3654.0,和平,150.0,150.0,1775890.5,1776259.5,1.0
46,1.0,68,3654.0,元嘉,151.0,153.0,1776259.5,1777122.5,3.0
46,1.0,69,3654.0,永興,153.0,154.0,1777122.5,1777734.5,2.0
46,1.0,70,3654.0,永壽,155.0,158.0,1777734.5,1778964.5,4.0
46,1.0,71,3654.0,延熹,158.0,167.0,1778964.5,1782246.5,10.0
46,1.0,72,3654.0,永康,167.0,167.0,1782246.5,1782448.5,1.0
46,1.0,73,3837.0,建寧,168.0,172.0,1782448.5,1784055.5,5.0
46,1.0,74,3837.0,熹平,172.0,178.0,1784055.5,1786167.5,7.0
46,1.0,75,3837.0,光和,178.0,184.0,1786167.5,1788675.5,7.0
46,1.0,76,3837.0,中平,184.0,189.0,1788675.5,1790224.5,6.0
46,1.0,77,3655.0,光熹,189.0,189.0,1790224.5,1790330.5,1.0
46,1.0,78,3655.0,昭寧,189.0,189.0,1790330.5,1790360.5,1.0
46,1.0,79,3656.0,永漢,189.0,189.0,1790360.5,1790508.5,1.0
46,1.0,80,3656.0,初平,190.0,193.0,1790508.5,1791967.5,4.0
46,1.0,81,3656.0,興平,194.0,195.0,1791967.5,1792699.5,2.0
46,1.0,82,3656.0,建安,196.0,220.0,1792699.5,1801523.5,25.0
46,1.0,83,3656.0,延康,220.0,220.0,1801523.5,1801757.5,1.0
48,1.0,84,4113.0,黃初,220.0,226.0,1801757.5,1804003.5,7.0
48,1.0,85,263.0,太和,227.0,233.0,1804003.5,1806223.5,7.0
48,1.0,86,263.0,青龍,233.0,237.0,1806223.5,1807723.5,5.0
48,1.0,87,263.0,景初,237.0,239.0,1807723.5,1808757.5,3.0
48,1.0,88,3657.0,正始,240.0,249.0,1808757.5,1812124.5,10.0
48,1.0,89,3657.0,嘉平,249.0,254.0,1812124.5,1813925.5,6.0
48,1.0,90,3658.0,正元,254.0,256.0,1813925.5,1814752.5,3.0
48,1.0,91,3658.0,甘露,256.0,260.0,1814752.5,1816199.5,5.0
48,1.0,92,3659.0,景元,260.0,264.0,1816199.5,1817646.5,5.0
48,1.0,93,3659.0,咸熙,264.0,265.0,1817646.5,1818248.5,2.0
49,1.0,94,3710.0,章武,221.0,223.0,1801912.5,1802674.5,3.0
49,1.0,95,3729.0,建興,223.0,237.0,1802674.5,1807989.5,15.0
49,1.0,96,3729.0,延熙,238.0,257.0,1807989.5,1815342.5,20.0
49,1.0,97,3729.0,景耀,258.0,263.0,1815342.5,1817380.5,6.0
49,1.0,98,3729.0,炎興,263.0,263.0,1817380.5,1817474.5,1.0
50,1.0,99,3907.0,黃武,222.0,229.0,1802468.5,1804830.5,8.0
50,1.0,100,3907.0,黃龍,229.0,231.0,1804830.5,1805834.5,3.0
50,1.0,101,3907.0,嘉禾,232.0,238.0,1805834.5,1808196.5,7.0
50,1.0,102,3907.0,赤烏,238.0,251.0,1808196.5,1812891.5,14.0
50,1.0,103,3907.0,太元,251.0,252.0,1812891.5,1813157.5,2.0
50,1.0,104,3907.0,神鳳,252.0,252.0,1813157.5,1813216.5,1.0
50,1.0,105,3730.0,建興,252.0,253.0,1813216.5,1813866.5,2.0
50,1.0,106,3730.0,五鳳,254.0,256.0,1813866.5,1814870.5,3.0
50,1.0,107,3730.0,太平,256.0,258.0,1814870.5,1815608.5,3.0
50,1.0,108,3731.0,永安,258.0,264.0,1815608.5,1817705.5,7.0
50,1.0,109,3910.0,元興,264.0,265.0,1817705.5,1817971.5,2.0
50,1.0,110,3910.0,甘露,265.0,266.0,1817971.5,1818473.5,2.0
50,1.0,111,3910.0,寶鼎,266.0,269.0,1818473.5,1819624.5,4.0
50,1.0,112,3910.0,建衡,269.0,271.0,1819624.5,1820451.5,3.0
50,1.0,113,3910.0,鳳凰,272.0,274.0,1820451.5,1821544.5,3.0
50,1.0,114,3910.0,天策,275.0,276.0,1821544.5,1822075.5,2.0
50,1.0,114,3910.0,天冊,275.0,276.0,1821544.5,1822075.5,2.0
50,1.0,115,3910.0,天璽,276.0,276.0,1822075.5,1822282.5,1.0
50,1.0,116,3910.0,天紀,277.0,280.0,1822282.5,1823448.5,4.0
51,1.0,117,3641.0,泰始,265.0,274.0,1818248.5,1821544.5,10.0
51,1.0,117,3641.0,太始,265.0,274.0,1818252.5,1821544.5,10.0
51,1.0,118,3641.0,咸寧,275.0,280.0,1821544.5,1823491.5,6.0
51,1.0,119,3641.0,太康,280.0,289.0,1823491.5,1827007.5,10.0
51,1.0,120,3641.0,太熙,290.0,290.0,1827007.5,1827115.5,1.0
51,1.0,121,3877.0,永熙,290.0,290.0,1827115.5,1827458.5,1.0
51,1.0,122,3877.0,永平,291.0,291.0,1827458.5,1827450.5,1.0
51,1.0,123,3877.0,元康,291.0,299.0,1827450.5,1830669.5,9.0
51,1.0,124,3877.0,永康,300.0,301.0,1830669.5,1831141.5,2.0
51,1.0,125,3877.0,永寧,301.0,302.0,1831141.5,1831753.5,2.0
51,1.0,126,3877.0,太安,302.0,303.0,1831753.5,1832145.5,2.0
51,1.0,127,3877.0,永興,304.0,304.0,1832145.5,1832152.5,1.0
51,1.0,128,3877.0,永安,304.0,306.0,1832152.5,1833002.5,3.0
51,1.0,129,3877.0,光熙,306.0,306.0,1833002.5,1833239.5,1.0
51,1.0,130,3662.0,永嘉,307.0,313.0,1833239.5,1835538.5,7.0
51,1.0,131,3663.0,建興,313.0,317.0,1835538.5,1836929.5,5.0
51,1.0,132,3873.0,建武,317.0,318.0,1836929.5,1837322.5,2.0
51,1.0,133,3873.0,大興,318.0,321.0,1837322.5,1838701.5,4.0
51,1.0,134,3874.0,永昌,322.0,323.0,1838701.5,1839144.5,2.0
51,1.0,134,3873.0,永昌,322.0,323.0,1838701.5,1839144.5,2.0
51,1.0,135,3874.0,太寧,323.0,326.0,1839144.5,1840233.5,4.0
51,1.0,135,3876.0,太寧,323.0,326.0,1839144.5,1840233.5,4.0
51,1.0,136,3876.0,咸和,326.0,334.0,1840233.5,1843456.5,9.0
51,1.0,137,3876.0,咸康,335.0,342.0,1843456.5,1846379.5,8.0
51,1.0,138,3664.0,建元,343.0,344.0,1846379.5,1847120.5,2.0
51,1.0,139,3875.0,永和,345.0,356.0,1847120.5,1851487.5,12.0
51,1.0,140,3875.0,升平,357.0,361.0,1851487.5,1853319.5,5.0
51,1.0,141,3866.0,隆和,362.0,363.0,1853319.5,1853703.5,2.0
51,1.0,142,3866.0,興寧,363.0,365.0,1853703.5,1854766.5,3.0
51,1.0,143,3665.0,太和,366.0,371.0,1854766.5,1856941.5,6.0
51,1.0,144,3871.0,咸安,371.0,372.0,1856941.5,1857335.5,2.0
51,1.0,145,3872.0,寧康,373.0,375.0,1857335.5,1858430.5,3.0
51,1.0,146,3872.0,太元,376.0,396.0,1858430.5,1866105.5,21.0
51,1.0,147,3666.0,隆安,397.0,401.0,1866105.5,1867936.5,5.0
51,1.0,148,3666.0,元興,402.0,404.0,1867936.5,1869044.5,3.0
51,1.0,149,3666.0,義熙,405.0,418.0,1869044.5,1874138.5,14.0
51,1.0,150,3667.0,元熙,419.0,420.0,1874138.5,1818252.5,2.0
54,1.0,151,264.0,建興,304.0,308.0,1832411.5,1833858.5,5.0
54,1.0,152,264.0,永鳳,308.0,309.0,1833858.5,1834094.5,2.0
54,1.0,153,264.0,河瑞,309.0,310.0,1834094.5,1834508.5,2.0
54,1.0,154,265.0,光興,310.0,311.0,1834508.5,1834833.5,2.0
54,1.0,155,266.0,嘉平,311.0,315.0,1834833.5,1836221.5,5.0
54,1.0,156,266.0,建元,315.0,316.0,1836221.5,1836811.5,2.0
54,1.0,157,266.0,麟嘉,316.0,318.0,1836811.5,1837431.5,3.0
54,1.0,158,267.0,漢昌,318.0,318.0,1837431.5,1837520.5,1.0
55,1.0,159,3842.0,光初,318.0,329.0,1837520.5,1841477.5,12.0
56,1.0,160,3001.0,建初,303.0,304.0,1831761.5,1832411.5,2.0
56,1.0,162,3009.0,建興,304.0,306.0,1832411.5,1832647.5,3.0
56,1.0,163,3009.0,晏平,306.0,310.0,1832647.5,1834685.5,5.0
56,1.0,164,3015.0,玉衡,311.0,338.0,1834685.5,1843101.5,28.0
56,1.0,165,3025.0,玉衡,311.0,338.0,1843101.5,1844637.5,28.0
56,1.0,165,3040.0,漢興,338.0,343.0,1844637.5,1846733.5,6.0
56,1.0,166,3078.0,太和,344.0,346.0,1846733.5,1847737.5,3.0
56,1.0,167,3078.0,嘉寧,346.0,347.0,1847737.5,1847915.5,2.0
57,1.0,168,7617.0,太和,328.0,330.0,1840916.5,1841861.5,3.0
57,1.0,169,7617.0,建平,330.0,333.0,1841861.5,1842894.5,4.0
57,1.0,170,4301.0,建平,330.0,334.0,1842894.5,1843101.5,5.0
57,1.0,171,4302.0,建武,335.0,348.0,1843456.5,1848564.5,14.0
57,1.0,171,4302.0,延熙,334.0,334.0,1843396.5,1843456.5,1.0
57,1.0,172,4302.0,太寧,349.0,349.0,1848564.5,1848918.5,1.0
57,1.0,172,4302.0,泰寧,349.0,349.0,1848564.5,1848918.5,1.0
57,1.0,173,269.0,青龍,350.0,350.0,1848918.5,1849007.5,1.0
57,1.0,174,270.0,永寧,350.0,351.0,1849007.5,1849420.5,2.0
58,1.0,176,1571.0,建興,313.0,320.0,1836870.5,1838140.5,8.0
58,1.0,177,3968.0,建興,313.0,324.0,1838140.5,1839557.5,12.0
58,1.0,178,3636.0,建興,313.0,346.0,1839557.5,1847590.5,34.0
58,1.0,179,272.0,建興,313.0,353.0,1847590.5,1850395.5,41.0
58,1.0,180,3637.0,和平,354.0,355.0,1850395.5,1851015.5,2.0
58,1.0,181,274.0,建興,313.0,361.0,1851015.5,1853289.5,49.0
58,1.0,182,274.0,升平,357.0,363.0,1853289.5,1853880.5,7.0
58,1.0,183,275.0,升平,357.0,371.0,1853880.5,1856981.5,15.0
58,1.0,184,275.0,咸安,371.0,376.0,1856981.5,1858664.5,6.0
59,1.0,185,3635.0,燕王,337.0,348.0,1844194.5,1848564.5,12.0
59,1.0,186,3998.0,燕元,349.0,352.0,1848564.5,1849981.5,4.0
59,1.0,187,3998.0,元璽,352.0,357.0,1849981.5,1851517.5,6.0
59,1.0,189,3998.0,光壽,357.0,359.0,1851517.5,1852580.5,3.0
59,1.0,190,4001.0,建熙,360.0,370.0,1852580.5,1856538.5,11.0
60,1.0,192,271.0,永興,350.0,352.0,1848977.5,1849775.5,3.0
62,1.0,193,7866.0,皇始,351.0,355.0,1849302.5,1850897.5,5.0
62,1.0,194,3678.0,壽光,355.0,357.0,1850897.5,1851635.5,3.0
62,1.0,195,4326.0,永興,357.0,359.0,1851635.5,1852374.5,3.0
62,1.0,196,4326.0,甘露,359.0,364.0,1852374.5,1854411.5,6.0
62,1.0,197,4326.0,建元,365.0,385.0,1854411.5,1861942.5,21.0
62,1.0,198,3679.0,太安,385.0,386.0,1861942.5,1862385.5,2.0
62,1.0,199,3680.0,太初,386.0,394.0,1862385.5,1865190.5,9.0
62,1.0,200,293.0,延初,394.0,394.0,1865190.5,1865308.5,1.0
63,1.0,201,3703.0,燕元,384.0,386.0,1861351.5,1862119.5,3.0
63,1.0,202,3703.0,建興,386.0,396.0,1862119.5,1865840.5,11.0
63,1.0,203,3672.0,永康,396.0,398.0,1865840.5,1866726.5,3.0
63,1.0,204,3673.0,建平,398.0,398.0,1866726.5,1866844.5,1.0
63,1.0,205,3673.0,長樂,399.0,401.0,1866844.5,1867759.5,3.0
63,1.0,206,288.0,光始,401.0,406.0,1867759.5,1869738.5,6.0
63,1.0,207,288.0,建始,407.0,407.0,1869738.5,1869974.5,1.0
64,1.0,209,4362.0,白雀,384.0,386.0,1861440.5,1862207.5,3.0
64,1.0,210,4362.0,建初,386.0,394.0,1862207.5,1865131.5,9.0
64,1.0,211,3901.0,皇初,394.0,399.0,1865131.5,1867080.5,6.0
64,1.0,212,3901.0,弘始,399.0,416.0,1867080.5,1873075.5,18.0
64,1.0,213,3900.0,永和,416.0,417.0,1873075.5,1873636.5,2.0
65,1.0,214,297.0,建義,385.0,388.0,1861971.5,1862975.5,4.0
65,1.0,215,298.0,太初,388.0,400.0,1862975.5,1867375.5,13.0
65,1.0,217,298.0,更始,409.0,412.0,1867375.5,1871805.5,4.0
65,1.0,218,299.0,永康,412.0,419.0,1871805.5,1874492.5,8.0
65,1.0,219,299.0,建弘,420.0,428.0,1874492.5,1877563.5,9.0
66,1.0,221,4359.0,太安,386.0,389.0,1862355.5,1863211.5,4.0
66,1.0,222,4359.0,麟嘉,389.0,396.0,1863211.5,1865899.5,8.0
66,1.0,223,276.0,龍飛,396.0,398.0,1865899.5,1866844.5,3.0
66,1.0,224,3886.0,咸寧,399.0,401.0,1866844.5,1867582.5,3.0
66,1.0,225,277.0,神鼎,401.0,403.0,1867582.5,1868527.5,3.0
67,1.0,226,278.0,太初,397.0,399.0,1866105.5,1867198.5,3.0
67,1.0,227,279.0,建和,400.0,402.0,1867198.5,1867995.5,3.0
67,1.0,228,280.0,弘昌,402.0,404.0,1867995.5,1868704.5,3.0
67,1.0,229,280.0,嘉平,408.0,414.0,1870417.5,1872514.5,7.0
68,1.0,230,4193.0,神璽,397.0,398.0,1866224.5,1866873.5,2.0
68,1.0,231,4193.0,天璽,399.0,401.0,1866873.5,1867700.5,3.0
68,1.0,232,7342.0,永安,401.0,412.0,1867700.5,1871893.5,12.0
68,1.0,233,7342.0,玄始,412.0,428.0,1871893.5,1877416.5,17.0
68,1.0,234,7342.0,承玄,428.0,431.0,1877416.5,1889611.5,4.0
68,1.0,235,7342.0,義和,431.0,432.0,1889611.5,1879335.5,2.0
68,1.0,236,283.0,承和,433.0,437.0,1879335.5,1880812.5,5.0
69,1.0,237,4000.0,燕平,398.0,400.0,1866460.5,1867405.5,3.0
69,1.0,238,4000.0,建平,400.0,405.0,1867405.5,1869324.5,6.0
69,1.0,239,289.0,太上,405.0,410.0,1869324.5,1870919.5,6.0
70,1.0,240,7320.0,庚子,400.0,404.0,1867493.5,1869029.5,5.0
70,1.0,241,7320.0,建初,405.0,417.0,1869029.5,1873429.5,13.0
70,1.0,242,3671.0,嘉興,417.0,419.0,1873429.5,1874787.5,3.0
70,1.0,243,286.0,永建,420.0,421.0,1874787.5,1874965.5,2.0
71,1.0,244,4407.0,龍昇,407.0,413.0,1869915.5,1872011.5,7.0
71,1.0,245,4407.0,鳳翔,413.0,418.0,1872011.5,1874079.5,6.0
71,1.0,246,4407.0,昌武,418.0,419.0,1874079.5,1874167.5,2.0
71,1.0,247,4407.0,真興,419.0,425.0,1874167.5,1876530.5,7.0
71,1.0,248,302.0,承光,425.0,428.0,1876530.5,1877445.5,4.0
71,1.0,249,303.0,勝光,428.0,431.0,1877445.5,1878715.5,4.0
72,1.0,250,290.0,正始,407.0,409.0,1869944.5,1870742.5,3.0
72,1.0,251,291.0,太平,409.0,430.0,1870742.5,1878508.5,22.0
72,1.0,252,292.0,大興,431.0,436.0,1878508.5,1880487.5,6.0
73,1.0,253,304.0,燕興,384.0,384.0,1861440.5,1861705.5,1.0
73,1.0,254,4002.0,更始,385.0,386.0,1861705.5,1862119.5,2.0
73,1.0,255,306.0,昌平,386.0,386.0,1862119.5,1862148.5,1.0
73,1.0,256,307.0,建明,386.0,386.0,1862148.5,1862178.5,1.0
73,1.0,257,308.0,建平,386.0,386.0,1862148.5,1862178.5,1.0
73,1.0,258,309.0,建武,386.0,386.0,1862148.5,1862355.5,1.0
73,1.0,259,310.0,中興,386.0,394.0,1862355.5,1865249.5,9.0
83,1.0,261,3856.0,永初,420.0,422.0,1874653.5,1875585.5,3.0
83,1.0,262,3732.0,景平,423.0,424.0,1875585.5,1883617.5,2.0
83,1.0,263,3853.0,元嘉,424.0,453.0,1883617.5,1886925.5,30.0
83,1.0,264,3860.0,孝建,454.0,456.0,1886925.5,1888017.5,3.0
83,1.0,265,3860.0,大明,457.0,464.0,1888017.5,1890941.5,8.0
83,1.0,266,3833.0,永光,465.0,465.0,1890941.5,1891147.5,1.0
83,1.0,267,3833.0,景和,465.0,465.0,1891147.5,1891272.5,1.0
83,1.0,268,3838.0,泰始,465.0,471.0,1891272.5,1893480.5,7.0
83,1.0,269,3838.0,泰豫,472.0,472.0,1893480.5,1893864.5,1.0
83,1.0,270,3733.0,元徽,473.0,477.0,1893864.5,1895498.5,5.0
83,1.0,271,3734.0,昇明,477.0,479.0,1895498.5,1896162.5,3.0
84,1.0,272,7605.0,建元,479.0,482.0,1896162.5,1897208.5,4.0
84,1.0,273,4361.0,永明,483.0,493.0,1897208.5,1901513.5,11.0
84,1.0,274,3693.0,隆昌,494.0,494.0,1901513.5,1901743.5,1.0
84,1.0,275,3694.0,延興,494.0,494.0,1901743.5,1901846.5,1.0
84,1.0,276,3695.0,建武,494.0,498.0,1901846.5,1903080.5,5.0
84,1.0,277,3695.0,永泰,498.0,498.0,1903080.5,1903344.5,1.0
84,1.0,278,3696.0,永元,499.0,501.0,1903344.5,1904151.5,3.0
84,1.0,279,3697.0,中興,501.0,502.0,1904151.5,1904532.5,2.0
85,1.0,280,3861.0,天監,502.0,519.0,1904532.5,1911021.5,18.0
85,1.0,281,3861.0,普通,520.0,527.0,1911021.5,1913650.5,8.0
85,1.0,282,3861.0,大通,527.0,529.0,1913650.5,1914655.5,3.0
85,1.0,283,3861.0,中大通,529.0,534.0,1914655.5,1916514.5,6.0
85,1.0,284,3861.0,大同,535.0,546.0,1916514.5,1920632.5,12.0
85,1.0,285,3861.0,中大同,546.0,547.0,1920632.5,1920993.5,2.0
85,1.0,286,3861.0,太清,547.0,549.0,1920993.5,1921977.5,3.0
85,1.0,287,4356.0,大寶,550.0,551.0,1921977.5,1922811.5,2.0
85,1.0,288,7316.0,天正,551.0,552.0,1922811.5,1923022.5,2.0
85,1.0,289,4358.0,承聖,552.0,555.0,1923022.5,1923952.5,4.0
85,1.0,290,3736.0,天成,555.0,555.0,1923952.5,1924095.5,1.0
85,1.0,291,3737.0,紹泰,555.0,556.0,1924095.5,1924428.5,2.0
85,1.0,292,3737.0,太平,556.0,557.0,1924428.5,1924817.5,2.0
87,1.0,293,7153.0,大定,555.0,562.0,1923808.5,1926377.5,8.0
87,1.0,294,7175.0,天保,562.0,585.0,1926377.5,1935119.5,24.0
87,1.0,295,7178.0,廣運,586.0,587.0,1935118.5,1935739.5,2.0
88,1.0,296,4486.0,永定,557.0,559.0,1924817.5,1925639.5,3.0
88,1.0,297,4485.0,天嘉,560.0,566.0,1925639.5,1927882.5,7.0
88,1.0,298,4485.0,天康,566.0,566.0,1927882.5,1928179.5,1.0
88,1.0,299,4479.0,光大,567.0,568.0,1928179.5,1928920.5,2.0
88,1.0,300,4487.0,太建,569.0,582.0,1928920.5,1934028.5,14.0
88,1.0,301,4482.0,至德,583.0,587.0,1934028.5,1935502.5,5.0
88,1.0,302,4482.0,禎明,587.0,589.0,1935502.5,1936230.5,3.0
89,2.0,303,311.0,登國,386.0,395.0,1862094.5,1865928.5,10.0
89,2.0,304,311.0,皇始,396.0,398.0,1865928.5,1866815.5,3.0
89,2.0,305,311.0,天興,398.0,404.0,1866815.5,1868967.5,7.0
89,2.0,306,311.0,天賜,404.0,408.0,1868967.5,1870754.5,5.0
89,2.0,307,312.0,永興,409.0,413.0,1870754.5,1872307.5,5.0
89,2.0,308,312.0,神瑞,414.0,416.0,1872307.5,1873138.5,3.0
89,2.0,309,312.0,泰常,416.0,423.0,1873138.5,1875918.5,8.0
89,2.0,310,4051.0,始光,424.0,428.0,1875918.5,1877445.5,5.0
89,2.0,311,4051.0,神麚,428.0,431.0,1877445.5,1878892.5,4.0
89,2.0,311,4051.0,神䴥,428.0,431.0,1877445.5,1878892.5,4.0
89,2.0,312,4051.0,延和,432.0,434.0,1878892.5,1880010.5,3.0
89,2.0,313,4051.0,太延,435.0,439.0,1880010.5,1881968.5,5.0
89,2.0,314,4051.0,真君,440.0,451.0,1881968.5,1885980.5,12.0
89,2.0,314,4051.0,太平真君,440.0,451.0,1881968.5,1885980.5,12.0
89,2.0,315,4051.0,正平,451.0,452.0,1885980.5,1886454.5,2.0
89,2.0,316,314.0,承平,452.0,452.0,1886454.5,1886452.5,1.0
89,2.0,317,315.0,興安,452.0,454.0,1886452.5,1887107.5,3.0
89,2.0,318,315.0,興光,454.0,454.0,1887107.5,1887428.5,1.0
89,2.0,319,315.0,太安,455.0,459.0,1887428.5,1889110.5,5.0
89,2.0,320,315.0,和平,460.0,465.0,1889110.5,1891295.5,6.0
89,2.0,321,316.0,天安,466.0,467.0,1891295.5,1891914.5,2.0
89,2.0,322,316.0,皇興,467.0,471.0,1891914.5,1893352.5,5.0
89,2.0,323,3819.0,延興,471.0,476.0,1893352.5,1895118.5,6.0
89,2.0,324,3819.0,承明,476.0,476.0,1895118.5,1895311.5,1.0
89,2.0,325,3819.0,太和,477.0,499.0,1895311.5,1903731.5,23.0
89,2.0,326,3821.0,景明,500.0,503.0,1903731.5,1905192.5,4.0
89,2.0,327,3821.0,正始,504.0,508.0,1905192.5,1906873.5,5.0
89,2.0,328,3821.0,永平,508.0,512.0,1906873.5,1908211.5,5.0
89,2.0,329,3821.0,延昌,512.0,515.0,1908211.5,1909574.5,4.0
89,2.0,330,3825.0,熙平,516.0,518.0,1909574.5,1910335.5,3.0
89,2.0,331,3825.0,神龜,518.0,520.0,1910335.5,1911217.5,3.0
89,2.0,332,3825.0,正光,520.0,525.0,1911217.5,1913009.5,6.0
89,2.0,333,3825.0,孝昌,525.0,527.0,1913009.5,1913952.5,3.0
89,2.0,334,3825.0,武泰,528.0,528.0,1913952.5,1914047.5,1.0
89,2.0,335,3740.0,建義,528.0,528.0,1914047.5,1914201.5,1.0
89,2.0,336,3740.0,永安,528.0,530.0,1914201.5,1914949.5,3.0
89,2.0,337,3739.0,建明,530.0,531.0,1914949.5,1915095.5,2.0
89,2.0,338,3741.0,普泰,531.0,531.0,1915095.5,1915303.5,1.0
89,2.0,339,7705.0,中興,531.0,532.0,1915303.5,1915534.5,2.0
89,2.0,340,318.0,太昌,532.0,532.0,1915534.5,1915746.5,1.0
89,2.0,341,318.0,永興,532.0,532.0,1915746.5,1915776.5,1.0
89,2.0,342,318.0,永熙,532.0,534.0,1915746.5,1916499.5,3.0
92,2.0,343,7809.0,天平,534.0,537.0,1916412.5,1917613.5,4.0
92,2.0,344,7809.0,元象,538.0,539.0,1917613.5,1918256.5,2.0
92,2.0,345,7809.0,興和,539.0,542.0,1918256.5,1919408.5,4.0
92,2.0,346,7809.0,武定,543.0,550.0,1919408.5,1922104.5,8.0
93,3.0,347,3820.0,大統,535.0,551.0,1916514.5,1922396.5,17.0
94,2.0,348,4519.0,天保,550.0,559.0,1922104.5,1925639.5,10.0
94,2.0,349,3742.0,乾明,560.0,560.0,1925639.5,1925848.5,1.0
94,2.0,350,4521.0,皇建,560.0,561.0,1925848.5,1926299.5,2.0
94,2.0,351,4520.0,太寧,561.0,562.0,1926299.5,1926471.5,2.0
94,2.0,352,4520.0,河清,562.0,565.0,1926471.5,1927582.5,4.0
94,2.0,353,4525.0,天統,565.0,569.0,1927582.5,1929271.5,5.0
94,2.0,354,4525.0,武平,570.0,576.0,1929271.5,1931823.5,7.0
94,2.0,355,4525.0,隆化,576.0,576.0,1931823.5,1931824.5,1.0
94,2.0,356,3743.0,德昌,576.0,576.0,1931824.5,1931841.5,1.0
94,2.0,357,3743.0,承光,577.0,577.0,1931841.5,1931865.5,1.0
95,3.0,358,3914.0,武成,559.0,560.0,1925504.5,1925994.5,2.0
95,3.0,359,3918.0,保定,561.0,565.0,1925994.5,1927829.5,5.0
95,3.0,360,3918.0,天和,566.0,572.0,1927829.5,1930099.5,7.0
95,3.0,361,3918.0,建德,572.0,578.0,1930099.5,1932254.5,7.0
95,3.0,362,3918.0,宣政,578.0,578.0,1932254.5,1932579.5,1.0
95,3.0,363,3917.0,大成,579.0,579.0,1932579.5,1932579.5,1.0
95,3.0,364,321.0,大象,579.0,581.0,1932579.5,1933288.5,3.0
95,3.0,365,321.0,大定,581.0,581.0,1933288.5,1933330.5,1.0
96,3.0,366,4171.0,開皇,581.0,600.0,1933330.5,1940611.5,20.0
96,3.0,367,4171.0,仁壽,601.0,604.0,1940611.5,1942058.5,4.0
96,3.0,368,4173.0,大業,605.0,617.0,1942058.5,1946768.5,13.0
96,3.0,369,3746.0,義寧,617.0,618.0,1946768.5,1946954.5,2.0
96,3.0,370,5965.0,皇泰,618.0,619.0,1946954.5,1947289.5,2.0
97,3.0,371,4134.0,武德,618.0,626.0,1947289.5,1950091.5,9.0
97,3.0,372,4115.0,貞觀,627.0,649.0,1950091.5,1958507.5,23.0
97,3.0,373,4132.0,永徽,650.0,656.0,1958507.5,1960698.5,7.0
97,3.0,374,4132.0,顯慶,656.0,661.0,1960698.5,1962582.5,6.0
97,3.0,375,4132.0,龍朔,661.0,663.0,1962582.5,1963586.5,3.0
97,3.0,376,4132.0,麟德,664.0,666.0,1963586.5,1964354.5,3.0
97,3.0,377,4132.0,乾封,666.0,668.0,1964354.5,1965132.5,3.0
97,3.0,378,4132.0,總章,668.0,670.0,1965132.5,1965860.5,3.0
97,3.0,379,4132.0,咸亨,670.0,674.0,1965860.5,1967498.5,5.0
97,3.0,380,4132.0,上元,674.0,676.0,1967498.5,1968318.5,3.0
97,3.0,381,4132.0,儀鳳,676.0,679.0,1968318.5,1969257.5,4.0
97,3.0,382,4132.0,調露,679.0,680.0,1969257.5,1969691.5,2.0
97,3.0,383,4132.0,永隆,680.0,681.0,1969691.5,1970111.5,2.0
97,3.0,384,4132.0,開耀,681.0,682.0,1970111.5,1970259.5,2.0
97,3.0,385,4132.0,永淳,682.0,683.0,1970259.5,1970883.5,2.0
97,3.0,386,4132.0,弘道,683.0,683.0,1970883.5,1970910.5,1.0
97,3.0,387,3700.0,嗣聖,684.0,684.0,1970910.5,1970945.5,1.0
97,3.0,388,10187.0,文明,684.0,684.0,1970945.5,1971179.5,1.0
97,3.0,389,10187.0,光宅,684.0,684.0,1971179.5,1971293.5,1.0
97,3.0,390,10187.0,垂拱,685.0,688.0,1971293.5,1972741.5,4.0
97,3.0,391,10187.0,永昌,689.0,689.0,1972741.5,1973066.5,1.0
99,3.0,392,10187.0,神龍,705.0,711.0,1978588.5,1979566.5,7.0
99,3.0,393,10187.0,天授,690.0,692.0,1973368.5,1973922.5,3.0
99,3.0,394,10187.0,如意,692.0,692.0,1973922.5,1974106.5,1.0
99,3.0,395,10187.0,長壽,692.0,694.0,1974106.5,1974700.5,3.0
99,3.0,396,10187.0,延載,694.0,695.0,1974700.5,1974867.5,2.0
99,3.0,397,10187.0,證聖,695.0,695.0,1974867.5,1975200.5,1.0
99,3.0,398,10187.0,天冊萬歲,695.0,696.0,1975200.5,1975290.5,2.0
99,3.0,399,10187.0,萬歲登封,696.0,696.0,1975290.5,1975383.5,1.0
99,3.0,400,10187.0,萬歲通天,696.0,697.0,1975383.5,1975908.5,2.0
99,3.0,401,10187.0,神功,697.0,697.0,1975908.5,1975990.5,1.0
99,3.0,402,10187.0,聖曆,698.0,700.0,1975990.5,1976879.5,3.0
99,3.0,403,10187.0,久視,700.0,701.0,1976879.5,1977143.5,2.0
99,3.0,404,10187.0,大足,701.0,701.0,1977143.5,1977427.5,1.0
99,3.0,405,10187.0,長安,701.0,704.0,1977427.5,1978588.5,4.0
97,3.0,406,10187.0,載初,690.0,690.0,1973066.5,1973368.5,1.0
97,3.0,407,3700.0,景龍,707.0,710.0,1979566.5,1980570.5,4.0
97,3.0,408,10186.0,唐隆,710.0,710.0,1980570.5,1980615.5,1.0
97,3.0,409,4128.0,景雲,710.0,711.0,1980615.5,1981175.5,2.0
97,3.0,410,4128.0,太極,712.0,712.0,1981175.5,1981277.5,1.0
97,3.0,411,4128.0,延和,712.0,712.0,1981277.5,1981370.5,1.0
97,3.0,412,4151.0,先天,712.0,713.0,1981370.5,1981836.5,2.0
97,3.0,413,4151.0,開元,713.0,741.0,1981836.5,1992113.5,29.0
97,3.0,414,4151.0,天寶,742.0,756.0,1992113.5,1997410.5,15.0
97,3.0,415,4117.0,至德,756.0,758.0,1997410.5,1997993.5,3.0
97,3.0,416,4117.0,乾元,758.0,760.0,1997993.5,1998805.5,3.0
97,3.0,417,4117.0,上元,760.0,762.0,1998805.5,1999452.5,3.0
97,3.0,418,4144.0,寶應,762.0,763.0,1999452.5,1999978.5,2.0
97,3.0,419,4144.0,廣德,763.0,764.0,1999978.5,2000499.5,2.0
97,3.0,420,4144.0,永泰,765.0,766.0,2000499.5,2001190.5,2.0
97,3.0,421,4144.0,大曆,766.0,779.0,2001190.5,2005993.5,14.0
97,3.0,422,4147.0,建中,780.0,783.0,2005993.5,2007439.5,4.0
97,3.0,423,4147.0,興元,784.0,784.0,2007439.5,2007823.5,1.0
97,3.0,424,4147.0,貞元,785.0,805.0,2007823.5,2015327.5,21.0
97,3.0,425,4143.0,永貞,805.0,806.0,2015327.5,2015473.5,2.0
97,3.0,426,4140.0,元和,806.0,821.0,2015473.5,2020966.5,16.0
97,3.0,427,4126.0,長慶,821.0,825.0,2020966.5,2022417.5,5.0
97,3.0,428,4135.0,寶曆,825.0,827.0,2022417.5,2023191.5,3.0
97,3.0,429,4129.0,大和,827.0,835.0,2023191.5,2026427.5,9.0
97,3.0,430,4129.0,開成,836.0,841.0,2026427.5,2028267.5,6.0
97,3.0,431,3638.0,會昌,841.0,847.0,2028267.5,2030460.5,7.0
97,3.0,432,4125.0,大中,847.0,860.0,2030460.5,2035523.5,14.0
97,3.0,433,4136.0,咸通,860.0,874.0,2035523.5,2040636.5,15.0
97,3.0,434,3721.0,乾符,874.0,879.0,2040636.5,2042521.5,6.0
97,3.0,435,3721.0,廣明,880.0,881.0,2042521.5,2043063.5,2.0
97,3.0,436,3721.0,中和,881.0,885.0,2043063.5,2044395.5,5.0
97,3.0,437,3721.0,光啟,885.0,888.0,2044395.5,2045496.5,4.0
97,3.0,438,3721.0,文德,888.0,888.0,2045496.5,2045799.5,1.0
97,3.0,439,4130.0,龍紀,889.0,889.0,2045799.5,2046154.5,1.0
97,3.0,440,4130.0,大順,890.0,892.0,2046154.5,2046912.5,3.0
97,3.0,441,4130.0,景福,892.0,893.0,2046912.5,2047631.5,2.0
97,3.0,442,4130.0,乾寧,894.0,898.0,2047631.5,2049310.5,5.0
97,3.0,443,4130.0,光化,898.0,901.0,2049310.5,2050283.5,4.0
97,3.0,444,4130.0,天復,901.0,904.0,2050283.5,2051391.5,4.0
97,3.0,445,4130.0,天祐,904.0,904.0,2051391.5,2051513.5,1.0
101,3.0,446,15259.0,太和,929.0,935.0,2060738.5,2062842.5,7.0
101,3.0,447,15259.0,天祚,935.0,937.0,2062842.5,2063610.5,3.0
100,3.0,448,15283.0,武成,908.0,910.0,2052748.5,2053832.5,3.0
100,3.0,449,15283.0,永平,911.0,915.0,2053832.5,2055662.5,5.0
100,3.0,450,15283.0,通正,916.0,916.0,2055662.5,2056017.5,1.0
100,3.0,451,15283.0,天漢,917.0,917.0,2056017.5,2056401.5,1.0
100,3.0,452,15283.0,光天,918.0,918.0,2056401.5,2056756.5,1.0
100,3.0,452,15283.0,廣大,918.0,918.0,2056401.5,2056756.5,1.0
100,3.0,452,15283.0,光大,918.0,918.0,2056401.5,2056756.5,1.0
101,3.0,454,15258.0,天祐,904.0,919.0,2052857.5,2056844.5,16.0
100,3.0,455,15284.0,乾德,919.0,924.0,2056756.5,2058940.5,6.0
100,3.0,456,15284.0,咸康,925.0,925.0,2058940.5,2059262.5,1.0
111,3.0,457,15285.0,明德,934.0,937.0,2062347.5,2063694.5,4.0
111,3.0,458,15286.0,廣政,938.0,965.0,2063694.5,2073588.5,28.0
104,3.0,459,15263.0,天祐,904.0,907.0,2052503.5,2052739.5,4.0
104,3.0,460,15263.0,鳳曆,908.0,913.0,2052739.5,2054590.5,6.0
104,3.0,461,15263.0,乾化,911.0,915.0,2054590.5,2055611.5,5.0
104,3.0,462,15263.0,貞明,915.0,921.0,2055611.5,2057612.5,7.0
104,3.0,463,15263.0,龍德,921.0,923.0,2057612.5,2058586.5,3.0
104,3.0,464,15263.0,寶大,924.0,925.0,2058586.5,2059324.5,2.0
112,3.0,465,15269.0,長興,930.0,932.0,2060821.5,2061864.5,3.0
112,3.0,466,15269.0,永和,935.0,936.0,2062602.5,2063016.5,2.0
111,3.0,467,15285.0,長興,930.0,934.0,2062248.5,2062347.5,5.0
110,3.0,468,15287.0,同光,923.0,926.0,2058645.5,2059413.5,4.0
112,3.0,469,15272.0,天德,943.0,945.0,2065555.5,2066500.5,3.0
108,3.0,470,15273.0,乾亨,917.0,925.0,2056239.5,2059266.5,9.0
108,3.0,471,15273.0,白龍,925.0,928.0,2059266.5,2060093.5,4.0
108,3.0,472,15273.0,大有,928.0,942.0,2060093.5,2065223.5,15.0
108,3.0,473,15274.0,光天,942.0,943.0,2065223.5,2065592.5,2.0
108,3.0,474,15275.0,應乾,943.0,943.0,2065592.5,2065833.5,1.0
108,3.0,475,15275.0,乾和,943.0,958.0,2065833.5,2071227.5,16.0
108,3.0,476,15276.0,大寶,958.0,971.0,2071227.5,2075777.5,14.0
114,3.0,477,15261.0,顯德,954.0,960.0,2071107.5,2071731.5,7.0
114,3.0,478,15261.0,建隆,960.0,961.0,2071731.5,2072288.5,2.0
114,3.0,479,15261.0,中興,958.0,958.0,2070989.5,2071053.5,1.0
114,3.0,480,15261.0,交泰,958.0,958.0,2071053.5,2071107.5,1.0
110,3.0,481,15287.0,天成,926.0,927.0,2059413.5,2059976.5,2.0
110,3.0,482,15287.0,乾貞,927.0,927.0,2059976.5,2060034.5,1.0
115,3.0,483,15296.0,天祐,904.0,916.0,2052396.5,2055702.5,13.0
115,3.0,484,15296.0,天贊,922.0,926.0,2057899.5,2059358.5,5.0
115,3.0,485,15296.0,天顯,926.0,938.0,2059358.5,2064012.5,13.0
115,3.0,486,15297.0,會同,938.0,947.0,2064012.5,2067003.5,10.0
115,3.0,487,15297.0,大同,947.0,947.0,2067003.5,2067253.5,1.0
115,3.0,488,15298.0,天祿,947.0,951.0,2067253.5,2068689.5,5.0
115,3.0,489,15299.0,應曆,951.0,969.0,2068689.5,2075055.5,19.0
115,3.0,490,15300.0,保寧,969.0,979.0,2075055.5,2078987.5,11.0
115,3.0,491,15300.0,乾亨,979.0,983.0,2078987.5,2080300.5,5.0
115,3.0,492,15301.0,統和,983.0,1012.0,2080300.5,2091040.5,30.0
115,3.0,493,15301.0,開泰,1012.0,1021.0,2091040.5,2094329.5,10.0
115,3.0,494,15301.0,太平,1021.0,1031.0,2094329.5,2097805.5,11.0
115,3.0,495,15302.0,景福,1031.0,1032.0,2097805.5,2098345.5,2.0
115,3.0,496,15302.0,重熙,1032.0,1055.0,2098345.5,2106635.5,24.0
115,3.0,497,15303.0,清寧,1055.0,1064.0,2106635.5,2110087.5,10.0
115,3.0,498,15303.0,咸雍,1065.0,1074.0,2110087.5,2113720.5,10.0
115,3.0,499,15303.0,太康,1075.0,1084.0,2113720.5,2117382.5,10.0
115,3.0,500,15303.0,大安,1085.0,1094.0,2117382.5,2121044.5,10.0
115,3.0,501,15303.0,壽昌,1095.0,1101.0,2121044.5,2123240.5,7.0
115,3.0,502,15304.0,乾統,1101.0,1110.0,2123240.5,2126890.5,10.0
115,3.0,503,15304.0,天慶,1111.0,1120.0,2126890.5,2130523.5,10.0
115,3.0,504,15304.0,保大,1121.0,1125.0,2130523.5,2132048.5,5.0
119,3.0,505,15305.0,建隆,960.0,963.0,2071731.5,2073130.5,4.0
119,3.0,506,15305.0,乾德,963.0,968.0,2073130.5,2074969.5,6.0
119,3.0,507,15305.0,開寶,968.0,976.0,2074969.5,2077920.5,9.0
119,3.0,508,15306.0,太平興國,976.0,984.0,2077920.5,2080813.5,9.0
119,3.0,509,15306.0,雍熙,984.0,987.0,2080813.5,2081252.5,4.0
119,3.0,510,15306.0,端拱,988.0,989.0,2081252.5,2082684.5,2.0
119,3.0,511,15306.0,淳化,990.0,994.0,2082684.5,2084514.5,5.0
119,3.0,512,15306.0,至道,995.0,997.0,2084514.5,2085339.5,3.0
119,3.0,513,15307.0,咸平,998.0,1003.0,2085607.5,2087792.5,6.0
119,3.0,514,15307.0,景德,1004.0,1008.0,2087792.5,2089274.5,5.0
119,3.0,515,15307.0,大中祥符,1008.0,1016.0,2089274.5,2092547.5,9.0
119,3.0,516,15307.0,天禧,1017.0,1021.0,2092547.5,2094377.5,5.0
119,3.0,517,15307.0,乾興,1022.0,1022.0,2094377.5,2094732.5,1.0
119,3.0,518,15308.0,天聖,1023.0,1032.0,2094732.5,2098340.5,10.0
119,3.0,519,15308.0,明道,1032.0,1033.0,2098340.5,2098748.5,2.0
119,3.0,520,15308.0,景祐,1034.0,1038.0,2098748.5,2100536.5,5.0
119,3.0,521,15308.0,寶元,1038.0,1040.0,2100536.5,2101012.5,3.0
119,3.0,522,15308.0,康定,1040.0,1041.0,2101012.5,2101632.5,2.0
119,3.0,523,15308.0,慶曆,1041.0,1048.0,2101632.5,2104240.5,8.0
119,3.0,524,15308.0,皇祐,1049.0,1054.0,2104240.5,2106160.5,6.0
119,3.0,525,15308.0,至和,1054.0,1056.0,2106160.5,2107057.5,3.0
119,3.0,526,15308.0,嘉祐,1056.0,1063.0,2107057.5,2109438.5,8.0
119,3.0,527,15309.0,治平,1064.0,1067.0,2109703.5,2111180.5,4.0
119,3.0,528,15310.0,熙寧,1068.0,1077.0,2111180.5,2114813.5,10.0
119,3.0,529,15310.0,元豐,1078.0,1085.0,2114813.5,2117736.5,8.0
119,3.0,530,15311.0,元祐,1086.0,1094.0,2117736.5,2120759.5,9.0
119,3.0,531,15311.0,紹聖,1094.0,1098.0,2120759.5,2122284.5,5.0
119,3.0,532,15311.0,元符,1098.0,1100.0,2122284.5,2123228.5,3.0
119,3.0,533,15312.0,建中靖國,1101.0,1101.0,2123228.5,2123583.5,1.0
119,3.0,534,15312.0,崇寧,1102.0,1106.0,2123583.5,2125414.5,5.0
119,3.0,535,15312.0,大觀,1107.0,1110.0,2125414.5,2126890.5,4.0
119,3.0,536,15312.0,政和,1111.0,1118.0,2126890.5,2129755.5,8.0
119,3.0,537,15312.0,重和,1118.0,1119.0,2129755.5,2129843.5,2.0
119,3.0,538,15312.0,宣和,1119.0,1125.0,2129843.5,2132353.5,7.0
119,3.0,539,15313.0,靖康,1126.0,1127.0,2132353.5,2132856.5,2.0
119,3.0,540,15314.0,建炎,1127.0,1129.0,2132856.5,2133515.5,3.0
119,3.0,541,15314.0,紹興,1131.0,1162.0,2134185.5,2145878.5,32.0
119,3.0,542,15315.0,隆興,1163.0,1164.0,2145878.5,2146617.5,2.0
119,3.0,543,15315.0,乾道,1165.0,1173.0,2146617.5,2149895.5,9.0
119,3.0,544,15315.0,淳熙,1174.0,1189.0,2149895.5,2155742.5,16.0
119,3.0,545,15316.0,紹熙,1190.0,1194.0,2155742.5,2157573.5,5.0
119,3.0,546,15317.0,慶元,1195.0,1200.0,2157573.5,2159758.5,6.0
119,3.0,547,15317.0,嘉泰,1201.0,1204.0,2159758.5,2161205.5,4.0
119,3.0,548,15317.0,開禧,1205.0,1207.0,2161205.5,2162297.5,3.0
119,3.0,549,15317.0,嘉定,1208.0,1224.0,2162297.5,2168528.5,17.0
119,3.0,550,15318.0,寶慶,1225.0,1227.0,2168528.5,2169622.5,3.0
119,3.0,551,15318.0,紹定,1228.0,1233.0,2169622.5,2171806.5,6.0
119,3.0,552,15318.0,端平,1234.0,1236.0,2171806.5,2172899.5,3.0
119,3.0,553,15318.0,嘉熙,1237.0,1240.0,2172899.5,2174376.5,4.0
119,3.0,554,15318.0,淳祐,1241.0,1252.0,2174376.5,2178746.5,12.0
119,3.0,555,15318.0,寶祐,1253.0,1258.0,2178746.5,2180931.5,6.0
119,3.0,556,15318.0,開慶,1259.0,1259.0,2180931.5,2181315.5,1.0
119,3.0,557,15318.0,景定,1260.0,1264.0,2181315.5,2183117.5,5.0
119,3.0,558,15319.0,咸淳,1265.0,1274.0,2183117.5,2186779.5,10.0
119,3.0,559,15320.0,德祐,1275.0,1276.0,2186779.5,2187281.5,2.0
119,3.0,560,15321.0,景炎,1276.0,1278.0,2187281.5,2187989.5,3.0
119,3.0,561,15322.0,祥興,1278.0,1279.0,2187989.5,2188289.5,2.0
120,3.0,562,15323.0,顯道,1032.0,1034.0,2098338.5,2098954.5,3.0
120,3.0,563,15323.0,開運,1034.0,1034.0,2098954.5,2098984.5,1.0
120,3.0,564,15323.0,廣運,1034.0,1036.0,2098984.5,2099811.5,3.0
120,3.0,565,15323.0,大慶,1036.0,1038.0,2099811.5,2100500.5,3.0
120,3.0,566,15323.0,天授禮法延祚,1038.0,1048.0,2100500.5,2104240.5,11.0
120,3.0,567,15324.0,延嗣寧國,1049.0,1049.0,2104240.5,2104595.5,1.0
120,3.0,568,15324.0,天祐垂聖,1050.0,1052.0,2104595.5,2105688.5,3.0
120,3.0,569,15324.0,福聖承道,1053.0,1056.0,2105688.5,2107164.5,4.0
120,3.0,570,15324.0,奲都,1057.0,1062.0,2107164.5,2109349.5,6.0
120,3.0,571,15324.0,拱化,1063.0,1067.0,2109349.5,2111180.5,5.0
120,3.0,572,15325.0,乾道,1068.0,1068.0,2111180.5,2111535.5,1.0
120,3.0,573,15325.0,天賜禮盛國慶,1069.0,1073.0,2111535.5,2113365.5,5.0
120,3.0,574,15325.0,大安,1074.0,1084.0,2113365.5,2117382.5,11.0
120,3.0,575,15325.0,天安禮定,1085.0,1086.0,2117382.5,2118120.5,2.0
120,3.0,576,15326.0,天儀治平,1087.0,1089.0,2118120.5,2119213.5,3.0
120,3.0,577,15326.0,天祐民安,1090.0,1097.0,2119213.5,2122136.5,8.0
120,3.0,578,15326.0,永安,1098.0,1100.0,2122136.5,2123228.5,3.0
120,3.0,579,15326.0,貞觀,1101.0,1113.0,2123228.5,2127984.5,13.0
120,3.0,580,15326.0,雍寧,1114.0,1118.0,2127984.5,2129814.5,5.0
120,3.0,581,15326.0,元德,1119.0,1127.0,2129814.5,2132826.5,9.0
120,3.0,582,15326.0,正德,1127.0,1134.0,2132826.5,2135631.5,8.0
120,3.0,583,15326.0,大德,1135.0,1139.0,2135631.5,2137463.5,5.0
120,3.0,584,15327.0,大慶,1140.0,1143.0,2137463.5,2138939.5,4.0
120,3.0,585,15327.0,人慶,1144.0,1148.0,2138939.5,2140770.5,5.0
120,3.0,586,15327.0,天盛,1149.0,1169.0,2140770.5,2148418.5,21.0
120,3.0,587,15327.0,乾祐,1170.0,1193.0,2148418.5,2157189.5,24.0
120,3.0,588,15328.0,天慶,1194.0,1206.0,2157189.5,2161608.5,13.0
120,3.0,589,15329.0,應天,1206.0,1209.0,2161608.5,2163036.5,4.0
120,3.0,590,15329.0,皇建,1210.0,1211.0,2163036.5,2163598.5,2.0
120,3.0,591,15330.0,光定,1211.0,1223.0,2163598.5,2168026.5,13.0
120,3.0,592,15331.0,乾定,1223.0,1226.0,2168026.5,2169060.5,4.0
120,3.0,593,15332.0,寶義,1226.0,1227.0,2169060.5,2169458.5,2.0
121,3.0,594,15333.0,收國,1115.0,1116.0,2128338.5,2129076.5,2.0
121,3.0,595,15333.0,天輔,1117.0,1123.0,2129076.5,2131494.5,7.0
121,3.0,596,15334.0,天會,1123.0,1137.0,2131494.5,2136754.5,15.0
121,3.0,597,15335.0,天眷,1138.0,1141.0,2136754.5,2137859.5,4.0
121,3.0,598,15335.0,皇統,1141.0,1149.0,2137859.5,2141105.5,9.0
121,3.0,599,15336.0,天德,1149.0,1153.0,2141105.5,2142301.5,5.0
121,3.0,600,15336.0,貞元,1153.0,1156.0,2142301.5,2143339.5,4.0
121,3.0,601,15336.0,正隆,1156.0,1161.0,2143339.5,2145413.5,6.0
121,3.0,602,15337.0,大定,1161.0,1189.0,2145413.5,2155742.5,29.0
121,3.0,603,15338.0,明昌,1190.0,1196.0,2155742.5,2158244.5,7.0
121,3.0,604,15338.0,承安,1196.0,1201.0,2158244.5,2159758.5,6.0
121,3.0,605,15338.0,泰和,1201.0,1208.0,2159758.5,2162707.5,8.0
121,3.0,606,15339.0,大安,1209.0,1211.0,2162707.5,2163775.5,3.0
121,3.0,607,15339.0,崇慶,1212.0,1213.0,2163775.5,2164247.5,2.0
121,3.0,608,15339.0,至寧,1213.0,1213.0,2164247.5,2164378.5,1.0
121,3.0,609,15340.0,貞祐,1213.0,1217.0,2164378.5,2165848.5,5.0
121,3.0,610,15340.0,興定,1217.0,1222.0,2165848.5,2167650.5,6.0
121,3.0,611,15340.0,元光,1222.0,1223.0,2167650.5,2168144.5,2.0
121,3.0,612,15341.0,正大,1224.0,1232.0,2168144.5,2171086.5,9.0
121,3.0,613,15341.0,開興,1232.0,1232.0,2171086.5,2171170.5,1.0
121,3.0,614,15341.0,天興,1232.0,1234.0,2171170.5,2171814.5,3.0
122,3.0,615,,阜昌,1131.0,,,,
123,3.0,616,16647.0,延慶,1124.0,1133.0,2131645.5,2135277.5,10.0
123,3.0,617,16647.0,康國,1134.0,1143.0,2135277.5,2138939.5,10.0
123,3.0,618,16648.0,咸清,1144.0,1150.0,2138939.5,2141479.5,7.0
123,3.0,619,16649.0,續興,1151.0,1163.0,2141479.5,2146233.5,13.0
123,3.0,620,16650.0,崇福,1164.0,1177.0,2146233.5,2151342.5,14.0
123,3.0,621,16651.0,天禧,1178.0,1211.0,2151342.5,2163775.5,34.0
124,3.0,622,15343.0,中統,1260.0,1264.0,2181452.5,2182983.5,5.0
124,3.0,623,15343.0,至元,1264.0,1294.0,2182983.5,2194072.5,31.0
124,3.0,624,15344.0,元貞,1295.0,1297.0,2194072.5,2194840.5,3.0
124,3.0,625,15344.0,大德,1297.0,1307.0,2194840.5,2198827.5,11.0
124,3.0,626,15345.0,至大,1308.0,1311.0,2198827.5,2200303.5,4.0
124,3.0,627,15346.0,皇慶,1312.0,1314.0,2200303.5,2201033.5,3.0
124,3.0,628,15346.0,延祐,1314.0,1320.0,2201033.5,2203581.5,7.0
124,3.0,629,15347.0,至治,1321.0,1223.0,2203581.5,2204674.5,-97.0
124,3.0,630,15348.0,泰定,1324.0,1328.0,2204674.5,2206206.5,5.0
124,3.0,631,15348.0,致和,1328.0,1328.0,2206206.5,2206386.5,1.0
124,3.0,632,15350.0,天曆,1328.0,1328.0,2206398.5,2206984.5,1.0
124,3.0,633,15350.0,至順,1330.0,1333.0,2206984.5,2208254.5,4.0
124,3.0,634,15353.0,元統,1333.0,1335.0,2208254.5,2209007.5,3.0
124,3.0,635,15353.0,至元,1335.0,1340.0,2209007.5,2210875.5,6.0
124,3.0,636,15353.0,至正,1341.0,1370.0,2210875.5,2221831.5,30.0
126,3.0,637,16645.0,宣光,1370.0,1378.0,2221596.5,2224755.5,9.0
126,3.0,638,16646.0,天光,1379.0,1388.0,2224755.5,2228329.5,10.0
125,3.0,639,15354.0,洪武,1368.0,1398.0,2220738.5,2232078.5,31.0
125,3.0,640,15355.0,建文,1398.0,1402.0,2232078.5,2233336.5,5.0
125,3.0,641,15356.0,永樂,1402.0,1424.0,2233525.5,2241558.5,23.0
125,3.0,642,15357.0,洪熙,1425.0,1425.0,2241558.5,2241942.5,1.0
125,3.0,643,15358.0,宣德,1426.0,1435.0,2241942.5,2245573.5,10.0
125,3.0,644,15359.0,正統,1436.0,1449.0,2245573.5,2250683.5,14.0
125,3.0,645,15360.0,景泰,1450.0,1457.0,2250683.5,2253272.5,8.0
125,3.0,646,15359.0,天順,1457.0,1464.0,2253272.5,2256175.5,8.0
125,3.0,647,15361.0,成化,1465.0,1487.0,2256175.5,2264562.5,23.0
125,3.0,648,15362.0,弘治,1488.0,1505.0,2264562.5,2271147.5,18.0
125,3.0,649,15363.0,正德,1506.0,1521.0,2271147.5,2276995.5,16.0
125,3.0,650,15364.0,嘉靖,1522.0,1566.0,2276995.5,2293443.5,45.0
125,3.0,651,15365.0,隆慶,1567.0,1572.0,2293443.5,2295628.5,6.0
125,3.0,652,15366.0,萬曆,1573.0,1620.0,2295628.5,2313139.5,48.0
125,3.0,653,15367.0,泰昌,1620.0,1620.0,2313139.5,2313139.5,1.0
125,3.0,654,15368.0,天啟,1621.0,1627.0,2313139.5,2315709.5,7.0
125,3.0,655,15356.0,崇禎,1628.0,1644.0,2315709.5,2321633.5,17.0
127,3.0,656,15370.0,天命,1616.0,1626.0,2311338.5,2315355.5,11.0
127,3.0,657,15371.0,天聰,1627.0,1636.0,2315355.5,2318731.5,10.0
127,3.0,658,15371.0,崇德,1636.0,1643.0,2318731.5,2321556.5,8.0
127,3.0,659,15372.0,順治,1644.0,1661.0,2321556.5,2328141.5,18.0
127,3.0,660,15373.0,康熙,1662.0,1722.0,2328141.5,2350407.5,61.0
127,3.0,661,15374.0,雍正,1723.0,1735.0,2350407.5,2355162.5,13.0
127,3.0,662,15375.0,乾隆,1736.0,1796.0,2355162.5,2377074.5,61.0
127,3.0,663,15376.0,嘉慶,1796.0,1820.0,2377074.5,2386199.5,25.0
127,3.0,664,15377.0,道光,1821.0,1850.0,2386199.5,2397154.5,30.0
127,3.0,665,15378.0,咸豐,1851.0,1861.0,2397154.5,2401170.5,11.0
127,3.0,666,15379.0,同治,1862.0,1875.0,2401170.5,2405925.5,14.0
127,3.0,667,15380.0,光緒,1875.0,1908.0,2405925.5,2418328.5,34.0
127,3.0,668,15381.0,宣統,1909.0,1912.0,2418328.5,2419444.5,4.0
129,,669,,中華民國,1912.0,,,,
128,3.0,670,16642.0,弘光,1645.0,1645.0,2321911.5,2322116.5,1.0
128,3.0,671,16643.0,隆武,1645.0,1646.0,2322116.5,2322649.5,2.0
110,3.0,672,15288.0,乾貞,928.0,929.0,2060034.5,2060594.5,2.0
128,3.0,673,16644.0,永曆,1647.0,1662.0,2322649.5,2328244.5,16.0
124,3.0,674,15349.0,天順,1328.0,1328.0,2206386.5,2206398.5,1.0
110,3.0,675,15288.0,天成,926.0,930.0,2060594.5,2060821.5,5.0
110,3.0,676,15288.0,長興,930.0,934.0,2060821.5,2062224.5,5.0
110,3.0,677,15288.0,應順,934.0,934.0,2062224.5,2062351.5,1.0
110,3.0,678,15288.0,清泰,934.0,936.0,2062351.5,2063252.5,3.0
110,3.0,679,15288.0,天福,936.0,944.0,2063252.5,2066057.5,9.0
110,3.0,680,15288.0,開運,944.0,946.0,2066057.5,2066973.5,3.0
110,3.0,681,15288.0,天福,936.0,948.0,2066973.5,2067361.5,13.0
98,3.0,682,4256.0,開明,619.0,621.0,1947285.5,1948053.5,3.0
43,1.0,683,3631.0,前元,-179.0,-163.0,1655995.5,1661843.5,17.0
43,1.0,683,3631.0,,-179.0,-163.0,1655995.5,1661843.5,17.0
43,1.0,684,3632.0,前元,-156.0,-149.0,1664273.5,1666952.5,8.0
43,1.0,685,3629.0,,-205.0,-194.0,1646251.5,1650350.5,12.0
43,1.0,686,3630.0,,-193.0,-187.0,1650350.5,1653025.5,7.0
43,1.0,687,3706.0,,-186.0,-179.0,1653073.5,1655995.5,8.0
43,1.0,688,2933.0,,-187.0,-183.0,1653025.5,1654382.5,5.0
95,3.0,689,3682.0,,557.0,557.0,1924546.5,1924810.5,1.0
93,3.0,690,3744.0,,551.0,554.0,1922396.5,1923572.5,4.0
93,3.0,691,320.0,,554.0,557.0,1923572.5,1924546.5,4.0
95,3.0,692,3914.0,,557.0,559.0,1924810.5,1925504.5,3.0
105,3.0,693,16641.0,乾化,911.0,915.0,2054616.5,2055611.5,5.0
100,3.0,694,15283.0,天復,901.0,908.0,2052645.5,2052748.5,8.0
101,3.0,697,15257.0,天祐,904.0,908.0,2052384.5,2052857.5,5.0
104,3.0,700,15263.0,寶太,924.0,925.0,2058586.5,2059324.5,2.0
104,3.0,701,15263.0,寶正,926.0,932.0,2059324.5,2061599.5,7.0
104,3.0,702,15263.0,寶貞,926.0,932.0,2059324.5,2061599.5,7.0
105,3.0,703,15243.0,開平,907.0,911.0,2052490.5,2053950.5,5.0
105,3.0,704,15383.0,鳳曆,913.0,913.0,2054590.5,2054616.5,1.0
105,3.0,705,15243.0,乾化,911.0,913.0,2053950.5,2054590.5,3.0
106,3.0,706,15277.0,天成,926.0,930.0,2059826.5,2061066.5,5.0
106,3.0,707,15278.0,長興,930.0,932.0,2061066.5,2061687.5,3.0
106,3.0,708,15279.0,長興,930.0,934.0,2061687.5,2062224.5,5.0
110,3.0,709,15288.0,乾祐,948.0,948.0,2067361.5,2067652.5,1.0
110,3.0,710,15289.0,乾祐,948.0,951.0,2067652.5,2068453.5,4.0
110,3.0,711,15289.0,廣順,951.0,953.0,2068453.5,2069542.5,3.0
109,3.0,712,15245.0,同光,923.0,926.0,2058315.5,2059440.5,4.0
109,3.0,713,15246.0,天成,926.0,930.0,2059440.5,2060821.5,5.0
109,3.0,714,15247.0,應順,934.0,934.0,2062224.5,2062339.5,1.0
109,3.0,715,15248.0,清泰,934.0,936.0,2062339.5,2063307.5,3.0
113,3.0,716,15249.0,天福,936.0,944.0,2063263.5,2065319.5,9.0
113,3.0,717,15250.0,天福,936.0,944.0,2065319.5,2065349.5,9.0
110,3.0,718,15289.0,顯德,954.0,960.0,2069542.5,2071731.5,7.0
110,3.0,719,15290.0,建隆,960.0,962.0,2071731.5,2072761.5,3.0
110,3.0,720,16652.0,建隆,962.0,963.0,2072761.5,2072967.5,2.0
106,3.0,721,15279.0,應順,934.0,934.0,2062224.5,2062351.5,1.0
106,3.0,722,15279.0,清泰,934.0,936.0,2062351.5,2063295.5,3.0
112,3.0,723,15267.0,開平,907.0,911.0,2053182.5,2053950.5,5.0
112,3.0,724,15269.0,天成,926.0,930.0,2059657.5,2060821.5,5.0
112,3.0,725,15269.0,龍啟,933.0,935.0,2061864.5,2062602.5,3.0
112,3.0,726,15270.0,通文,936.0,939.0,2063016.5,2064268.5,4.0
112,3.0,727,15271.0,永隆,939.0,943.0,2064268.5,2065555.5,5.0
114,3.0,728,15260.0,昇元,937.0,943.0,2063610.5,2065585.5,7.0
114,3.0,729,15261.0,保大,943.0,957.0,2065585.5,2070989.5,15.0
114,3.0,730,15262.0,建隆,960.0,963.0,2072288.5,2073130.5,4.0
115,3.0,731,15296.0,神冊,916.0,920.0,2055702.5,2057899.5,5.0
106,3.0,732,15279.0,天福,936.0,944.0,2063295.5,2066057.5,9.0
106,3.0,733,15279.0,開運,944.0,947.0,2066057.5,2067062.5,4.0
114,3.0,734,15262.0,乾德,963.0,968.0,2073130.5,2074969.5,6.0
114,3.0,735,15262.0,開寶,968.0,974.0,2074969.5,2077190.5,7.0
106,3.0,736,15280.0,天福,936.0,948.0,2067062.5,2067361.5,13.0
106,3.0,737,15280.0,乾祐,948.0,950.0,2067361.5,2068068.5,3.0
106,3.0,738,15281.0,保大,950.0,951.0,2068068.5,2068757.5,2.0
104,3.0,739,15263.0,保貞,926.0,932.0,2059324.5,2061599.5,7.0
116,3.0,740,15251.0,天福,936.0,947.0,2067003.5,2067357.5,12.0
116,3.0,741,15251.0,乾祐,948.0,950.0,2067357.5,2067387.5,3.0
117,3.0,742,15253.0,廣順,951.0,953.0,2068453.5,2069542.5,3.0
117,3.0,743,15253.0,顯德,954.0,960.0,2069542.5,2069557.5,7.0
116,3.0,744,15252.0,乾祐,948.0,951.0,2067387.5,2068464.5,4.0
118,3.0,745,15292.0,乾祐,948.0,954.0,2068464.5,2069864.5,7.0
118,3.0,746,15293.0,乾祐,948.0,956.0,2069864.5,2070635.5,9.0
118,3.0,747,15294.0,天會,957.0,973.0,2070635.5,2076836.5,17.0
118,3.0,748,15295.0,廣運,974.0,979.0,2076836.5,2078790.5,6.0
57,1.0,749,4301.0,延熙,334.0,334.0,1843101.5,1843396.5,1.0
104,3.0,750,15264.0,長興,932.0,934.0,2061599.5,2062224.5,3.0
119,3.0,751,15307.0,至道,995.0,997.0,2085339.5,2085607.5,3.0
105,3.0,752,16641.0,貞明,915.0,921.0,2055611.5,2057612.5,7.0
119,3.0,753,15309.0,嘉祐,1054.0,1067.0,2109438.5,2109703.5,14.0
105,3.0,754,16641.0,龍德,921.0,923.0,2057612.5,2058504.5,3.0
104,3.0,755,15264.0,應順,934.0,934.0,2062224.5,2062351.5,1.0
104,3.0,756,15264.0,清泰,934.0,936.0,2062351.5,2063295.5,3.0
109,3.0,757,15246.0,長興,930.0,934.0,2060821.5,2062224.5,5.0
104,3.0,758,15264.0,天福,936.0,941.0,2063295.5,2065024.5,6.0
119,3.0,759,16640.0,明受,1129.0,1164.0,2133515.5,2133536.5,36.0
119,3.0,760,15314.0,建炎,1127.0,1130.0,2133536.5,2134185.5,4.0
104,3.0,761,15265.0,天福,941.0,944.0,2065024.5,2066057.5,4.0
112,3.0,762,15267.0,乾化,911.0,915.0,2053950.5,2055611.5,5.0
113,3.0,763,15250.0,開運,944.0,946.0,2065349.5,2066959.5,3.0
112,3.0,764,15267.0,貞明,915.0,921.0,2055611.5,2057612.5,7.0
125,3.0,765,15354.0,洪武,1368.0,1402.0,2233336.5,2233525.5,35.0
112,3.0,766,15267.0,龍德,921.0,923.0,2057612.5,2058315.5,3.0
104,3.0,767,15265.0,開運,944.0,946.0,2066057.5,2066973.5,3.0
104,3.0,768,15265.0,會同,938.0,947.0,2066973.5,2067120.5,10.0
104,3.0,769,15382.0,會同,938.0,947.0,2067120.5,2067208.5,10.0
104,3.0,770,15382.0,天福,936.0,947.0,2067208.5,2067357.5,12.0
104,3.0,771,15266.0,乾祐,948.0,951.0,2067357.5,2068453.5,4.0
133,4.0,772,16334.0,大化,645.0,650.0,1956841.5,1958550.5,6.0
133,4.0,773,16334.0,白雉,650.0,654.0,1958550.5,1971844.5,5.0
133,4.0,774,16338.0,朱鳥,686.0,686.0,1971844.5,1977220.5,1.0
133,4.0,775,16340.0,大宝,701.0,704.0,1977220.5,1978361.5,4.0
133,4.0,775,16340.0,大寶,701.0,704.0,1977220.5,1978361.5,4.0
133,4.0,776,16340.0,慶雲,704.0,708.0,1978361.5,1980057.5,5.0
133,4.0,777,16341.0,和銅,708.0,715.0,1980057.5,1982486.5,8.0
133,4.0,778,16342.0,霊亀,715.0,717.0,1982486.5,1983299.5,3.0
133,4.0,778,16342.0,靈龜,715.0,717.0,1982486.5,1983299.5,3.0
133,4.0,779,16342.0,養老,717.0,724.0,1983299.5,1985560.5,8.0
133,4.0,780,16343.0,神亀,724.0,729.0,1985560.5,1987624.5,6.0
133,4.0,780,16343.0,神龜,724.0,729.0,1985560.5,1987624.5,6.0
133,4.0,781,16343.0,天平,729.0,749.0,1987624.5,1994753.5,21.0
133,4.0,782,16343.0,天平感寶,749.0,749.0,1994753.5,1994860.5,1.0
133,4.0,782,16343.0,天平感宝,749.0,749.0,1994753.5,1994860.5,1.0
133,4.0,783,16344.0,天平勝宝,749.0,757.0,1994860.5,1997802.5,9.0
133,4.0,783,16344.0,天平勝寶,749.0,757.0,1994860.5,1997802.5,9.0
133,4.0,784,16344.0,天平寶字,757.0,765.0,1997802.5,2000505.5,9.0
133,4.0,784,16344.0,天平宝字,757.0,765.0,1997802.5,2000505.5,9.0
133,4.0,785,16344.0,天平神護,765.0,767.0,2000505.5,2001518.5,3.0
133,4.0,786,16344.0,神護景雲,767.0,770.0,2001518.5,2002595.5,4.0
133,4.0,787,16346.0,寶龜,770.0,781.0,2002595.5,2006347.5,12.0
133,4.0,787,16346.0,宝亀,770.0,781.0,2002595.5,2006347.5,12.0
133,4.0,788,16347.0,天応,781.0,782.0,2006347.5,2006955.5,2.0
133,4.0,788,16347.0,天應,781.0,782.0,2006347.5,2006955.5,2.0
133,4.0,789,16347.0,延曆,782.0,806.0,2006955.5,2015607.5,25.0
133,4.0,789,16347.0,延暦,782.0,806.0,2006955.5,2015607.5,25.0
133,4.0,790,16348.0,大同,806.0,810.0,2015607.5,2017202.5,5.0
133,4.0,791,16349.0,弘仁,810.0,824.0,2017202.5,2022061.5,15.0
133,4.0,792,16350.0,天長,824.0,834.0,2022061.5,2025720.5,11.0
133,4.0,793,16351.0,承和,834.0,848.0,2025720.5,2030986.5,15.0
133,4.0,794,16351.0,嘉祥,848.0,851.0,2030986.5,2032036.5,4.0
133,4.0,795,16352.0,仁寿,851.0,854.0,2032036.5,2033337.5,4.0
133,4.0,795,16352.0,仁壽,851.0,854.0,2032036.5,2033337.5,4.0
133,4.0,796,16352.0,斉衡,854.0,857.0,2033337.5,2034155.5,4.0
133,4.0,796,16352.0,齊衡,854.0,857.0,2033337.5,2034155.5,4.0
133,4.0,797,16352.0,天安,857.0,859.0,2034155.5,2034946.5,3.0
133,4.0,798,16353.0,貞觀,859.0,877.0,2034946.5,2041533.5,19.0
133,4.0,798,16353.0,貞観,859.0,877.0,2034946.5,2041533.5,19.0
133,4.0,799,16354.0,元慶,877.0,885.0,2041533.5,2044373.5,9.0
133,4.0,800,16355.0,仁和,885.0,889.0,2044373.5,2045914.5,5.0
133,4.0,801,16356.0,寛平,889.0,898.0,2045914.5,2049191.5,10.0
133,4.0,802,16357.0,昌泰,898.0,901.0,2049191.5,2050343.5,4.0
133,4.0,803,16357.0,延喜,901.0,923.0,2050343.5,2058331.5,23.0
133,4.0,804,16357.0,延長,923.0,931.0,2058331.5,2061240.5,9.0
133,4.0,805,16358.0,承平,931.0,938.0,2061240.5,2063834.5,8.0
133,4.0,806,16358.0,天慶,938.0,947.0,2063834.5,2067083.5,10.0
133,4.0,807,16359.0,天暦,947.0,957.0,2067083.5,2070926.5,11.0
133,4.0,807,16359.0,天曆,947.0,957.0,2067083.5,2070926.5,11.0
133,4.0,808,16359.0,天徳,957.0,961.0,2070926.5,2072126.5,5.0
133,4.0,809,16359.0,応和,961.0,964.0,2072126.5,2073475.5,4.0
133,4.0,809,16359.0,應和,961.0,964.0,2072126.5,2073475.5,4.0
133,4.0,810,16359.0,康保,964.0,968.0,2073475.5,2074887.5,5.0
133,4.0,811,16360.0,安和,968.0,970.0,2074887.5,2075471.5,3.0
133,4.0,812,16361.0,天禄,970.0,974.0,2075471.5,2076826.5,5.0
133,4.0,813,16361.0,天延,973.0,976.0,2076826.5,2077781.5,4.0
133,4.0,814,16361.0,貞元,976.0,978.0,2077781.5,2078636.5,3.0
133,4.0,815,16361.0,天元,978.0,983.0,2078636.5,2080246.5,6.0
133,4.0,816,16361.0,永観,983.0,985.0,2080246.5,2080967.5,3.0
133,4.0,816,16361.0,永觀,983.0,985.0,2080246.5,2080967.5,3.0
133,4.0,817,16362.0,寛和,985.0,987.0,2080967.5,2081711.5,3.0
133,4.0,818,16363.0,永延,987.0,989.0,2081711.5,2082542.5,3.0
133,4.0,819,16363.0,永祚,989.0,990.0,2082542.5,2082870.5,2.0
133,4.0,820,16363.0,正暦,990.0,995.0,2082870.5,2084564.5,6.0
133,4.0,820,16363.0,正曆,990.0,995.0,2082870.5,2084564.5,6.0
133,4.0,821,16363.0,長徳,995.0,999.0,2084564.5,2085973.5,5.0
133,4.0,822,16363.0,長保,999.0,1004.0,2085973.5,2087988.5,6.0
133,4.0,823,16363.0,寛弘,1004.0,1012.0,2087988.5,2091094.5,9.0
133,4.0,824,16364.0,長和,1012.0,1017.0,2091094.5,2092657.5,6.0
133,4.0,825,16365.0,寛仁,1017.0,1021.0,2092657.5,2094053.5,5.0
133,4.0,826,16365.0,治安,1021.0,1024.0,2094053.5,2095304.5,4.0
133,4.0,827,16365.0,万寿,1024.0,1028.0,2095304.5,2096764.5,5.0
133,4.0,827,16365.0,萬壽,1024.0,1028.0,2095304.5,2096764.5,5.0
133,4.0,828,16365.0,長元,1028.0,1037.0,2096764.5,2099950.5,10.0
133,4.0,829,16366.0,長暦,1037.0,1040.0,2099950.5,2101267.5,4.0
133,4.0,829,16366.0,長曆,1037.0,1040.0,2099950.5,2101267.5,4.0
133,4.0,830,16366.0,長久,1040.0,1044.0,2101267.5,2102728.5,5.0
133,4.0,831,16366.0,寛徳,1044.0,1046.0,2102728.5,2103250.5,3.0
133,4.0,832,16367.0,永承,1046.0,1053.0,2103250.5,2105698.5,8.0
133,4.0,833,16367.0,天喜,1053.0,1058.0,2105698.5,2107687.5,6.0
133,4.0,834,16367.0,康平,1058.0,1065.0,2107687.5,2110124.5,8.0
133,4.0,835,16367.0,治曆,1065.0,1069.0,2110124.5,2111635.5,5.0
133,4.0,835,16367.0,治暦,1065.0,1069.0,2110124.5,2111635.5,5.0
133,4.0,836,16368.0,延久,1069.0,1074.0,2111635.5,2113594.5,6.0
133,4.0,837,16369.0,承保,1074.0,1077.0,2113594.5,2114770.5,4.0
133,4.0,838,16369.0,承曆,1077.0,1081.0,2114770.5,2115973.5,5.0
133,4.0,838,16369.0,承暦,1077.0,1081.0,2114770.5,2115973.5,5.0
133,4.0,839,16369.0,永保,1081.0,1084.0,2115973.5,2117062.5,4.0
133,4.0,840,16369.0,応徳,1084.0,1087.0,2117062.5,2118214.5,4.0
133,4.0,840,16369.0,應德,1084.0,1087.0,2117062.5,2118214.5,4.0
133,4.0,841,16370.0,寛治,1087.0,1094.0,2118214.5,2121028.5,8.0
133,4.0,842,16370.0,嘉保,1094.0,1096.0,2121028.5,2121739.5,3.0
133,4.0,843,16370.0,永長,1096.0,1097.0,2121739.5,2122097.5,2.0
133,4.0,844,16370.0,承徳,1097.0,1099.0,2122097.5,2122724.5,3.0
133,4.0,845,16370.0,康和,1099.0,1104.0,2122724.5,2124361.5,6.0
133,4.0,846,16370.0,長治,1104.0,1106.0,2124361.5,2125156.5,3.0
133,4.0,847,16370.0,嘉承,1106.0,1108.0,2125156.5,2126006.5,3.0
133,4.0,848,16371.0,天仁,1108.0,1110.0,2126006.5,2126696.5,3.0
133,4.0,849,16371.0,天永,1110.0,1113.0,2126696.5,2127817.5,4.0
133,4.0,850,16371.0,永久,1113.0,1118.0,2127817.5,2129521.5,6.0
133,4.0,851,16371.0,元永,1118.0,1120.0,2129521.5,2130266.5,3.0
133,4.0,852,16371.0,保安,1120.0,1124.0,2130266.5,2131736.5,5.0
133,4.0,853,16372.0,天治,1124.0,1126.0,2131736.5,2132374.5,3.0
133,4.0,854,16372.0,大治,1126.0,1131.0,2132374.5,2134214.5,6.0
133,4.0,855,16372.0,天承,1131.0,1132.0,2134214.5,2134784.5,2.0
133,4.0,856,16372.0,長承,1132.0,1135.0,2134784.5,2135776.5,4.0
133,4.0,857,16372.0,保延,1135.0,1141.0,2135776.5,2138032.5,7.0
133,4.0,858,16372.0,永治,1141.0,1142.0,2138032.5,2138317.5,2.0
133,4.0,859,16373.0,康治,1142.0,1144.0,2138317.5,2138990.5,3.0
133,4.0,860,16373.0,天養,1144.0,1145.0,2138990.5,2139492.5,2.0
133,4.0,861,16373.0,久安,1145.0,1151.0,2139492.5,2141504.5,7.0
133,4.0,862,16373.0,仁平,1151.0,1154.0,2141504.5,2142893.5,4.0
133,4.0,863,16373.0,久寿,1154.0,1156.0,2142893.5,2143424.5,3.0
133,4.0,863,16373.0,久壽,1154.0,1156.0,2142893.5,2143424.5,3.0
133,4.0,864,16374.0,保元,1156.0,1159.0,2143424.5,2144510.5,4.0
133,4.0,865,16375.0,平治,1159.0,1160.0,2144510.5,2144795.5,2.0
133,4.0,866,16375.0,永暦,1160.0,1161.0,2144795.5,2145379.5,2.0
133,4.0,866,16375.0,永曆,1160.0,1161.0,2144795.5,2145379.5,2.0
133,4.0,867,16375.0,応保,1161.0,1163.0,2145379.5,2145966.5,3.0
133,4.0,867,16375.0,應保,1161.0,1163.0,2145379.5,2145966.5,3.0
133,4.0,868,16375.0,長寛,1163.0,1165.0,2145966.5,2146768.5,3.0
133,4.0,869,16375.0,永萬,1165.0,1166.0,2146768.5,2147204.5,2.0
133,4.0,869,16375.0,永万,1165.0,1166.0,2146768.5,2147204.5,2.0
133,4.0,870,16376.0,仁安,1166.0,1169.0,2147204.5,2148160.5,4.0
133,4.0,871,16377.0,嘉応,1169.0,1171.0,2148160.5,2148911.5,3.0
133,4.0,871,16377.0,嘉應,1169.0,1171.0,2148160.5,2148911.5,3.0
133,4.0,872,16377.0,承安,1171.0,1175.0,2148911.5,2150453.5,5.0
133,4.0,873,16377.0,安元,1175.0,1177.0,2150453.5,2151197.5,3.0
133,4.0,874,16377.0,治承,1177.0,1181.0,2151197.5,2152654.5,5.0
133,4.0,875,16378.0,養和,1181.0,1182.0,2152654.5,2152962.5,2.0
133,4.0,876,16378.0,寿永,1182.0,1185.0,2152962.5,2153327.5,4.0
133,4.0,876,16378.0,壽永,1182.0,1185.0,2152962.5,2153327.5,4.0
133,4.0,877,16379.0,寿永,1183.0,1184.0,2153327.5,2153660.5,2.0
133,4.0,877,16379.0,壽永,1183.0,1184.0,2153327.5,2153660.5,2.0
133,4.0,878,16379.0,元暦,1184.0,1185.0,2153660.5,2154130.5,2.0
133,4.0,878,16379.0,元曆,1184.0,1185.0,2153660.5,2154130.5,2.0
133,4.0,879,16379.0,文治,1185.0,1190.0,2154130.5,2155840.5,6.0
133,4.0,880,16379.0,建久,1190.0,1199.0,2155840.5,2159134.5,10.0
133,4.0,881,16380.0,正治,1199.0,1201.0,2159134.5,2159800.5,3.0
133,4.0,882,16380.0,建仁,1201.0,1204.0,2159800.5,2160900.5,4.0
133,4.0,883,16380.0,元久,1204.0,1206.0,2160900.5,2161704.5,3.0
133,4.0,884,16380.0,建永,1206.0,1207.0,2161704.5,2162233.5,2.0
133,4.0,885,16380.0,承元,1207.0,1211.0,2162233.5,2163487.5,5.0
133,4.0,886,16381.0,建暦,1211.0,1213.0,2163487.5,2164488.5,3.0
133,4.0,886,16381.0,建曆,1211.0,1213.0,2163487.5,2164488.5,3.0
133,4.0,887,16381.0,建保,1213.0,1219.0,2164488.5,2166444.5,7.0
133,4.0,888,16381.0,承久,1219.0,1222.0,2166444.5,2167537.5,4.0
133,4.0,889,16383.0,貞応,1222.0,1224.0,2167537.5,2168488.5,3.0
133,4.0,889,16383.0,貞應,1222.0,1224.0,2167537.5,2168488.5,3.0
133,4.0,890,16383.0,元仁,1224.0,1225.0,2168488.5,2168636.5,2.0
133,4.0,891,16383.0,嘉禄,1225.0,1227.0,2168636.5,2169601.5,3.0
133,4.0,892,16383.0,安貞,1227.0,1229.0,2169601.5,2170039.5,3.0
133,4.0,893,16383.0,寛喜,1229.0,1232.0,2170039.5,2171158.5,4.0
133,4.0,894,16383.0,貞永,1232.0,1233.0,2171158.5,2171555.5,2.0
133,4.0,895,16384.0,天福,1233.0,1234.0,2171555.5,2172106.5,2.0
133,4.0,896,16384.0,文暦,1234.0,1235.0,2172106.5,2172445.5,2.0
133,4.0,896,16384.0,文曆,1234.0,1235.0,2172106.5,2172445.5,2.0
133,4.0,897,16384.0,嘉禎,1235.0,1238.0,2172445.5,2173600.5,4.0
133,4.0,898,16384.0,暦仁,1238.0,1239.0,2173600.5,2173673.5,2.0
133,4.0,898,16384.0,曆仁,1238.0,1239.0,2173600.5,2173673.5,2.0
133,4.0,899,16384.0,延応,1239.0,1240.0,2173673.5,2174184.5,2.0
133,4.0,899,16384.0,延應,1239.0,1240.0,2173673.5,2174184.5,2.0
133,4.0,900,16384.0,仁治,1240.0,1243.0,2174184.5,2175139.5,4.0
133,4.0,901,16385.0,寛元,1243.0,1247.0,2175139.5,2176618.5,5.0
133,4.0,902,16386.0,宝治,1247.0,1249.0,2176618.5,2177376.5,3.0
133,4.0,902,16386.0,寶治,1247.0,1249.0,2176618.5,2177376.5,3.0
133,4.0,903,16386.0,建長,1249.0,1256.0,2177376.5,2180108.5,8.0
133,4.0,904,16386.0,康元,1256.0,1257.0,2180108.5,2180266.5,2.0
133,4.0,905,16386.0,正嘉,1257.0,1259.0,2180266.5,2181016.5,3.0
133,4.0,906,16386.0,正元,1259.0,1260.0,2181016.5,2181416.5,2.0
133,4.0,907,16387.0,文応,1260.0,1261.0,2181416.5,2181718.5,2.0
133,4.0,907,16387.0,文應,1260.0,1261.0,2181416.5,2181718.5,2.0
133,4.0,908,16387.0,弘長,1261.0,1264.0,2181718.5,2182819.5,4.0
133,4.0,909,16387.0,文永,1264.0,1275.0,2182819.5,2186892.5,12.0
133,4.0,910,16388.0,建治,1275.0,1278.0,2186892.5,2187928.5,4.0
133,4.0,911,16388.0,弘安,1278.0,1288.0,2187928.5,2191648.5,11.0
133,4.0,912,16389.0,正応,1288.0,1293.0,2191648.5,2193574.5,6.0
133,4.0,912,16389.0,正應,1288.0,1293.0,2191648.5,2193574.5,6.0
133,4.0,913,16389.0,永仁,1293.0,1299.0,2193574.5,2195661.5,7.0
133,4.0,914,16390.0,正安,1299.0,1302.0,2195661.5,2196956.5,4.0
133,4.0,915,16391.0,乾元,1302.0,1303.0,2196956.5,2197236.5,2.0
133,4.0,916,16391.0,嘉元,1303.0,1306.0,2197236.5,2198456.5,4.0
133,4.0,917,16391.0,徳治,1306.0,1308.0,2198456.5,2199130.5,3.0
133,4.0,918,16392.0,延慶,1308.0,1311.0,2199130.5,2200036.5,4.0
133,4.0,919,16392.0,応長,1311.0,1312.0,2200036.5,2200382.5,2.0
133,4.0,919,16392.0,應長,1311.0,1312.0,2200036.5,2200382.5,2.0
133,4.0,920,16392.0,正和,1312.0,1317.0,2200382.5,2202166.5,6.0
133,4.0,921,16392.0,文保,1317.0,1319.0,2202166.5,2202959.5,3.0
133,4.0,922,16393.0,元応,1319.0,1321.0,2202959.5,2203633.5,3.0
133,4.0,922,16393.0,元應,1319.0,1321.0,2202959.5,2203633.5,3.0
133,4.0,923,16393.0,元亨,1321.0,1324.0,2203633.5,2205007.5,4.0
133,4.0,924,16393.0,正中,1324.0,1326.0,2205007.5,2205526.5,3.0
133,4.0,925,16393.0,嘉暦,1326.0,1329.0,2205526.5,2206739.5,4.0
133,4.0,925,16393.0,嘉曆,1326.0,1329.0,2205526.5,2206739.5,4.0
133,4.0,926,16393.0,元徳,1329.0,1332.0,2206739.5,2207458.5,4.0
133,4.0,927,16393.0,元弘,1331.0,1334.0,2207458.5,2208364.5,4.0
133,4.0,928,16393.0,建武,1334.0,1336.0,2208364.5,2209131.5,3.0
133,4.0,929,16393.0,延元,1336.0,1340.0,2209131.5,2210637.5,5.0
133,4.0,930,16394.0,興国,1340.0,1347.0,2210637.5,2212726.5,8.0
133,4.0,930,16394.0,興國,1340.0,1347.0,2210637.5,2212726.5,8.0
133,4.0,931,16394.0,正平,1346.0,1370.0,2212726.5,2221677.5,25.0
133,4.0,932,16395.0,建徳,1370.0,1372.0,2221677.5,2222333.5,3.0
133,4.0,933,16395.0,文中,1372.0,1375.0,2222333.5,2223452.5,4.0
133,4.0,934,16395.0,天授,1375.0,1381.0,2223452.5,2225532.5,7.0
133,4.0,935,16395.0,弘和,1381.0,1384.0,2225532.5,2226721.5,4.0
133,4.0,936,16396.0,元中,1384.0,1392.0,2226721.5,2229808.5,9.0
133,4.0,937,16397.0,正慶,1332.0,1333.0,2207713.5,2208123.5,2.0
133,4.0,938,16398.0,建武,1334.0,1338.0,2208364.5,2210045.5,5.0
133,4.0,939,16398.0,暦応,1338.0,1342.0,2210045.5,2211374.5,5.0
133,4.0,939,16398.0,曆應,1338.0,1342.0,2210045.5,2211374.5,5.0
133,4.0,940,16398.0,康永,1342.0,1345.0,2211374.5,2212637.5,4.0
133,4.0,941,16398.0,貞和,1345.0,1350.0,2212637.5,2214238.5,6.0
133,4.0,942,16399.0,観応,1350.0,1352.0,2214238.5,2215183.5,3.0
133,4.0,942,16399.0,觀應,1350.0,1352.0,2214238.5,2215183.5,3.0
133,4.0,943,16400.0,文和,1352.0,1356.0,2215183.5,2216455.5,5.0
133,4.0,944,16400.0,延文,1356.0,1361.0,2216455.5,2218286.5,6.0
133,4.0,945,16400.0,康安,1361.0,1362.0,2218286.5,2218811.5,2.0
133,4.0,946,16400.0,貞治,1362.0,1368.0,2218811.5,2220785.5,7.0
133,4.0,947,16400.0,応安,1368.0,1375.0,2220785.5,2223363.5,8.0
133,4.0,947,16400.0,應安,1368.0,1375.0,2220785.5,2223363.5,8.0
133,4.0,948,16401.0,永和,1375.0,1379.0,2223363.5,2224835.5,5.0
133,4.0,949,16401.0,康曆,1379.0,1381.0,2224835.5,2225546.5,3.0
133,4.0,949,16401.0,康暦,1379.0,1381.0,2224835.5,2225546.5,3.0
133,4.0,950,16401.0,永徳,1381.0,1384.0,2225546.5,2226641.5,4.0
133,4.0,951,16402.0,至徳,1384.0,1387.0,2226641.5,2227936.5,4.0
133,4.0,952,16402.0,嘉慶,1387.0,1389.0,2227936.5,2228455.5,3.0
133,4.0,953,16402.0,康応,1389.0,1390.0,2228455.5,2228856.5,2.0
133,4.0,953,16402.0,康應,1389.0,1390.0,2228455.5,2228856.5,2.0
133,4.0,954,16402.0,明徳,1390.0,1394.0,2228856.5,2230429.5,5.0
133,4.0,955,16402.0,應永,1394.0,1428.0,2230429.5,2242795.5,35.0
133,4.0,955,16402.0,応永,1394.0,1428.0,2230429.5,2242795.5,35.0
133,4.0,956,16403.0,正長,1428.0,1429.0,2242795.5,2243275.5,2.0
133,4.0,957,16404.0,永享,1429.0,1441.0,2243275.5,2247451.5,13.0
133,4.0,958,16404.0,嘉吉,1441.0,1444.0,2247451.5,2248531.5,4.0
133,4.0,959,16404.0,文安,1444.0,1449.0,2248531.5,2250532.5,6.0
133,4.0,960,16404.0,宝徳,1449.0,1452.0,2250532.5,2251622.5,4.0
133,4.0,960,16404.0,寶德,1449.0,1452.0,2250532.5,2251622.5,4.0
133,4.0,961,16404.0,享徳,1452.0,1455.0,2251622.5,2252744.5,4.0
133,4.0,962,16404.0,康正,1455.0,1457.0,2252744.5,2253515.5,3.0
133,4.0,963,16404.0,長禄,1457.0,1460.0,2253515.5,2254709.5,4.0
133,4.0,964,16404.0,寛正,1460.0,1466.0,2254709.5,2256580.5,7.0
133,4.0,965,16405.0,文正,1466.0,1467.0,2256580.5,2256977.5,2.0
133,4.0,966,16405.0,応仁,1467.0,1469.0,2256977.5,2257768.5,3.0
133,4.0,966,16405.0,應仁,1467.0,1469.0,2256977.5,2257768.5,3.0
133,4.0,967,16405.0,文明,1469.0,1487.0,2257768.5,2264404.5,19.0
133,4.0,968,16405.0,長享,1487.0,1489.0,2264404.5,2265173.5,3.0
133,4.0,969,16405.0,延徳,1489.0,1492.0,2265173.5,2266234.5,4.0
133,4.0,970,16405.0,明応,1492.0,1501.0,2266234.5,2269374.5,10.0
133,4.0,970,16405.0,明應,1492.0,1501.0,2266234.5,2269374.5,10.0
133,4.0,971,16406.0,文龜,1501.0,1504.0,2269374.5,2270468.5,4.0
133,4.0,971,16406.0,文亀,1501.0,1504.0,2269374.5,2270468.5,4.0
133,4.0,972,16406.0,永正,1504.0,1521.0,2270468.5,2276868.5,18.0
133,4.0,973,16406.0,大永,1521.0,1528.0,2276868.5,2279346.5,8.0
133,4.0,974,16407.0,享禄,1528.0,1532.0,2279346.5,2280861.5,5.0
133,4.0,975,16407.0,天文,1532.0,1555.0,2280861.5,2289331.5,24.0
133,4.0,976,16407.0,弘治,1555.0,1558.0,2289331.5,2290193.5,4.0
133,4.0,977,16408.0,永禄,1558.0,1570.0,2290193.5,2294646.5,13.0
133,4.0,978,16408.0,元龜,1570.0,1573.0,2294646.5,2295832.5,4.0
133,4.0,978,16408.0,元亀,1570.0,1573.0,2294646.5,2295832.5,4.0
133,4.0,979,16408.0,天正,1573.0,1592.0,2295832.5,2302900.5,20.0
133,4.0,980,16409.0,文禄,1592.0,1596.0,2302900.5,2304336.5,5.0
133,4.0,981,16409.0,慶長,1596.0,1615.0,2304336.5,2311173.5,20.0
133,4.0,982,16410.0,元和,1615.0,1624.0,2311173.5,2314320.5,10.0
133,4.0,983,16410.0,寛永,1624.0,1644.0,2314320.5,2321896.5,21.0
133,4.0,984,16412.0,正保,1644.0,1648.0,2321896.5,2323093.5,5.0
133,4.0,985,16412.0,慶安,1648.0,1652.0,2323093.5,2324733.5,5.0
133,4.0,986,16412.0,承応,1652.0,1655.0,2324733.5,2325673.5,4.0
133,4.0,986,16412.0,承應,1652.0,1655.0,2324733.5,2325673.5,4.0
133,4.0,987,16413.0,明暦,1655.0,1658.0,2325673.5,2326864.5,4.0
133,4.0,987,16413.0,明曆,1655.0,1658.0,2325673.5,2326864.5,4.0
133,4.0,988,16413.0,万治,1658.0,1661.0,2326864.5,2327870.5,4.0
133,4.0,988,16413.0,萬治,1658.0,1661.0,2326864.5,2327870.5,4.0
133,4.0,989,16413.0,寛文,1661.0,1673.0,2327870.5,2332413.5,13.0
133,4.0,990,16414.0,延寶,1673.0,1681.0,2332413.5,2335345.5,9.0
133,4.0,990,16414.0,延宝,1673.0,1681.0,2332413.5,2335345.5,9.0
133,4.0,991,16414.0,天和,1681.0,1684.0,2335345.5,2336223.5,4.0
133,4.0,992,16414.0,貞享,1684.0,1688.0,2336223.5,2337885.5,5.0
133,4.0,993,16414.0,元禄,1688.0,1704.0,2337885.5,2343538.5,17.0
133,4.0,994,16414.0,宝永,1704.0,1711.0,2343538.5,2346150.5,8.0
133,4.0,994,16414.0,寶永,1704.0,1711.0,2343538.5,2346150.5,8.0
133,4.0,995,16416.0,正徳,1711.0,1716.0,2346150.5,2348036.5,6.0
133,4.0,996,16416.0,享保,1716.0,1736.0,2348036.5,2355271.5,21.0
133,4.0,997,16417.0,元文,1736.0,1741.0,2355271.5,2357048.5,6.0
133,4.0,998,16417.0,寛保,1741.0,1744.0,2357048.5,2358141.5,4.0
133,4.0,999,16417.0,延享,1744.0,1748.0,2358141.5,2359720.5,5.0
133,4.0,1000,16418.0,寛延,1748.0,1751.0,2359720.5,2360946.5,4.0
133,4.0,1001,16418.0,宝暦,1751.0,1764.0,2360946.5,2365528.5,14.0
133,4.0,1001,16418.0,寶曆,1751.0,1764.0,2360946.5,2365528.5,14.0
133,4.0,1002,16419.0,明和,1764.0,1772.0,2365528.5,2368613.5,9.0
133,4.0,1003,16420.0,安永,1772.0,1781.0,2368613.5,2371671.5,10.0
133,4.0,1004,16421.0,天明,1781.0,1789.0,2371671.5,2374528.5,9.0
133,4.0,1005,16421.0,寛政,1789.0,1801.0,2374528.5,2378938.5,13.0
133,4.0,1006,16421.0,享和,1801.0,1804.0,2378938.5,2380037.5,4.0
133,4.0,1007,16421.0,文化,1804.0,1818.0,2380037.5,2385215.5,15.0
133,4.0,1008,16422.0,文政,1818.0,1830.0,2385215.5,2389797.5,13.0
133,4.0,1009,16422.0,天保,1830.0,1844.0,2389797.5,2394940.5,15.0
133,4.0,1010,16422.0,弘化,1844.0,1848.0,2394940.5,2396118.5,5.0
133,4.0,1011,16423.0,嘉永,1848.0,1854.0,2396118.5,2398598.5,7.0
133,4.0,1012,16423.0,安政,1854.0,1860.0,2398598.5,2400508.5,7.0
133,4.0,1013,16423.0,万延,1860.0,1861.0,2400508.5,2400825.5,2.0
133,4.0,1013,16423.0,萬延,1860.0,1861.0,2400508.5,2400825.5,2.0
133,4.0,1014,16423.0,文久,1861.0,1864.0,2400825.5,2401957.5,4.0
133,4.0,1015,16423.0,元治,1864.0,1865.0,2401957.5,2402356.5,2.0
133,4.0,1016,16423.0,慶応,1865.0,1868.0,2402356.5,2403628.5,4.0
133,4.0,1016,16423.0,慶應,1865.0,1868.0,2402356.5,2403628.5,4.0
133,4.0,1017,16424.0,明治,1868.0,1912.0,2403628.5,2419613.5,45.0
133,4.0,1018,16425.0,大正,1912.0,1926.0,2419613.5,2424874.5,15.0
133,4.0,1019,16426.0,昭和,1926.0,1989.0,2424874.5,2447533.5,64.0
136,7.0,1020,16510.0,建元,536.0,540.0,,,5.0
136,7.0,1021,16511.0,建元,536.0,551.0,,,16.0
136,7.0,1022,16511.0,開國,551.0,568.0,,,18.0
136,7.0,1023,16511.0,大昌,568.0,572.0,,,5.0
136,7.0,1024,16511.0,鴻濟,572.0,576.0,,,5.0
136,7.0,1025,16512.0,鴻濟,572.0,579.0,,,8.0
136,7.0,1026,16513.0,鴻濟,572.0,584.0,,,13.0
136,7.0,1027,16513.0,建福,584.0,632.0,,,49.0
136,7.0,1028,16514.0,建福,584.0,634.0,,,51.0
136,7.0,1029,16514.0,仁平,634.0,647.0,,,14.0
136,7.0,1030,16515.0,仁平,634.0,647.0,,,14.0
136,7.0,1031,16515.0,太和,647.0,650.0,,,4.0
136,7.0,1032,16515.0,永徽,650.0,654.0,,,5.0
136,7.0,1033,16516.0,永徽,650.0,655.0,,,6.0
136,7.0,1034,16516.0,顯慶,656.0,661.0,,,6.0
136,7.0,1035,16516.0,龍朔,661.0,661.0,,,1.0
136,7.0,1036,16517.0,龍朔,661.0,663.0,,,3.0
136,7.0,1037,16517.0,麟德,664.0,665.0,,,2.0
136,7.0,1038,16517.0,乾封,666.0,668.0,,,3.0
136,7.0,1039,16517.0,總章,668.0,670.0,,,3.0
136,7.0,1040,16517.0,咸亨,670.0,674.0,,,5.0
136,7.0,1041,16517.0,上元,674.0,676.0,,,3.0
136,7.0,1042,16517.0,儀鳳,676.0,679.0,,,4.0
136,7.0,1043,16517.0,調露,679.0,680.0,,,2.0
136,7.0,1044,16517.0,永隆,680.0,681.0,,,2.0
136,7.0,1045,16518.0,永隆,680.0,681.0,,,2.0
136,7.0,1046,16518.0,開耀,681.0,682.0,,,2.0
136,7.0,1047,16518.0,永淳,682.0,683.0,,,2.0
136,7.0,1048,16518.0,弘道,683.0,683.0,,,1.0
136,7.0,1049,16518.0,嗣聖,684.0,684.0,,,1.0
136,7.0,1050,16518.0,文明,684.0,684.0,,,1.0
136,7.0,1051,16518.0,垂拱,685.0,688.0,,,4.0
136,7.0,1052,16518.0,永昌,689.0,689.0,,,1.0
136,7.0,1053,16518.0,載初,689.0,690.0,,,2.0
136,7.0,1054,16518.0,天授,690.0,692.0,,,3.0
136,7.0,1055,16518.0,如意,692.0,692.0,,,1.0
136,7.0,1056,16519.0,如意,692.0,692.0,,,1.0
136,7.0,1057,16519.0,長壽,692.0,694.0,,,3.0
136,7.0,1058,16519.0,延載,694.0,694.0,,,1.0
136,7.0,1059,16519.0,証聖,695.0,696.0,,,2.0
136,7.0,1060,16519.0,萬歲通天,696.0,697.0,,,2.0
136,7.0,1061,16519.0,神功,697.0,697.0,,,1.0
136,7.0,1062,16519.0,聖曆,698.0,700.0,,,3.0
136,7.0,1063,16519.0,久视,700.0,701.0,,,2.0
136,7.0,1064,16519.0,大足,701.0,701.0,,,1.0
136,7.0,1065,16519.0,長安,701.0,702.0,,,2.0
136,7.0,1066,16520.0,長安,701.0,704.0,,,4.0
136,7.0,1067,16520.0,神龍,705.0,707.0,,,3.0
136,7.0,1068,16520.0,景龍,707.0,710.0,,,4.0
136,7.0,1069,16520.0,景雲,710.0,712.0,,,3.0
136,7.0,1070,16520.0,太極,712.0,712.0,,,1.0
136,7.0,1071,16520.0,延和,712.0,712.0,,,1.0
136,7.0,1072,16520.0,先天,712.0,713.0,,,2.0
136,7.0,1073,16520.0,開元,713.0,737.0,,,25.0
136,7.0,1074,16521.0,開元,713.0,741.0,,,29.0
136,7.0,1075,16521.0,天寶,742.0,742.0,,,1.0
136,7.0,1076,16522.0,天寶,742.0,756.0,,,15.0
136,7.0,1077,16522.0,至德,757.0,758.0,,,2.0
136,7.0,1078,16522.0,乾元,758.0,760.0,,,3.0
136,7.0,1079,16522.0,上元,760.0,761.0,,,2.0
136,7.0,1080,16522.0,寶應,762.0,763.0,,,2.0
136,7.0,1081,16522.0,廣德,764.0,764.0,,,1.0
136,7.0,1082,16522.0,永泰,765.0,765.0,,,1.0
136,7.0,1083,16523.0,永泰,765.0,766.0,,,2.0
136,7.0,1084,16523.0,大曆,766.0,779.0,,,14.0
136,7.0,1085,16523.0,建中,780.0,780.0,,,1.0
136,7.0,1086,16524.0,建中,780.0,783.0,,,4.0
136,7.0,1087,16524.0,興元,784.0,784.0,,,1.0
136,7.0,1088,16524.0,貞元,785.0,785.0,,,1.0
136,7.0,1089,16525.0,貞元,785.0,798.0,,,14.0
136,7.0,1090,16526.0,貞元,785.0,800.0,,,16.0
136,7.0,1091,16527.0,貞元,785.0,805.0,,,21.0
136,7.0,1092,16527.0,永貞,805.0,805.0,,,1.0
136,7.0,1093,16527.0,元和,806.0,809.0,,,4.0
136,7.0,1094,16528.0,元和,806.0,820.0,,,15.0
136,7.0,1095,16528.0,長慶,821.0,824.0,,,4.0
136,7.0,1096,16528.0,寶曆,825.0,826.0,,,2.0
136,7.0,1097,16529.0,寶曆,826.0,827.0,,,2.0
136,7.0,1098,16529.0,大和,827.0,835.0,,,9.0
136,7.0,1099,16529.0,開成,836.0,836.0,,,1.0
136,7.0,1100,16530.0,開成,836.0,838.0,,,3.0
136,7.0,1101,16531.0,開成,836.0,839.0,,,4.0
136,7.0,1102,16532.0,開成,836.0,839.0,,,4.0
136,7.0,1103,16533.0,開成,836.0,840.0,,,5.0
136,7.0,1104,16533.0,會昌,841.0,846.0,,,6.0
136,7.0,1105,16533.0,大中,847.0,857.0,,,11.0
136,7.0,1106,16534.0,大中,847.0,860.0,,,14.0
136,7.0,1107,16534.0,咸通,860.0,861.0,,,2.0
136,7.0,1108,16535.0,咸通,860.0,875.0,,,16.0
136,7.0,1109,16535.0,乾符,875.0,875.0,,,1.0
136,7.0,1110,16536.0,乾符,875.0,879.0,,,5.0
136,7.0,1111,16536.0,廣明,880.0,882.0,,,3.0
136,7.0,1112,16536.0,中和,882.0,886.0,,,5.0
136,7.0,1113,16536.0,光啟,886.0,886.0,,,1.0
136,7.0,1114,16537.0,光啟,886.0,887.0,,,2.0
136,7.0,1115,16538.0,光啟,886.0,888.0,,,3.0
136,7.0,1116,16538.0,文德,888.0,888.0,,,1.0
136,7.0,1117,16538.0,龍紀,889.0,889.0,,,1.0
136,7.0,1118,16538.0,大順,890.0,892.0,,,3.0
136,7.0,1119,16538.0,景福,893.0,893.0,,,1.0
136,7.0,1120,16538.0,乾寧,894.0,897.0,,,4.0
136,7.0,1121,16539.0,乾寧,894.0,898.0,,,5.0
136,7.0,1122,16539.0,光化,898.0,901.0,,,4.0
136,7.0,1123,16539.0,天復,901.0,904.0,,,4.0
136,7.0,1124,16539.0,天祐,904.0,907.0,,,4.0
136,7.0,1125,16539.0,開平,907.0,911.0,,,5.0
136,7.0,1126,16539.0,乾化,911.0,912.0,,,2.0
136,7.0,1127,16540.0,乾化,911.0,915.0,,,5.0
136,7.0,1128,16540.0,貞明,915.0,917.0,,,3.0
136,7.0,1129,16541.0,貞明,915.0,921.0,,,7.0
136,7.0,1130,16541.0,龍德,921.0,923.0,,,3.0
136,7.0,1131,16541.0,同光,923.0,924.0,,,2.0
136,7.0,1132,16542.0,同光,923.0,926.0,,,4.0
136,7.0,1133,16542.0,天成,926.0,927.0,,,2.0
136,7.0,1134,16543.0,天成,926.0,930.0,,,5.0
136,7.0,1135,16543.0,長興,930.0,933.0,,,4.0
136,7.0,1136,16543.0,應順,934.0,934.0,,,1.0
136,7.0,1137,16543.0,清泰,934.0,935.0,,,2.0
139,6.0,1138,16562.0,正開,901.0,936.0,,,36.0
139,6.0,1139,16563.0,正開,901.0,936.0,,,36.0
140,5.0,1140,16561.0,武泰,904.0,905.0,,,2.0
140,5.0,1141,16561.0,聖冊,905.0,911.0,,,7.0
140,5.0,1142,16561.0,永德萬歲,911.0,914.0,,,4.0
140,5.0,1143,16561.0,政開,914.0,918.0,,,5.0
141,5.0,1144,16567.0,天授,918.0,933.0,,,16.0
141,5.0,1145,16567.0,長興,933.0,933.0,,,1.0
141,5.0,1146,16567.0,應順,934.0,934.0,,,1.0
141,5.0,1147,16567.0,清泰,934.0,938.0,,,5.0
141,5.0,1148,16567.0,天福,938.0,943.0,,,6.0
141,5.0,1149,16568.0,天福,938.0,944.0,,,7.0
141,5.0,1150,16568.0,開運,944.0,945.0,,,2.0
141,5.0,1151,16569.0,開運,944.0,948.0,,,5.0
141,5.0,1152,16569.0,乾祐,948.0,949.0,,,2.0
141,5.0,1153,16570.0,光德,950.0,951.0,,,2.0
141,5.0,1154,16570.0,廣順,951.0,954.0,,,4.0
141,5.0,1155,16570.0,顯德,954.0,960.0,,,7.0
141,5.0,1156,16570.0,峻豐,960.0,963.0,,,4.0
141,5.0,1157,16570.0,乾德,963.0,968.0,,,6.0
141,5.0,1158,16570.0,開寶,968.0,975.0,,,8.0
141,5.0,1159,16571.0,開寶,968.0,976.0,,,9.0
141,5.0,1160,16571.0,太平興國,976.0,981.0,,,6.0
141,5.0,1161,16573.0,太平興國,976.0,984.0,,,9.0
141,5.0,1162,16573.0,雍熙,984.0,987.0,,,4.0
141,5.0,1163,16573.0,端拱,988.0,989.0,,,2.0
141,5.0,1164,16573.0,淳化,990.0,994.0,,,5.0
141,5.0,1165,16573.0,統和,994.0,997.0,,,4.0
141,5.0,1166,16574.0,統和,994.0,1009.0,,,16.0
141,5.0,1167,16576.0,統和,994.0,1012.0,,,19.0
141,5.0,1168,16576.0,開泰,1012.0,1015.0,,,4.0
141,5.0,1169,16576.0,大中祥符,1016.0,1016.0,,,1.0
141,5.0,1170,16576.0,天禧,1017.0,1022.0,,,6.0
141,5.0,1171,16576.0,乾興,1022.0,1022.0,,,1.0
141,5.0,1172,16576.0,太平,1022.0,1031.0,,,10.0
141,5.0,1173,16577.0,太平,1022.0,1034.0,,,13.0
141,5.0,1174,16578.0,太平,1022.0,1038.0,,,17.0
141,5.0,1175,16578.0,重熙,1038.0,1046.0,,,9.0
141,5.0,1176,16579.0,重熙,1038.0,1055.0,,,18.0
141,5.0,1177,16579.0,清宁,1055.0,1064.0,,,10.0
141,5.0,1178,16579.0,咸雍,1065.0,1074.0,,,10.0
141,5.0,1179,16579.0,大康,1075.0,1082.0,,,8.0
141,5.0,1180,16580.0,大康,1075.0,1083.0,,,9.0
141,5.0,1181,16581.0,大康,1075.0,1084.0,,,10.0
141,5.0,1182,16581.0,大安,1085.0,1094.0,,,10.0
141,5.0,1183,16582.0,壽昌,1095.0,1095.0,,,1.0
141,5.0,1184,16583.0,壽昌,1095.0,1101.0,,,7.0
141,5.0,1185,16583.0,乾統,1101.0,1105.0,,,5.0
141,5.0,1186,16584.0,乾統,1101.0,1110.0,,,10.0
141,5.0,1187,16584.0,天慶,1111.0,1116.0,,,6.0
141,5.0,1188,16585.0,皇統,1141.0,1146.0,,,6.0
141,5.0,1189,16586.0,皇統,1141.0,1149.0,,,9.0
141,5.0,1190,16586.0,天德,1149.0,1153.0,,,5.0
141,5.0,1191,16586.0,貞元,1153.0,1156.0,,,4.0
141,5.0,1192,16586.0,正豐,1156.0,1161.0,,,6.0
141,5.0,1193,16586.0,大定,1161.0,1170.0,,,10.0
141,5.0,1194,16587.0,大定,1161.0,1189.0,,,29.0
141,5.0,1195,16587.0,明昌,1190.0,1196.0,,,7.0
141,5.0,1196,16587.0,承安,1196.0,1197.0,,,2.0
141,5.0,1197,16588.0,承安,1196.0,1200.0,,,5.0
141,5.0,1198,16588.0,泰和,1201.0,1204.0,,,4.0
141,5.0,1199,16589.0,泰和,1201.0,1208.0,,,8.0
141,5.0,1200,16589.0,大安,1209.0,1211.0,,,3.0
141,5.0,1201,16590.0,崇慶,1212.0,1213.0,,,2.0
141,5.0,1202,16590.0,至宁,1213.0,1213.0,,,1.0
141,5.0,1203,16590.0,貞祐,1213.0,1213.0,,,1.0
141,5.0,1204,16591.0,貞祐,1213.0,1224.0,,,12.0
141,5.0,1205,16593.0,中統,1260.0,1264.0,,,5.0
141,5.0,1206,16593.0,至元,1264.0,1274.0,,,11.0
141,5.0,1207,16594.0,至元,1264.0,1294.0,,,31.0
141,5.0,1208,16594.0,元貞,1295.0,1297.0,,,3.0
141,5.0,1209,16594.0,大德,1297.0,1307.0,,,11.0
141,5.0,1210,16594.0,至大,1308.0,1308.0,,,1.0
141,5.0,1211,16595.0,至大,1308.0,1311.0,,,4.0
141,5.0,1212,16595.0,皇慶,1312.0,1313.0,,,2.0
141,5.0,1213,16596.0,延祐,1314.0,1320.0,,,7.0
141,5.0,1214,16596.0,至理,1321.0,1323.0,,,3.0
141,5.0,1215,16596.0,泰定,1324.0,1328.0,,,5.0
141,5.0,1216,16596.0,致和,1328.0,1328.0,,,1.0
141,5.0,1217,16596.0,天順,1328.0,1328.0,,,1.0
141,5.0,1218,16596.0,天曆,1328.0,1330.0,,,3.0
141,5.0,1219,16596.0,至順,1330.0,1330.0,,,1.0
141,5.0,1220,16597.0,至順,1330.0,1332.0,,,3.0
141,5.0,1221,16596.0,至順,1330.0,1333.0,,,4.0
141,5.0,1222,16596.0,元統,1333.0,1335.0,,,3.0
141,5.0,1223,16596.0,至元,1335.0,1339.0,,,5.0
141,5.0,1224,16597.0,至元,1335.0,1340.0,,,6.0
141,5.0,1225,16597.0,至正,1335.0,1344.0,,,10.0
141,5.0,1226,16598.0,至正,1335.0,1348.0,,,14.0
141,5.0,1227,16599.0,至正,1335.0,1351.0,,,17.0
141,5.0,1228,16600.0,至正,1335.0,1369.0,,,35.0
141,5.0,1229,16600.0,洪武,1370.0,1374.0,,,5.0
141,5.0,1230,16601.0,洪武,1370.0,1377.0,,,8.0
141,5.0,1231,16601.0,宣光,1377.0,1378.0,,,2.0
141,5.0,1232,16601.0,洪武,1378.0,1388.0,,,11.0
141,5.0,1233,16602.0,洪武,1378.0,1389.0,,,12.0
141,5.0,1234,16603.0,洪武,1378.0,1392.0,,,15.0
142,5.0,1235,16608.0,洪武,1378.0,1398.0,,,21.0
142,5.0,1236,16609.0,建文,1399.0,1400.0,,,2.0
142,5.0,1237,16610.0,建文,1399.0,1402.0,,,4.0
142,5.0,1238,16610.0,洪武,1402.0,1402.0,,,1.0
142,5.0,1239,16610.0,永樂,1403.0,1418.0,,,16.0
142,5.0,1240,16611.0,永樂,1403.0,1424.0,,,22.0
142,5.0,1241,16611.0,洪熙,1425.0,1425.0,,,1.0
142,5.0,1242,16611.0,宣德,1426.0,1435.0,,,10.0
142,5.0,1243,16611.0,正統,1436.0,1449.0,,,14.0
142,5.0,1244,16611.0,景泰,1450.0,1450.0,,,1.0
142,5.0,1245,16612.0,景泰,1450.0,1452.0,,,3.0
142,5.0,1246,16613.0,景泰,1450.0,1455.0,,,6.0
142,5.0,1247,16614.0,景泰,1450.0,1457.0,,,8.0
142,5.0,1248,16614.0,天順,1457.0,1464.0,,,8.0
142,5.0,1249,16614.0,成化,1465.0,1468.0,,,4.0
142,5.0,1250,16615.0,成化,1465.0,1469.0,,,5.0
142,5.0,1251,16616.0,成化,1465.0,1487.0,,,23.0
142,5.0,1252,16616.0,弘治,1488.0,1494.0,,,7.0
142,5.0,1253,16618.0,弘治,1488.0,1505.0,,,18.0
142,5.0,1254,16618.0,正德,1506.0,1506.0,,,1.0
142,5.0,1255,16619.0,正德,1506.0,1521.0,,,16.0
142,5.0,1256,16619.0,嘉靖,1522.0,1544.0,,,23.0
142,5.0,1257,16620.0,嘉靖,1522.0,1545.0,,,24.0
142,5.0,1258,16621.0,嘉靖,1522.0,1566.0,,,45.0
142,5.0,1259,16621.0,隆慶,1567.0,1567.0,,,1.0
142,5.0,1260,16622.0,隆慶,1567.0,1572.0,,,6.0
142,5.0,1261,16622.0,萬曆,1573.0,1608.0,,,36.0
142,5.0,1262,16623.0,萬曆,1573.0,1620.0,,,48.0
142,5.0,1263,16623.0,泰昌,1620.0,1620.0,,,1.0
142,5.0,1264,16623.0,天啟,1621.0,1623.0,,,3.0
142,5.0,1265,16625.0,天啟,1621.0,1627.0,,,7.0
142,5.0,1266,16625.0,崇禎,1628.0,1637.0,,,10.0
142,5.0,1267,16625.0,崇德,1637.0,1643.0,,,7.0
142,5.0,1268,16625.0,順治,1644.0,1649.0,,,6.0
142,5.0,1269,16626.0,順治,1644.0,1659.0,,,16.0
142,5.0,1270,16627.0,順治,1644.0,1661.0,,,18.0
142,5.0,1271,16627.0,康熙,1662.0,1674.0,,,13.0
142,5.0,1272,16628.0,康熙,1662.0,1720.0,,,59.0
142,5.0,1273,16629.0,康熙,1662.0,1722.0,,,61.0
142,5.0,1274,16629.0,雍正,1723.0,1724.0,,,2.0
142,5.0,1275,16630.0,雍正,1723.0,1735.0,,,13.0
142,5.0,1276,16630.0,乾隆,1736.0,1776.0,,,41.0
142,5.0,1277,16633.0,乾隆,1736.0,1795.0,,,60.0
142,5.0,1278,16633.0,嘉慶,1796.0,1800.0,,,5.0
142,5.0,1279,16634.0,嘉慶,1796.0,1820.0,,,25.0
142,5.0,1280,16634.0,道光,1821.0,1834.0,,,14.0
142,5.0,1281,16636.0,道光,1821.0,1849.0,,,29.0
142,5.0,1282,16637.0,道光,1821.0,1850.0,,,30.0
142,5.0,1283,16637.0,咸丰,1851.0,1861.0,,,11.0
142,5.0,1284,16637.0,同治,1862.0,1863.0,,,2.0
142,5.0,1285,16638.0,同治,1862.0,1874.0,,,13.0
142,5.0,1286,16638.0,光緒,1875.0,1894.0,,,20.0
142,5.0,1287,16638.0,開國,1392.0,1895.0,,,504.0
142,5.0,1288,16638.0,建陽,1896.0,1897.0,,,2.0
142,5.0,1289,16638.0,光武,1897.0,1907.0,,,11.0
142,5.0,1290,16639.0,隆熙,1907.0,1910.0,,,4.0
112,3.0,1291,15267.0,同光,923.0,926.0,2058315.5,2059440.5,4.0
112,3.0,1292,15268.0,天成,926.0,926.0,2059440.5,2059657.5,1.0
101,3.0,1293,15258.0,武義,919.0,921.0,2056844.5,2057524.5,3.0
101,3.0,1294,15259.0,順義,921.0,927.0,2057524.5,2059976.5,7.0
101,3.0,1295,15259.0,乾貞,927.0,929.0,2059976.5,2060738.5,3.0
101,3.0,1296,15259.0,乾正,927.0,929.0,2059976.5,2060738.5,3.0
104,3.0,1297,15266.0,廣順,951.0,953.0,2068453.5,2069542.5,3.0
104,3.0,1298,15266.0,顯德,954.0,960.0,2069542.5,2071731.5,7.0
104,3.0,1299,15266.0,建隆,960.0,963.0,2071731.5,2073130.5,4.0
104,3.0,1300,15266.0,乾德,963.0,968.0,2073130.5,2074969.5,6.0
104,3.0,1301,15266.0,開寶,968.0,976.0,2074969.5,2077920.5,9.0
104,3.0,1302,15266.0,太平興國,976.0,978.0,2077920.5,2078431.5,3.0
1,,1303,,,,,,,
1,,1304,,,,,,,
1,,1305,,,,,,,
1,,1306,,,,,,,
97,3.0,1307,4131.0,天祐,904.0,907.0,2051513.5,2052470.5,4.0
1,,1308,,,,,,,
