ppt,trial,arm_left,arm_right,reward_left,reward_right,response,feedback
1,1,2,4,1,1,0,1
1,2,2,4,1,1,1,1
1,3,2,1,0,0,0,0
1,4,2,1,0,0,1,0
1,5,1,4,0,0,0,0
1,6,4,3,1,1,0,1
1,7,3,1,1,0,0,1
1,8,3,2,0,0,1,0
1,9,1,4,0,0,0,0
1,10,2,3,0,0,0,0
1,11,2,3,0,1,1,1
1,12,2,4,1,1,1,1
1,13,2,1,0,0,1,0
1,14,1,4,1,0,1,0
1,15,1,3,0,1,1,1
1,16,2,4,0,0,1,0
1,17,3,1,0,0,0,0
1,18,1,2,0,0,0,0
1,19,1,3,0,1,1,1
1,20,1,3,0,1,1,1
1,21,3,2,1,1,0,1
1,22,1,3,0,0,1,0
1,23,1,3,0,0,1,0
1,24,3,4,0,1,1,1
1,25,1,4,0,1,1,1
1,26,1,3,0,0,0,0
1,27,3,2,0,0,0,0
1,28,3,4,1,1,1,1
1,29,2,1,1,0,1,0
1,30,3,1,0,0,1,0
1,31,1,2,0,0,1,0
1,32,4,1,0,0,0,0
1,33,1,2,1,0,0,1
1,34,3,1,0,0,0,0
1,35,3,1,0,0,1,0
1,36,4,2,1,1,0,1
1,37,3,4,1,1,0,1
1,38,4,2,1,0,0,1
1,39,3,1,1,1,0,1
1,40,4,1,1,0,1,0
1,41,3,4,1,1,1,1
1,42,2,3,0,0,1,0
1,43,3,2,1,1,0,1
1,44,2,3,0,1,1,1
1,45,4,2,1,0,0,1
1,46,1,3,0,1,1,1
1,47,4,1,1,0,1,0
1,48,4,2,1,1,0,1
1,49,4,2,1,0,0,1
1,50,4,3,1,1,0,1
1,51,4,3,1,0,0,1
1,52,4,1,1,0,0,1
1,53,3,1,1,0,1,0
1,54,2,1,0,0,0,0
1,55,1,4,1,1,1,1
1,56,1,2,1,0,1,0
1,57,4,2,0,1,0,0
1,58,2,4,0,1,1,1
1,59,3,4,1,1,1,1
1,60,2,1,0,0,0,0
1,61,3,2,1,0,0,1
1,62,1,3,0,0,1,0
1,63,4,2,1,0,0,1
1,64,3,2,1,1,0,1
1,65,2,3,0,1,1,1
1,66,2,1,0,0,1,0
1,67,4,3,1,1,0,1
1,68,4,1,1,0,0,1
1,69,4,3,1,1,0,1
1,70,1,2,0,1,1,1
1,71,3,4,0,1,1,1
1,72,3,2,1,0,1,0
1,73,1,4,0,1,1,1
1,74,2,1,1,0,1,0
1,75,2,3,1,0,1,0
1,76,2,3,0,1,1,1
1,77,4,3,1,1,0,1
1,78,3,2,1,1,0,1
1,79,3,4,0,1,1,1
1,80,1,2,1,1,0,1
1,81,3,1,1,1,0,1
1,82,2,3,1,0,1,0
1,83,2,4,0,1,1,1
1,84,4,3,1,1,0,1
1,85,4,2,0,1,0,0
1,86,4,1,0,0,0,0
1,87,1,2,1,1,0,1
1,88,4,1,1,0,0,1
1,89,4,3,1,0,0,1
1,90,4,1,1,0,0,1
1,91,1,4,1,1,1,1
1,92,1,2,0,1,1,1
1,93,2,4,1,1,1,1
1,94,1,4,1,0,1,0
1,95,3,4,0,1,1,1
1,96,2,4,0,0,0,0
2,1,2,4,0,1,1,1
2,2,2,4,0,1,0,0
2,3,3,2,1,1,0,1
2,4,3,2,1,1,1,1
2,5,3,1,0,0,1,0
2,6,3,1,0,0,0,0
2,7,3,1,1,0,0,1
2,8,3,4,0,0,0,0
2,9,4,3,1,0,0,1
2,10,1,4,0,1,1,1
2,11,3,1,1,0,1,0
2,12,2,4,0,1,1,1
2,13,4,3,1,0,0,1
2,14,1,4,1,1,1,1
2,15,1,2,0,1,0,0
2,16,4,3,0,1,0,0
2,17,4,2,1,0,1,0
2,18,1,2,0,1,0,0
2,19,3,1,1,1,0,1
2,20,4,3,1,0,1,0
2,21,2,3,0,1,1,1
2,22,4,3,1,0,1,0
2,23,3,4,1,1,1,1
2,24,3,4,1,0,1,0
2,25,1,3,1,1,1,1
2,26,1,4,1,1,1,1
2,27,4,1,1,0,0,1
2,28,3,4,1,1,1,1
2,29,4,2,1,1,0,1
2,30,3,1,1,1,0,1
2,31,2,1,0,0,1,0
2,32,3,1,1,0,0,1
2,33,3,2,1,0,0,1
2,34,3,4,0,0,1,0
2,35,1,2,0,1,1,1
2,36,1,4,0,1,1,1
2,37,1,3,0,0,1,0
2,38,2,3,0,1,1,1
2,39,2,1,1,0,1,0
2,40,4,2,1,1,0,1
2,41,2,3,1,1,1,1
2,42,4,2,1,0,0,1
2,43,2,1,0,0,1,0
2,44,2,4,0,1,1,1
2,45,3,4,1,0,1,0
2,46,1,3,1,1,1,1
2,47,4,1,1,1,0,1
2,48,3,2,0,1,0,0
2,49,1,4,0,1,1,1
2,50,3,4,0,0,1,0
2,51,2,4,1,0,1,0
2,52,1,3,0,0,1,0
2,53,1,2,0,1,0,0
2,54,2,1,0,0,0,0
2,55,4,2,1,1,0,1
2,56,4,1,1,0,0,1
2,57,2,1,0,0,0,0
2,58,4,2,1,1,0,1
2,59,4,3,1,0,0,1
2,60,2,4,0,1,1,1
2,61,2,4,0,1,1,1
2,62,1,4,0,1,1,1
2,63,2,3,0,1,1,1
2,64,3,2,0,1,0,0
2,65,2,1,1,0,1,0
2,66,1,2,0,0,1,0
2,67,4,2,1,0,0,1
2,68,2,4,1,0,1,0
2,69,2,3,0,1,0,0
2,70,3,2,0,1,0,0
2,71,1,3,0,1,1,1
2,72,2,3,0,1,1,1
2,73,4,1,1,0,1,0
2,74,2,1,0,0,1,0
2,75,1,4,0,1,1,1
2,76,4,1,1,1,0,1
2,77,4,3,0,1,0,0
2,78,2,3,1,1,0,1
2,79,2,1,0,0,0,0
2,80,4,2,1,0,0,1
2,81,4,3,1,0,0,1
2,82,3,2,0,1,1,1
2,83,2,3,0,1,0,0
2,84,1,2,0,0,1,0
2,85,3,1,1,0,0,1
2,86,1,4,0,1,1,1
2,87,3,4,0,0,1,0
2,88,4,1,1,1,0,1
2,89,4,1,1,0,0,1
2,90,1,3,0,0,1,0
2,91,1,3,0,0,0,0
2,92,1,3,0,1,1,1
2,93,4,1,1,1,0,1
2,94,1,2,0,0,1,0
2,95,1,2,0,0,0,0
2,96,3,2,1,0,0,1
3,1,4,2,1,0,0,1
3,2,4,2,1,0,1,0
3,3,3,1,1,0,1,0
3,4,3,1,1,0,1,0
3,5,3,4,1,0,1,0
3,6,3,4,1,0,0,1
3,7,1,3,0,0,0,0
3,8,1,2,1,0,1,0
3,9,2,4,0,1,0,0
3,10,2,4,1,1,1,1
3,11,4,1,1,0,0,1
3,12,2,1,0,0,0,0
3,13,1,3,1,1,1,1
3,14,2,3,1,1,0,1
3,15,2,1,0,0,0,0
3,16,2,1,0,1,1,1
3,17,1,4,0,1,1,1
3,18,3,4,0,1,0,0
3,19,3,1,0,0,1,0
3,20,2,4,1,1,0,1
3,21,4,1,1,1,0,1
3,22,2,3,1,1,1,1
3,23,3,4,0,1,0,0
3,24,1,4,0,0,1,0
3,25,4,2,1,0,0,1
3,26,3,4,0,1,0,0
3,27,3,2,1,0,1,0
3,28,2,1,0,0,1,0
3,29,4,2,1,0,1,0
3,30,3,4,1,0,1,0
3,31,4,3,1,0,0,1
3,32,2,4,1,1,0,1
3,33,1,2,0,1,0,0
3,34,2,3,0,1,1,1
3,35,4,3,1,1,0,1
3,36,1,3,1,0,0,1
3,37,2,1,0,0,1,0
3,38,1,2,0,0,0,0
3,39,3,1,0,0,1,0
3,40,4,3,0,1,1,1
3,41,3,2,0,1,1,1
3,42,2,1,0,0,0,0
3,43,4,1,1,0,1,0
3,44,1,3,1,0,1,0
3,45,3,2,0,1,1,1
3,46,4,3,1,0,0,1
3,47,4,2,1,1,0,1
3,48,1,3,0,0,1,0
3,49,3,1,1,0,1,0
3,50,4,1,1,0,0,1
3,51,1,3,0,1,0,0
3,52,1,2,0,0,1,0
3,53,4,3,1,0,0,1
3,54,2,3,1,1,0,1
3,55,2,1,0,1,0,0
3,56,2,4,1,1,0,1
3,57,1,4,0,1,1,1
3,58,4,2,1,1,1,1
3,59,3,1,0,0,0,0
3,60,3,1,1,0,0,1
3,61,1,3,1,1,1,1
3,62,4,1,0,0,0,0
3,63,2,4,0,1,0,0
3,64,4,1,0,0,0,0
3,65,3,4,1,0,0,1
3,66,4,2,1,0,1,0
3,67,3,2,1,0,0,1
3,68,2,3,0,1,1,1
3,69,4,1,1,1,1,1
3,70,2,3,1,1,0,1
3,71,1,4,0,1,1,1
3,72,4,1,1,0,0,1
3,73,3,4,0,1,1,1
3,74,3,2,1,0,1,0
3,75,4,2,1,0,0,1
3,76,4,3,1,0,1,0
3,77,2,1,0,0,0,0
3,78,3,2,0,1,0,0
3,79,3,1,0,0,1,0
3,80,1,4,0,1,1,1
3,81,3,2,1,0,0,1
3,82,1,2,1,0,0,1
3,83,1,3,0,1,0,0
3,84,1,4,0,1,1,1
3,85,1,2,0,0,1,0
3,86,3,2,0,1,1,1
3,87,1,4,0,0,0,0
3,88,2,3,1,1,1,1
3,89,1,2,0,1,1,1
3,90,4,3,0,1,0,0
3,91,2,4,1,1,0,1
3,92,4,3,1,1,0,1
3,93,1,4,0,1,1,1
3,94,2,4,1,1,1,1
3,95,2,3,1,1,1,1
3,96,1,2,0,0,1,0
4,1,1,4,0,1,0,0
4,2,1,4,1,0,1,0
4,3,1,4,0,1,0,0
4,4,1,2,0,0,0,0
4,5,1,2,0,1,1,1
4,6,1,4,1,0,0,1
4,7,2,3,1,0,1,0
4,8,2,3,1,0,0,1
4,9,3,2,1,1,1,1
4,10,3,1,0,0,0,0
4,11,1,2,0,0,1,0
4,12,4,3,1,0,0,1
4,13,1,4,0,1,0,0
4,14,3,1,0,0,0,0
4,15,4,2,0,0,1,0
4,16,3,4,1,0,1,0
4,17,1,2,0,1,0,0
4,18,3,1,0,0,0,0
4,19,1,3,1,1,0,1
4,20,4,1,1,0,0,1
4,21,2,4,0,1,1,1
4,22,3,4,1,1,1,1
4,23,1,4,0,1,1,1
4,24,2,3,1,0,0,1
4,25,3,2,0,1,1,1
4,26,2,1,0,0,0,0
4,27,2,3,0,1,0,0
4,28,3,2,1,1,0,1
4,29,2,1,0,0,1,0
4,30,2,4,0,1,1,1
4,31,4,3,1,0,1,0
4,32,1,4,0,1,1,1
4,33,1,2,0,0,0,0
4,34,4,3,1,1,0,1
4,35,3,1,1,1,1,1
4,36,3,4,1,1,1,1
4,37,4,2,1,1,0,1
4,38,3,1,1,0,1,0
4,39,2,1,0,0,1,0
4,40,2,4,0,1,0,0
4,41,2,3,1,0,1,0
4,42,4,2,0,1,0,0
4,43,2,4,1,1,1,1
4,44,3,4,1,0,1,0
4,45,3,4,0,1,0,0
4,46,3,2,0,1,1,1
4,47,2,4,1,1,0,1
4,48,4,3,1,1,0,1
4,49,3,2,1,0,0,1
4,50,4,3,1,1,1,1
4,51,2,4,1,1,0,1
4,52,1,3,0,1,1,1
4,53,4,1,0,1,0,0
4,54,1,4,0,1,0,0
4,55,3,1,0,0,1,0
4,56,1,3,0,1,1,1
4,57,1,3,0,1,0,0
4,58,4,1,1,0,0,1
4,59,4,1,1,0,1,0
4,60,2,3,1,0,0,1
4,61,4,2,1,0,0,1
4,62,4,2,1,0,1,0
4,63,2,4,1,1,0,1
4,64,4,2,1,1,0,1
4,65,2,1,0,0,0,0
4,66,4,1,1,0,0,1
4,67,4,1,1,0,0,1
4,68,3,2,0,0,1,0
4,69,2,1,0,0,0,0
4,70,1,2,0,0,0,0
4,71,1,3,0,1,1,1
4,72,4,3,1,0,1,0
4,73,1,2,0,0,1,0
4,74,3,4,1,1,1,1
4,75,3,1,1,1,0,1
4,76,3,2,1,0,0,1
4,77,1,2,0,0,0,0
4,78,3,4,0,1,1,1
4,79,3,4,1,1,1,1
4,80,4,3,1,0,1,0
4,81,2,3,1,0,1,0
4,82,2,1,0,0,1,0
4,83,2,4,0,1,1,1
4,84,2,1,0,0,0,0
4,85,2,1,0,0,1,0
4,86,2,3,0,1,1,1
4,87,1,3,1,1,1,1
4,88,3,2,0,0,0,0
4,89,3,1,1,0,1,0
4,90,1,3,1,1,1,1
4,91,4,1,0,1,0,0
4,92,1,3,1,1,0,1
4,93,4,1,1,0,1,0
4,94,4,3,1,1,0,1
4,95,4,2,0,0,0,0
4,96,4,2,0,1,0,0
5,1,4,1,1,0,0,1
5,2,4,1,1,0,1,0
5,3,1,3,0,0,1,0
5,4,1,3,0,0,0,0
5,5,4,1,1,0,0,1
5,6,4,1,1,0,0,1
5,7,4,1,0,0,0,0
5,8,2,1,0,0,0,0
5,9,3,4,0,1,1,1
5,10,4,1,1,0,0,1
5,11,2,4,1,1,0,1
5,12,2,4,0,0,1,0
5,13,3,4,0,1,1,1
5,14,1,2,0,1,1,1
5,15,3,4,1,1,1,1
5,16,2,4,0,1,1,1
5,17,2,3,1,0,0,1
5,18,4,2,1,0,0,1
5,19,2,1,0,0,0,0
5,20,3,1,1,0,1,0
5,21,1,2,0,1,1,1
5,22,2,3,1,1,0,1
5,23,3,2,1,0,1,0
5,24,2,3,0,1,0,0
5,25,1,4,1,1,1,1
5,26,4,2,1,1,0,1
5,27,3,2,1,1,1,1
5,28,1,4,0,1,1,1
5,29,4,3,1,0,0,1
5,30,1,4,0,0,1,0
5,31,4,1,1,0,0,1
5,32,2,3,1,1,0,1
5,33,3,4,1,1,1,1
5,34,4,3,0,0,0,0
5,35,3,4,0,1,1,1
5,36,3,2,1,0,1,0
5,37,3,2,1,1,1,1
5,38,1,2,1,0,1,0
5,39,4,2,1,0,0,1
5,40,1,3,0,0,1,0
5,41,3,4,1,1,1,1
5,42,4,3,1,1,0,1
5,43,3,2,1,1,1,1
5,44,4,2,1,0,0,1
5,45,4,2,1,0,0,1
5,46,3,1,0,0,1,0
5,47,1,2,0,1,1,1
5,48,4,2,1,0,0,1
5,49,2,4,0,1,1,1
5,50,4,1,0,0,0,0
5,51,2,1,0,1,0,0
5,52,3,4,1,1,1,1
5,53,2,4,0,0,1,0
5,54,1,2,0,1,1,1
5,55,3,2,0,1,1,1
5,56,1,2,0,0,1,0
5,57,3,1,1,0,1,0
5,58,2,4,0,1,1,1
5,59,4,3,1,0,0,1
5,60,3,1,0,0,1,0
5,61,4,3,0,0,0,0
5,62,1,3,0,0,0,0
5,63,3,1,1,0,1,0
5,64,2,4,0,1,1,1
5,65,4,2,1,1,0,1
5,66,1,3,1,1,0,1
5,67,2,3,0,1,0,0
5,68,1,4,0,0,1,0
5,69,2,4,1,1,1,1
5,70,1,2,0,0,1,0
5,71,1,3,1,0,0,1
5,72,2,1,1,0,0,1
5,73,1,4,0,1,1,1
5,74,2,3,0,1,0,0
5,75,1,3,1,1,0,1
5,76,1,4,0,0,1,0
5,77,3,4,0,1,1,1
5,78,2,1,0,0,0,0
5,79,3,1,1,0,1,0
5,80,2,1,1,0,0,1
5,81,1,4,0,0,1,0
5,82,2,1,0,1,0,0
5,83,2,3,0,1,0,0
5,84,2,1,0,0,0,0
5,85,2,3,1,0,0,1
5,86,4,2,1,0,0,1
5,87,1,3,1,0,0,1
5,88,4,3,1,1,0,1
5,89,1,4,1,1,1,1
5,90,1,2,1,0,1,0
5,91,3,1,1,0,1,0
5,92,4,3,1,1,0,1
5,93,4,3,1,1,0,1
5,94,3,2,1,1,1,1
5,95,3,1,1,0,1,0
5,96,3,2,0,1,1,1
6,1,1,2,0,0,1,0
6,2,3,1,1,0,1,0
6,3,1,2,0,0,0,0
6,4,3,1,1,0,0,1
6,5,3,2,0,0,0,0
6,6,3,2,0,0,0,0
6,7,1,4,0,1,1,1
6,8,1,3,0,0,1,0
6,9,3,2,0,0,1,0
6,10,3,2,1,1,1,1
6,11,1,2,0,1,1,1
6,12,2,3,0,0,1,0
6,13,2,1,0,0,1,0
6,14,2,1,0,0,1,0
6,15,4,2,1,1,1,1
6,16,2,4,1,1,0,1
6,17,2,3,1,1,1,1
6,18,3,2,0,0,0,0
6,19,4,1,1,0,0,1
6,20,3,4,1,1,0,1
6,21,2,1,0,0,0,0
6,22,3,1,0,1,0,0
6,23,4,2,0,1,0,0
6,24,4,1,1,1,1,1
6,25,4,1,1,1,0,1
6,26,4,2,0,1,1,1
6,27,2,1,1,0,1,0
6,28,1,2,0,1,1,1
6,29,3,4,1,1,0,1
6,30,4,2,0,1,1,1
6,31,1,4,1,0,0,1
6,32,2,1,0,0,1,0
6,33,2,4,0,1,1,1
6,34,3,4,1,0,1,0
6,35,1,3,0,1,1,1
6,36,4,2,1,0,1,0
6,37,4,1,1,1,0,1
6,38,3,1,0,1,1,1
6,39,3,4,1,1,1,1
6,40,3,1,0,1,0,0
6,41,3,4,1,1,1,1
6,42,1,4,0,1,1,1
6,43,4,2,1,1,0,1
6,44,2,4,1,1,0,1
6,45,1,2,0,0,1,0
6,46,2,3,1,1,1,1
6,47,4,3,1,1,1,1
6,48,1,2,0,1,1,1
6,49,1,3,0,1,0,0
6,50,3,2,0,0,1,0
6,51,2,4,0,1,0,0
6,52,2,3,0,1,1,1
6,53,2,3,0,1,1,1
6,54,1,4,1,0,1,0
6,55,4,3,0,1,1,1
6,56,3,4,1,1,0,1
6,57,1,3,0,0,1,0
6,58,1,3,0,1,1,1
6,59,1,2,0,1,0,0
6,60,3,1,0,0,0,0
6,61,2,1,0,0,1,0
6,62,1,3,0,0,0,0
6,63,4,2,0,1,1,1
6,64,2,4,1,1,1,1
6,65,1,4,0,1,1,1
6,66,4,1,1,0,1,0
6,67,3,2,0,0,1,0
6,68,1,4,0,1,0,0
6,69,2,4,1,1,1,1
6,70,4,3,1,0,0,1
6,71,4,3,0,1,0,0
6,72,3,1,0,1,0,0
6,73,4,1,1,1,0,1
6,74,3,4,1,1,1,1
6,75,4,3,1,1,0,1
6,76,1,3,0,1,1,1
6,77,2,3,0,0,0,0
6,78,3,2,1,1,1,1
6,79,1,4,0,1,1,1
6,80,1,2,0,0,0,0
6,81,2,3,0,1,1,1
6,82,2,1,0,0,0,0
6,83,4,1,1,0,0,1
6,84,2,4,0,1,1,1
6,85,3,1,0,0,0,0
6,86,2,3,0,1,1,1
6,87,1,4,0,1,1,1
6,88,2,4,0,1,1,1
6,89,4,2,1,0,0,1
6,90,4,3,1,1,1,1
6,91,4,3,1,1,1,1
6,92,4,3,1,0,0,1
6,93,3,4,1,0,0,1
6,94,4,1,1,0,0,1
6,95,2,1,1,0,1,0
6,96,1,3,0,0,1,0
7,1,2,3,0,1,0,0
7,2,2,1,1,0,1,0
7,3,1,4,0,1,1,1
7,4,2,3,0,1,0,0
7,5,2,1,1,0,1,0
7,6,1,4,0,1,0,0
7,7,2,1,0,0,1,0
7,8,1,3,0,1,1,1
7,9,3,1,1,0,1,0
7,10,2,1,0,1,0,0
7,11,1,4,1,1,1,1
7,12,2,1,0,0,1,0
7,13,4,3,1,0,1,0
7,14,2,4,0,1,1,1
7,15,2,4,0,1,1,1
7,16,1,2,0,1,1,1
7,17,3,2,1,1,0,1
7,18,4,2,0,1,1,1
7,19,1,3,0,1,1,1
7,20,4,2,1,1,0,1
7,21,4,3,1,0,0,1
7,22,3,4,1,1,0,1
7,23,3,2,0,1,0,0
7,24,3,1,0,1,0,0
7,25,2,3,0,0,1,0
7,26,3,2,1,0,1,0
7,27,1,3,0,1,1,1
7,28,2,3,1,1,1,1
7,29,2,1,1,0,0,1
7,30,3,1,0,0,0,0
7,31,1,2,0,0,1,0
7,32,3,2,1,0,0,1
7,33,4,1,1,0,0,1
7,34,4,3,1,0,0,1
7,35,1,3,0,1,1,1
7,36,1,3,0,1,1,1
7,37,3,1,0,1,0,0
7,38,4,2,0,1,0,0
7,39,2,3,1,1,1,1
7,40,4,2,1,0,0,1
7,41,3,1,0,0,0,0
7,42,4,3,1,0,0,1
7,43,1,4,0,0,1,0
7,44,1,2,0,0,1,0
7,45,3,4,0,1,0,0
7,46,1,2,0,1,0,0
7,47,4,1,1,1,0,1
7,48,1,3,0,1,1,1
7,49,4,1,1,0,0,1
7,50,1,3,0,1,1,1
7,51,3,2,1,1,0,1
7,52,2,1,1,0,1,0
7,53,4,1,0,1,0,0
7,54,3,4,0,1,1,1
7,55,3,4,0,1,0,0
7,56,4,1,1,1,0,1
7,57,1,4,0,1,1,1
7,58,3,4,0,1,0,0
7,59,4,2,1,1,0,1
7,60,2,3,1,1,1,1
7,61,1,2,0,0,0,0
7,62,3,4,1,1,1,1
7,63,2,3,0,0,1,0
7,64,2,4,1,1,0,1
7,65,2,4,0,0,0,0
7,66,4,2,0,0,1,0
7,67,4,3,1,0,0,1
7,68,2,3,1,1,1,1
7,69,4,2,1,0,0,1
7,70,1,4,1,1,1,1
7,71,3,2,0,1,0,0
7,72,4,1,1,0,0,1
7,73,3,4,1,1,1,1
7,74,2,4,0,1,1,1
7,75,2,1,0,1,1,1
7,76,3,1,1,0,0,1
7,77,4,1,0,1,0,0
7,78,1,2,0,0,0,0
7,79,2,4,1,1,1,1
7,80,1,4,0,1,1,1
7,81,2,4,0,0,1,0
7,82,3,1,1,0,1,0
7,83,1,4,0,0,1,0
7,84,2,4,0,1,1,1
7,85,4,2,0,0,0,0
7,86,3,2,1,0,0,1
7,87,4,3,1,0,0,1
7,88,3,4,1,1,0,1
7,89,1,2,0,0,0,0
7,90,1,2,0,0,0,0
7,91,1,3,0,1,1,1
7,92,4,3,1,0,0,1
7,93,4,3,1,0,1,0
7,94,4,1,1,0,0,1
7,95,3,2,1,0,0,1
7,96,3,1,1,0,0,1
8,1,4,2,1,1,0,1
8,2,3,4,1,1,1,1
8,3,4,2,1,1,0,1
8,4,3,4,1,0,1,0
8,5,4,2,0,1,0,0
8,6,2,1,0,0,0,0
8,7,3,4,1,1,1,1
8,8,1,2,0,0,1,0
8,9,2,1,1,0,1,0
8,10,3,4,1,0,1,0
8,11,4,3,1,0,0,1
8,12,2,4,0,1,1,1
8,13,4,2,1,1,0,1
8,14,2,4,0,1,0,0
8,15,2,1,1,0,0,1
8,16,4,1,1,0,0,1
8,17,1,2,0,0,1,0
8,18,1,4,0,1,1,1
8,19,4,3,1,0,0,1
8,20,2,3,0,1,0,0
8,21,4,1,1,0,0,1
8,22,2,3,0,0,0,0
8,23,2,1,0,0,0,0
8,24,1,4,0,1,1,1
8,25,3,2,0,1,1,1
8,26,2,3,0,0,1,0
8,27,3,1,0,0,1,0
8,28,1,2,1,1,0,1
8,29,4,1,1,1,0,1
8,30,2,1,0,0,1,0
8,31,1,2,0,1,0,0
8,32,4,1,0,1,0,0
8,33,3,4,0,1,1,1
8,34,3,2,1,0,1,0
8,35,2,4,1,1,1,1
8,36,2,3,1,1,1,1
8,37,3,2,1,0,0,1
8,38,4,1,1,0,1,0
8,39,3,4,1,1,1,1
8,40,1,3,0,1,1,1
8,41,4,2,1,0,0,1
8,42,4,1,1,0,0,1
8,43,4,3,0,1,1,1
8,44,3,4,1,1,0,1
8,45,1,3,0,1,1,1
8,46,3,1,1,1,0,1
8,47,3,1,1,0,0,1
8,48,1,2,0,1,1,1
8,49,2,4,0,1,0,0
8,50,2,3,1,1,1,1
8,51,2,3,0,0,1,0
8,52,2,1,0,0,1,0
8,53,1,3,0,0,1,0
8,54,1,4,0,1,1,1
8,55,2,1,0,0,0,0
8,56,1,3,1,0,1,0
8,57,4,2,1,1,0,1
8,58,3,4,0,1,1,1
8,59,2,4,0,1,1,1
8,60,2,4,0,1,1,1
8,61,1,4,0,1,0,0
8,62,1,4,0,1,1,1
8,63,4,2,1,0,0,1
8,64,4,1,1,1,0,1
8,65,1,3,0,1,0,0
8,66,4,3,0,1,0,0
8,67,3,2,0,0,1,0
8,68,2,1,0,0,0,0
8,69,3,2,0,1,1,1
8,70,3,2,0,0,0,0
8,71,2,4,1,1,1,1
8,72,2,4,0,1,1,1
8,73,4,1,0,1,0,0
8,74,1,2,0,0,1,0
8,75,1,4,0,1,1,1
8,76,2,3,0,1,0,0
8,77,3,2,0,1,0,0
8,78,3,2,0,1,0,0
8,79,4,3,0,1,0,0
8,80,1,4,0,1,0,0
8,81,4,3,1,1,0,1
8,82,1,2,1,1,0,1
8,83,4,3,1,1,0,1
8,84,4,2,0,1,0,0
8,85,3,1,1,1,1,1
8,86,2,3,0,0,1,0
8,87,3,1,1,0,1,0
8,88,1,3,0,0,1,0
8,89,3,1,0,0,0,0
8,90,1,4,0,1,1,1
8,91,1,3,0,1,0,0
8,92,4,3,0,1,0,0
8,93,3,1,1,0,1,0
8,94,1,3,1,0,1,0
8,95,3,1,1,0,0,1
8,96,1,2,0,0,1,0
9,1,2,3,1,0,0,1
9,2,2,3,1,0,1,0
9,3,2,1,0,1,0,0
9,4,2,1,0,1,0,0
9,5,4,3,0,0,0,0
9,6,4,3,0,0,0,0
9,7,3,4,1,1,0,1
9,8,3,4,0,1,0,0
9,9,3,1,0,0,0,0
9,10,3,1,0,0,1,0
9,11,1,2,0,0,1,0
9,12,3,4,1,0,1,0
9,13,4,2,0,1,1,1
9,14,2,4,0,1,0,0
9,15,4,1,1,0,1,0
9,16,4,1,1,0,1,0
9,17,3,4,1,1,0,1
9,18,1,2,0,1,0,0
9,19,2,4,0,1,0,0
9,20,4,1,1,0,0,1
9,21,3,4,0,1,0,0
9,22,1,2,0,0,0,0
9,23,2,1,1,0,1,0
9,24,3,1,0,0,0,0
9,25,1,4,1,1,0,1
9,26,1,3,1,0,0,1
9,27,1,3,0,1,1,1
9,28,3,4,1,0,1,0
9,29,1,4,0,1,1,1
9,30,1,3,1,0,1,0
9,31,2,1,0,0,0,0
9,32,1,4,0,1,0,0
9,33,1,3,0,1,0,0
9,34,4,1,1,0,0,1
9,35,4,3,1,1,0,1
9,36,3,2,1,0,0,1
9,37,2,1,0,0,0,0
9,38,1,2,0,0,1,0
9,39,3,1,1,0,1,0
9,40,4,1,1,0,0,1
9,41,2,1,0,0,1,0
9,42,3,2,0,0,0,0
9,43,1,3,1,1,0,1
9,44,2,3,1,1,1,1
9,45,3,2,0,0,0,0
9,46,1,4,0,1,0,0
9,47,2,3,1,1,1,1
9,48,2,4,0,1,1,1
9,49,4,3,1,1,1,1
9,50,3,2,0,0,0,0
9,51,2,3,1,1,1,1
9,52,2,1,1,0,1,0
9,53,4,1,1,0,1,0
9,54,1,3,0,0,0,0
9,55,1,4,0,1,0,0
9,56,4,2,1,1,0,1
9,57,1,4,1,1,0,1
9,58,1,2,0,1,0,0
9,59,4,2,1,0,0,1
9,60,3,4,1,1,1,1
9,61,4,2,1,0,0,1
9,62,2,4,0,1,1,1
9,63,1,4,1,1,1,1
9,64,1,3,1,1,0,1
9,65,1,2,0,0,0,0
9,66,3,2,1,1,1,1
9,67,2,4,0,1,0,0
9,68,3,1,1,0,0,1
9,69,2,4,0,1,1,1
9,70,3,1,1,0,1,0
9,71,4,2,0,1,0,0
9,72,2,3,1,1,1,1
9,73,2,3,0,1,1,1
9,74,4,1,1,0,0,1
9,75,1,2,0,0,1,0
9,76,2,4,1,1,1,1
9,77,3,4,1,1,1,1
9,78,2,3,0,1,1,1
9,79,2,1,0,0,1,0
9,80,3,1,0,0,0,0
9,81,2,4,1,1,1,1
9,82,3,2,1,1,0,1
9,83,4,3,1,0,0,1
9,84,4,2,1,1,0,1
9,85,4,2,0,1,0,0
9,86,1,3,0,0,0,0
9,87,1,2,0,0,1,0
9,88,4,1,1,0,0,1
9,89,3,2,1,0,0,1
9,90,3,2,0,0,0,0
9,91,4,3,1,0,0,1
9,92,4,3,0,1,0,0
9,93,4,3,0,1,0,0
9,94,3,1,1,0,0,1
9,95,1,4,1,1,1,1
9,96,4,2,0,1,0,0
10,1,4,1,1,0,0,1
10,2,1,2,0,0,1,0
10,3,4,1,1,0,0,1
10,4,2,1,0,1,1,1
10,5,1,2,0,0,0,0
10,6,2,3,0,1,1,1
10,7,1,3,0,0,0,0
10,8,2,1,0,1,1,1
10,9,3,4,1,0,1,0
10,10,2,3,0,1,1,1
10,11,2,4,0,0,1,0
10,12,1,4,0,1,0,0
10,13,2,4,0,1,1,1
10,14,2,4,1,1,0,1
10,15,1,3,0,1,0,0
10,16,2,1,1,0,1,0
10,17,3,1,0,0,0,0
10,18,4,2,0,1,0,0
10,19,4,3,1,1,1,1
10,20,3,4,0,0,0,0
10,21,3,2,1,1,1,1
10,22,4,3,1,0,0,1
10,23,1,3,0,0,1,0
10,24,4,2,0,1,0,0
10,25,3,2,1,0,0,1
10,26,4,2,1,0,0,1
10,27,3,1,0,0,1,0
10,28,2,3,1,1,0,1
10,29,2,3,1,1,0,1
10,30,2,1,1,1,0,1
10,31,4,3,1,0,0,1
10,32,3,4,1,1,1,1
10,33,3,4,1,1,0,1
10,34,1,2,0,0,1,0
10,35,4,3,1,1,0,1
10,36,3,4,0,1,0,0
10,37,3,1,1,0,0,1
10,38,2,3,0,1,1,1
10,39,1,4,0,1,0,0
10,40,3,2,1,0,1,0
10,41,3,2,0,1,0,0
10,42,4,2,1,0,0,1
10,43,4,1,1,1,0,1
10,44,1,3,0,1,0,0
10,45,2,3,0,1,0,0
10,46,1,4,1,1,1,1
10,47,1,4,1,1,1,1
10,48,3,1,1,0,0,1
10,49,4,2,1,1,0,1
10,50,1,3,0,1,1,1
10,51,2,1,1,0,0,1
10,52,3,4,1,0,1,0
10,53,4,2,1,0,0,1
10,54,3,4,0,1,1,1
10,55,2,4,0,1,0,0
10,56,2,4,1,1,1,1
10,57,1,2,0,1,0,0
10,58,4,3,1,0,0,1
10,59,2,4,0,0,1,0
10,60,4,1,0,0,0,0
10,61,1,2,0,0,1,0
10,62,1,4,1,1,0,1
10,63,2,4,0,1,0,0
10,64,2,1,0,0,1,0
10,65,1,2,0,1,1,1
10,66,2,1,0,0,0,0
10,67,4,1,1,0,0,1
10,68,4,1,0,0,1,0
10,69,3,2,0,0,0,0
10,70,3,2,0,0,1,0
10,71,3,4,0,0,1,0
10,72,3,2,0,1,0,0
10,73,3,1,1,0,1,0
10,74,3,1,1,0,1,0
10,75,1,4,0,1,1,1
10,76,2,4,0,1,1,1
10,77,4,3,1,0,1,0
10,78,1,2,0,0,1,0
10,79,4,2,1,0,1,0
10,80,1,3,0,0,1,0
10,81,4,1,1,0,0,1
10,82,3,2,1,1,1,1
10,83,3,1,1,0,0,1
10,84,1,3,0,1,0,0
10,85,2,3,1,1,1,1
10,86,1,4,1,1,0,1
10,87,4,1,1,1,1,1
10,88,4,3,1,0,0,1
10,89,3,1,1,0,1,0
10,90,4,3,1,0,0,1
10,91,2,1,1,1,1,1
10,92,1,2,0,0,0,0
10,93,2,3,1,1,1,1
10,94,1,4,0,1,1,1
10,95,1,3,0,0,0,0
10,96,4,2,1,1,1,1
11,1,4,1,1,0,0,1
11,2,4,1,1,0,0,1
11,3,4,1,1,0,1,0
11,4,2,1,0,0,0,0
11,5,4,1,1,0,0,1
11,6,4,1,1,0,0,1
11,7,1,4,0,1,1,1
11,8,3,1,1,1,0,1
11,9,1,2,1,1,1,1
11,10,3,2,0,1,1,1
11,11,2,1,0,0,1,0
11,12,2,4,1,1,1,1
11,13,2,3,1,1,0,1
11,14,2,1,0,0,0,0
11,15,4,3,0,1,0,0
11,16,4,2,1,1,0,1
11,17,1,4,0,1,1,1
11,18,4,2,1,1,0,1
11,19,2,1,0,0,0,0
11,20,4,1,1,0,0,1
11,21,1,4,0,0,1,0
11,22,1,2,0,1,1,1
11,23,4,2,1,1,0,1
11,24,3,1,1,1,0,1
11,25,1,3,0,1,1,1
11,26,2,1,0,0,0,0
11,27,3,1,1,0,0,1
11,28,1,2,0,0,1,0
11,29,1,4,0,0,1,0
11,30,3,2,0,0,1,0
11,31,2,3,0,0,1,0
11,32,4,2,1,0,0,1
11,33,4,3,0,0,0,0
11,34,2,1,0,0,1,0
11,35,1,4,0,1,1,1
11,36,2,1,0,0,0,0
11,37,1,2,0,0,1,0
11,38,4,3,0,1,0,0
11,39,1,3,1,0,0,1
11,40,2,4,1,1,0,1
11,41,4,1,0,1,1,1
11,42,3,2,0,0,0,0
11,43,2,4,0,1,0,0
11,44,2,3,0,0,1,0
11,45,1,2,0,1,0,0
11,46,2,1,0,0,0,0
11,47,2,3,1,0,0,1
11,48,3,4,1,1,1,1
11,49,3,4,0,1,1,1
11,50,1,3,0,1,1,1
11,51,4,1,0,1,0,0
11,52,2,3,1,0,1,0
11,53,1,3,0,0,0,0
11,54,4,3,1,1,0,1
11,55,1,4,0,1,1,1
11,56,3,1,1,0,1,0
11,57,4,2,1,1,0,1
11,58,3,4,1,1,1,1
11,59,3,4,0,1,1,1
11,60,4,3,0,1,0,0
11,61,3,1,1,0,0,1
11,62,3,2,1,0,0,1
11,63,4,2,1,0,0,1
11,64,1,2,1,1,1,1
11,65,1,2,0,1,1,1
11,66,3,2,1,0,1,0
11,67,1,3,0,1,1,1
11,68,3,4,1,1,1,1
11,69,2,4,1,1,1,1
11,70,4,3,1,1,0,1
11,71,1,3,0,0,1,0
11,72,3,2,0,1,0,0
11,73,2,4,0,1,1,1
11,74,2,3,0,0,0,0
11,75,4,3,0,1,0,0
11,76,2,3,1,1,0,1
11,77,3,4,0,1,1,1
11,78,3,2,1,0,0,1
11,79,1,2,0,1,1,1
11,80,2,4,0,1,1,1
11,81,4,2,1,0,0,1
11,82,1,3,1,0,1,0
11,83,2,4,0,1,1,1
11,84,3,4,0,1,1,1
11,85,1,3,0,1,1,1
11,86,3,1,1,0,0,1
11,87,2,3,0,0,0,0
11,88,3,1,1,0,0,1
11,89,3,4,1,1,1,1
11,90,3,2,1,0,1,0
11,91,1,4,1,1,1,1
11,92,3,1,1,0,0,1
11,93,1,4,1,1,1,1
11,94,2,4,1,1,1,1
11,95,4,3,0,0,0,0
11,96,4,2,1,0,0,1
12,1,4,2,1,0,1,0
12,2,4,2,1,0,1,0
12,3,2,4,1,1,1,1
12,4,2,4,1,1,1,1
12,5,1,4,0,1,0,0
12,6,4,3,0,0,0,0
12,7,2,4,0,1,1,1
12,8,1,4,0,1,1,1
12,9,4,1,1,0,0,1
12,10,1,3,0,1,1,1
12,11,1,4,0,1,1,1
12,12,2,4,0,1,1,1
12,13,4,3,0,0,0,0
12,14,3,1,0,0,0,0
12,15,3,1,0,1,0,0
12,16,2,1,0,1,1,1
12,17,1,3,0,1,0,0
12,18,3,4,0,1,1,1
12,19,3,2,0,1,1,1
12,20,3,4,1,1,1,1
12,21,3,2,1,0,1,0
12,22,1,3,0,1,0,0
12,23,1,2,0,1,0,0
12,24,1,3,0,1,1,1
12,25,4,2,1,1,1,1
12,26,2,4,1,1,1,1
12,27,4,3,1,1,0,1
12,28,1,3,0,1,1,1
12,29,2,1,1,0,1,0
12,30,2,3,0,1,0,0
12,31,4,3,1,1,0,1
12,32,1,3,0,1,1,1
12,33,3,2,1,0,1,0
12,34,2,1,0,1,1,1
12,35,2,1,1,0,0,1
12,36,2,1,0,0,1,0
12,37,2,3,0,1,0,0
12,38,2,3,0,1,1,1
12,39,2,1,1,0,1,0
12,40,1,2,0,1,0,0
12,41,4,3,1,0,0,1
12,42,4,2,1,1,0,1
12,43,1,2,0,0,0,0
12,44,2,3,0,1,1,1
12,45,1,3,1,1,1,1
12,46,4,1,0,0,0,0
12,47,4,2,1,1,0,1
12,48,2,4,0,1,1,1
12,49,4,1,0,0,0,0
12,50,1,2,0,0,0,0
12,51,2,3,0,1,1,1
12,52,3,2,0,1,1,1
12,53,3,1,1,0,1,0
12,54,3,4,0,0,0,0
12,55,1,2,1,0,1,0
12,56,2,4,1,1,1,1
12,57,1,4,0,1,1,1
12,58,1,3,1,1,1,1
12,59,2,3,0,1,1,1
12,60,3,1,0,1,0,0
12,61,3,4,0,1,1,1
12,62,3,2,1,0,0,1
12,63,4,3,0,1,0,0
12,64,4,2,1,1,0,1
12,65,4,3,1,0,1,0
12,66,3,2,1,0,1,0
12,67,3,1,0,0,0,0
12,68,4,1,1,0,0,1
12,69,2,4,0,1,1,1
12,70,1,2,0,0,0,0
12,71,2,1,0,0,0,0
12,72,4,1,1,0,0,1
12,73,3,4,0,1,1,1
12,74,3,2,0,1,1,1
12,75,3,4,1,1,1,1
12,76,1,4,0,1,0,0
12,77,1,2,0,0,1,0
12,78,4,1,0,0,0,0
12,79,3,1,1,0,0,1
12,80,2,3,0,1,1,1
12,81,1,2,1,0,1,0
12,82,3,1,0,0,1,0
12,83,3,1,0,0,0,0
12,84,4,1,0,0,1,0
12,85,4,1,1,0,0,1
12,86,3,4,0,1,1,1
12,87,1,4,1,1,1,1
12,88,2,3,0,1,0,0
12,89,3,2,0,1,0,0
12,90,3,4,0,0,1,0
12,91,4,2,1,1,0,1
12,92,4,3,0,1,0,0
12,93,2,1,1,0,1,0
12,94,1,4,0,1,1,1
12,95,1,4,1,1,1,1
12,96,4,2,1,1,0,1
13,1,2,1,0,0,0,0
13,2,2,1,0,0,0,0
13,3,3,4,1,1,0,1
13,4,1,3,1,1,1,1
13,5,2,3,1,1,1,1
13,6,3,4,1,1,0,1
13,7,1,3,0,0,1,0
13,8,1,3,1,1,0,1
13,9,1,3,0,0,0,0
13,10,3,1,1,0,0,1
13,11,4,2,1,0,0,1
13,12,4,3,1,0,0,1
13,13,3,4,0,1,1,1
13,14,2,1,0,0,1,0
13,15,4,2,1,0,0,1
13,16,3,2,0,0,0,0
13,17,3,1,1,0,1,0
13,18,4,3,1,1,0,1
13,19,2,4,0,1,1,1
13,20,4,2,1,0,0,1
13,21,1,4,1,1,1,1
13,22,3,2,1,0,1,0
13,23,2,4,0,1,1,1
13,24,1,4,0,0,1,0
13,25,3,2,0,0,0,0
13,26,2,3,1,0,0,1
13,27,4,2,1,0,0,1
13,28,4,1,1,0,0,1
13,29,1,4,0,0,1,0
13,30,2,3,0,0,1,0
13,31,2,3,0,0,0,0
13,32,1,4,0,1,0,0
13,33,4,3,1,1,1,1
13,34,2,4,1,1,1,1
13,35,4,2,1,0,0,1
13,36,3,4,0,1,0,0
13,37,2,3,0,0,1,0
13,38,3,2,1,0,1,0
13,39,4,1,0,1,1,1
13,40,1,2,1,1,0,1
13,41,2,1,1,0,1,0
13,42,1,4,1,1,0,1
13,43,3,2,1,1,1,1
13,44,3,1,0,0,0,0
13,45,3,4,0,0,0,0
13,46,2,4,0,1,1,1
13,47,4,1,1,0,0,1
13,48,3,4,1,1,1,1
13,49,1,3,0,0,0,0
13,50,3,1,0,0,0,0
13,51,4,1,1,0,1,0
13,52,4,2,1,0,0,1
13,53,1,4,1,0,1,0
13,54,1,2,1,1,0,1
13,55,4,1,0,1,0,0
13,56,2,1,1,0,1,0
13,57,2,1,0,0,1,0
13,58,3,1,1,0,1,0
13,59,4,1,1,0,0,1
13,60,1,3,0,1,0,0
13,61,3,1,1,0,0,1
13,62,1,2,0,1,0,0
13,63,1,2,0,1,0,0
13,64,3,4,0,0,1,0
13,65,1,3,0,0,0,0
13,66,2,4,0,1,1,1
13,67,4,3,0,1,1,1
13,68,3,4,1,1,1,1
13,69,4,3,1,1,0,1
13,70,1,3,0,1,1,1
13,71,2,4,1,1,0,1
13,72,4,3,1,1,1,1
13,73,1,2,0,1,1,1
13,74,2,4,0,1,0,0
13,75,2,1,0,0,1,0
13,76,4,1,1,0,1,0
13,77,4,2,1,0,0,1
13,78,2,3,0,0,0,0
13,79,2,3,1,1,0,1
13,80,3,1,1,0,1,0
13,81,1,4,1,0,0,1
13,82,4,3,1,0,0,1
13,83,4,2,1,0,0,1
13,84,2,1,0,0,0,0
13,85,1,2,0,1,0,0
13,86,1,2,0,1,0,0
13,87,1,4,0,1,0,0
13,88,3,2,1,1,0,1
13,89,4,1,1,0,0,1
13,90,3,1,1,0,0,1
13,91,3,2,1,1,1,1
13,92,2,3,1,0,0,1
13,93,3,2,1,1,1,1
13,94,1,2,0,1,1,1
13,95,2,4,0,1,1,1
13,96,4,3,0,1,0,0
14,1,2,1,1,0,1,0
14,2,4,1,1,0,0,1
14,3,4,1,1,1,0,1
14,4,4,1,1,1,0,1
14,5,3,2,1,1,1,1
14,6,2,1,1,0,0,1
14,7,4,1,1,0,1,0
14,8,4,1,1,1,0,1
14,9,1,2,0,0,1,0
14,10,4,2,1,0,0,1
14,11,1,3,0,0,1,0
14,12,3,1,1,0,0,1
14,13,2,3,0,1,0,0
14,14,2,3,1,0,0,1
14,15,2,1,1,0,1,0
14,16,4,2,0,0,0,0
14,17,1,4,0,1,1,1
14,18,2,4,0,1,1,1
14,19,3,2,0,1,0,0
14,20,4,2,1,0,0,1
14,21,1,4,0,1,1,1
14,22,2,4,0,1,1,1
14,23,1,3,0,0,1,0
14,24,3,4,1,0,1,0
14,25,3,1,0,0,0,0
14,26,2,1,0,1,0,0
14,27,1,4,0,1,1,1
14,28,3,4,0,1,1,1
14,29,2,4,0,1,1,1
14,30,4,1,1,0,0,1
14,31,3,2,0,1,0,0
14,32,4,2,1,0,0,1
14,33,3,1,1,0,1,0
14,34,2,4,0,1,1,1
14,35,4,3,1,1,0,1
14,36,3,4,1,1,1,1
14,37,2,4,0,1,1,1
14,38,3,4,1,0,1,0
14,39,4,3,1,1,0,1
14,40,4,3,0,1,0,0
14,41,1,3,0,0,1,0
14,42,3,4,1,0,1,0
14,43,4,2,1,0,0,1
14,44,4,3,0,0,0,0
14,45,4,3,1,1,0,1
14,46,1,3,0,0,1,0
14,47,2,4,0,1,1,1
14,48,1,2,0,1,0,0
14,49,1,4,1,1,1,1
14,50,2,4,0,1,1,1
14,51,3,1,0,0,0,0
14,52,1,2,1,0,1,0
14,53,4,3,1,1,0,1
14,54,1,2,0,0,0,0
14,55,4,2,1,1,0,1
14,56,3,4,1,1,1,1
14,57,2,3,1,0,0,1
14,58,1,4,0,1,1,1
14,59,2,1,1,0,0,1
14,60,4,1,1,1,0,1
14,61,3,4,1,0,1,0
14,62,3,2,1,1,1,1
14,63,1,4,0,1,1,1
14,64,3,1,1,0,0,1
14,65,1,3,0,0,1,0
14,66,3,1,1,0,0,1
14,67,2,3,0,1,0,0
14,68,2,3,0,1,0,0
14,69,1,2,0,0,1,0
14,70,2,3,0,1,0,0
14,71,1,4,0,1,1,1
14,72,2,1,0,1,1,1
14,73,3,2,0,1,0,0
14,74,1,2,1,0,1,0
14,75,2,3,1,0,0,1
14,76,1,3,0,1,0,0
14,77,2,3,1,0,1,0
14,78,4,2,0,0,0,0
14,79,1,2,0,0,1,0
14,80,4,3,0,1,0,0
14,81,3,2,1,0,1,0
14,82,4,3,0,0,0,0
14,83,3,1,1,0,0,1
14,84,1,3,0,1,1,1
14,85,2,4,0,1,1,1
14,86,4,2,1,1,0,1
14,87,3,4,0,1,1,1
14,88,3,1,1,0,0,1
14,89,1,2,0,1,0,0
14,90,2,1,1,0,0,1
14,91,3,2,1,0,0,1
14,92,4,1,1,0,0,1
14,93,1,3,0,0,1,0
14,94,1,4,1,1,1,1
14,95,2,1,1,0,1,0
14,96,3,2,0,1,1,1
15,1,3,1,1,0,1,0
15,2,3,1,1,0,0,1
15,3,2,3,1,0,0,1
15,4,2,3,0,0,0,0
15,5,2,1,1,0,1,0
15,6,1,2,0,0,1,0
15,7,2,3,1,0,0,1
15,8,2,3,0,0,0,0
15,9,2,4,1,1,0,1
15,10,1,2,0,0,1,0
15,11,1,4,0,1,1,1
15,12,4,1,1,1,0,1
15,13,4,3,1,0,0,1
15,14,2,4,1,1,0,1
15,15,4,1,0,0,1,0
15,16,4,2,1,1,1,1
15,17,1,4,0,1,1,1
15,18,1,2,0,0,1,0
15,19,3,2,1,1,0,1
15,20,4,2,1,1,0,1
15,21,3,4,1,0,0,1
15,22,2,1,1,0,1,0
15,23,1,2,0,0,0,0
15,24,2,3,0,1,0,0
15,25,4,1,1,0,0,1
15,26,4,2,0,0,1,0
15,27,3,1,1,1,1,1
15,28,1,4,0,1,0,0
15,29,1,3,0,1,1,1
15,30,2,4,0,1,1,1
15,31,1,3,1,1,1,1
15,32,3,4,0,0,0,0
15,33,3,2,1,0,0,1
15,34,3,2,1,1,1,1
15,35,4,3,1,0,1,0
15,36,4,2,1,0,0,1
15,37,1,4,1,1,1,1
15,38,1,3,1,1,1,1
15,39,4,1,1,0,1,0
15,40,3,1,1,0,0,1
15,41,4,2,0,0,0,0
15,42,4,2,1,0,1,0
15,43,3,4,0,0,0,0
15,44,2,3,0,0,0,0
15,45,2,1,0,0,0,0
15,46,1,2,1,0,1,0
15,47,1,3,0,1,1,1
15,48,2,1,1,0,0,1
15,49,2,1,0,0,0,0
15,50,2,3,0,1,1,1
15,51,3,1,1,1,1,1
15,52,4,1,1,0,1,0
15,53,1,3,0,1,1,1
15,54,1,4,0,1,1,1
15,55,4,1,1,0,0,1
15,56,3,4,1,0,1,0
15,57,3,4,1,1,0,1
15,58,4,1,0,0,0,0
15,59,1,2,1,0,1,0
15,60,3,1,0,0,0,0
15,61,4,3,1,0,0,1
15,62,3,2,0,0,0,0
15,63,3,2,1,1,0,1
15,64,3,2,1,0,1,0
15,65,1,4,0,1,0,0
15,66,3,4,0,1,1,1
15,67,4,2,1,1,0,1
15,68,1,3,0,1,1,1
15,69,3,4,1,1,1,1
15,70,3,2,0,0,0,0
15,71,2,4,1,1,1,1
15,72,2,1,0,0,1,0
15,73,1,2,0,0,0,0
15,74,4,1,1,1,0,1
15,75,2,1,1,0,1,0
15,76,4,2,1,1,0,1
15,77,2,4,0,1,1,1
15,78,1,4,1,1,1,1
15,79,2,4,1,1,0,1
15,80,1,2,0,0,1,0
15,81,4,3,0,0,1,0
15,82,2,4,1,1,1,1
15,83,2,3,0,0,1,0
15,84,1,3,0,1,1,1
15,85,3,1,1,0,0,1
15,86,4,3,0,0,0,0
15,87,4,3,1,0,1,0
15,88,2,1,0,0,0,0
15,89,3,1,0,0,0,0
15,90,1,4,0,1,1,1
15,91,3,4,0,1,1,1
15,92,2,4,1,1,1,1
15,93,3,2,1,1,0,1
15,94,4,3,1,1,0,1
15,95,1,3,0,1,0,0
15,96,4,3,1,1,1,1
16,1,1,4,0,1,1,1
16,2,3,2,0,1,0,0
16,3,1,4,0,1,1,1
16,4,3,4,1,1,1,1
16,5,3,2,0,1,0,0
16,6,3,4,1,1,1,1
16,7,4,2,1,1,0,1
16,8,2,4,0,1,1,1
16,9,3,1,1,0,1,0
16,10,1,3,1,0,1,0
16,11,2,4,1,1,1,1
16,12,2,3,0,0,1,0
16,13,4,2,1,0,1,0
16,14,3,1,1,0,0,1
16,15,2,3,0,0,1,0
16,16,2,1,0,0,0,0
16,17,1,3,0,1,1,1
16,18,2,3,1,0,1,0
16,19,3,2,1,1,1,1
16,20,3,1,1,0,1,0
16,21,2,1,0,0,0,0
16,22,4,3,0,1,0,0
16,23,4,2,1,1,1,1
16,24,4,1,1,0,0,1
16,25,1,2,0,0,1,0
16,26,3,4,1,1,1,1
16,27,2,4,0,1,1,1
16,28,4,3,1,1,0,1
16,29,2,1,0,0,0,0
16,30,1,2,0,0,0,0
16,31,4,1,1,0,1,0
16,32,4,3,0,1,0,0
16,33,3,4,1,1,1,1
16,34,1,2,0,0,1,0
16,35,2,3,0,0,1,0
16,36,2,1,1,0,1,0
16,37,3,1,0,0,1,0
16,38,2,1,1,0,1,0
16,39,1,3,1,0,0,1
16,40,4,1,1,0,1,0
16,41,1,2,1,0,0,1
16,42,2,1,1,0,1,0
16,43,4,2,1,0,0,1
16,44,1,4,0,1,0,0
16,45,4,3,0,1,0,0
16,46,4,2,1,0,0,1
16,47,4,2,1,1,0,1
16,48,2,1,1,0,1,0
16,49,3,4,0,0,1,0
16,50,2,4,0,1,1,1
16,51,4,2,1,0,0,1
16,52,1,3,1,0,0,1
16,53,3,2,1,1,0,1
16,54,4,3,1,1,0,1
16,55,1,4,1,0,1,0
16,56,4,1,1,0,1,0
16,57,2,1,0,0,1,0
16,58,1,4,0,1,1,1
16,59,2,3,0,1,1,1
16,60,3,1,1,0,0,1
16,61,1,2,1,0,0,1
16,62,2,3,1,0,1,0
16,63,4,2,1,1,0,1
16,64,1,3,1,0,0,1
16,65,4,1,1,0,0,1
16,66,2,4,0,1,0,0
16,67,2,3,0,1,0,0
16,68,4,3,1,0,0,1
16,69,3,1,0,0,1,0
16,70,2,4,0,0,1,0
16,71,2,4,1,1,1,1
16,72,3,2,1,1,1,1
16,73,2,4,0,0,1,0
16,74,1,3,1,0,1,0
16,75,1,3,0,1,1,1
16,76,1,4,1,0,1,0
16,77,3,2,1,1,1,1
16,78,3,2,1,1,0,1
16,79,4,1,1,0,1,0
16,80,1,3,1,0,0,1
16,81,1,2,0,0,1,0
16,82,3,4,1,1,1,1
16,83,4,3,0,1,1,1
16,84,1,4,0,1,1,1
16,85,4,1,1,0,1,0
16,86,3,1,1,0,0,1
16,87,3,4,1,1,0,1
16,88,3,4,0,0,1,0
16,89,1,2,0,0,0,0
16,90,3,1,1,0,0,1
16,91,4,3,1,0,1,0
16,92,4,1,1,0,0,1
16,93,1,2,0,0,0,0
16,94,3,2,1,1,0,1
16,95,2,3,0,0,1,0
16,96,1,4,0,1,1,1
17,1,3,1,1,0,1,0
17,2,3,1,1,0,0,1
17,3,2,4,1,1,0,1
17,4,2,4,1,1,1,1
17,5,1,3,0,1,1,1
17,6,1,3,0,1,1,1
17,7,2,4,0,0,1,0
17,8,1,3,1,0,1,0
17,9,4,1,0,0,0,0
17,10,1,3,0,1,1,1
17,11,4,1,1,0,0,1
17,12,3,1,0,0,1,0
17,13,1,4,0,0,1,0
17,14,4,2,1,1,1,1
17,15,2,1,1,0,0,1
17,16,3,1,0,0,0,0
17,17,4,1,0,1,0,0
17,18,4,3,1,0,1,0
17,19,4,1,1,0,0,1
17,20,3,4,0,1,1,1
17,21,2,3,0,1,1,1
17,22,4,2,1,0,1,0
17,23,1,3,0,1,0,0
17,24,2,4,0,1,0,0
17,25,2,4,0,1,1,1
17,26,2,3,1,1,1,1
17,27,4,3,1,0,1,0
17,28,1,2,0,1,0,0
17,29,3,2,1,1,0,1
17,30,2,3,1,1,1,1
17,31,1,2,0,1,1,1
17,32,4,3,1,0,1,0
17,33,3,1,0,0,1,0
17,34,1,2,1,0,0,1
17,35,4,3,0,1,1,1
17,36,4,2,1,0,0,1
17,37,3,2,1,1,1,1
17,38,3,2,1,1,1,1
17,39,4,1,0,1,0,0
17,40,4,3,0,1,1,1
17,41,4,1,1,0,0,1
17,42,4,2,1,0,1,0
17,43,2,3,1,1,1,1
17,44,2,1,0,1,0,0
17,45,2,1,0,1,1,1
17,46,2,1,0,1,1,1
17,47,3,4,0,1,1,1
17,48,4,2,1,1,0,1
17,49,3,4,0,1,0,0
17,50,4,3,1,0,1,0
17,51,3,4,1,1,1,1
17,52,1,2,0,0,0,0
17,53,3,4,0,1,1,1
17,54,3,1,0,0,0,0
17,55,1,4,0,1,1,1
17,56,1,4,0,1,1,1
17,57,1,4,0,0,1,0
17,58,4,2,1,1,0,1
17,59,3,4,1,1,1,1
17,60,2,4,0,1,1,1
17,61,3,2,1,1,1,1
17,62,3,2,1,1,0,1
17,63,2,4,0,0,1,0
17,64,2,1,0,0,0,0
17,65,1,4,0,1,1,1
17,66,1,2,0,0,1,0
17,67,3,2,1,0,1,0
17,68,4,3,1,0,1,0
17,69,2,1,0,1,1,1
17,70,1,3,1,0,0,1
17,71,4,2,1,1,0,1
17,72,3,1,0,0,0,0
17,73,4,1,1,0,1,0
17,74,4,1,0,0,0,0
17,75,4,2,1,0,0,1
17,76,2,3,0,1,1,1
17,77,2,4,0,1,1,1
17,78,3,2,1,1,1,1
17,79,1,2,0,0,0,0
17,80,3,1,0,0,1,0
17,81,3,2,1,0,0,1
17,82,4,3,1,0,1,0
17,83,1,4,0,1,1,1
17,84,2,1,0,0,1,0
17,85,3,4,0,1,0,0
17,86,3,4,0,1,1,1
17,87,2,3,0,1,0,0
17,88,2,3,0,1,1,1
17,89,1,2,0,0,0,0
17,90,1,4,0,1,1,1
17,91,2,1,1,0,0,1
17,92,2,3,1,1,1,1
17,93,1,4,0,1,1,1
17,94,1,3,0,1,1,1
17,95,1,2,1,0,1,0
17,96,1,3,0,1,1,1
18,1,3,2,1,1,1,1
18,2,3,2,1,1,0,1
18,3,2,3,1,0,0,1
18,4,1,3,1,1,0,1
18,5,2,3,1,0,1,0
18,6,1,4,0,1,0,0
18,7,4,3,0,1,0,0
18,8,1,3,1,1,1,1
18,9,3,4,1,1,0,1
18,10,4,2,1,1,1,1
18,11,2,3,1,1,1,1
18,12,4,1,1,1,1,1
18,13,2,4,1,0,0,1
18,14,4,2,1,1,0,1
18,15,4,1,1,0,0,1
18,16,4,1,1,1,1,1
18,17,1,3,0,1,0,0
18,18,1,4,0,1,0,0
18,19,3,4,1,1,1,1
18,20,3,1,1,0,0,1
18,21,2,1,0,0,0,0
18,22,3,2,0,0,1,0
18,23,1,4,0,0,1,0
18,24,1,2,1,1,0,1
18,25,3,1,0,0,1,0
18,26,3,4,1,0,1,0
18,27,1,2,1,0,0,1
18,28,4,1,1,0,1,0
18,29,3,4,1,1,0,1
18,30,1,2,0,1,0,0
18,31,2,4,0,1,0,0
18,32,2,1,0,1,1,1
18,33,1,3,0,1,1,1
18,34,3,4,1,1,0,1
18,35,4,2,1,1,1,1
18,36,2,4,0,1,0,0
18,37,4,3,1,1,1,1
18,38,1,4,0,1,0,0
18,39,2,4,1,0,1,0
18,40,1,4,0,1,1,1
18,41,4,3,1,1,1,1
18,42,4,3,1,1,1,1
18,43,2,3,0,0,0,0
18,44,1,4,0,0,1,0
18,45,3,4,0,1,0,0
18,46,2,4,0,1,1,1
18,47,3,2,0,0,1,0
18,48,2,3,1,1,1,1
18,49,4,2,1,0,0,1
18,50,3,2,1,0,0,1
18,51,4,3,1,0,0,1
18,52,3,4,0,1,1,1
18,53,2,4,1,1,1,1
18,54,1,3,0,0,1,0
18,55,2,4,1,1,1,1
18,56,4,1,1,0,0,1
18,57,3,2,1,0,1,0
18,58,4,1,1,0,0,1
18,59,2,3,0,0,1,0
18,60,4,1,1,0,0,1
18,61,2,1,0,1,0,0
18,62,1,2,0,0,1,0
18,63,3,1,1,0,0,1
18,64,2,1,0,0,1,0
18,65,4,1,1,0,0,1
18,66,2,3,0,1,0,0
18,67,2,1,0,0,1,0
18,68,3,4,1,0,1,0
18,69,1,2,1,1,1,1
18,70,3,1,0,0,0,0
18,71,4,3,1,0,1,0
18,72,3,2,0,0,1,0
18,73,3,1,0,0,0,0
18,74,1,2,1,0,0,1
18,75,1,3,0,0,0,0
18,76,2,3,0,1,0,0
18,77,3,1,0,0,1,0
18,78,2,1,0,0,0,0
18,79,3,1,1,0,0,1
18,80,2,4,0,1,1,1
18,81,4,2,1,0,0,1
18,82,1,4,0,0,1,0
18,83,2,1,0,0,0,0
18,84,1,2,0,1,0,0
18,85,1,2,0,0,0,0
18,86,4,2,1,1,0,1
18,87,3,2,0,0,0,0
18,88,2,1,0,0,1,0
18,89,4,2,1,1,0,1
18,90,3,1,1,0,0,1
18,91,4,3,0,1,1,1
18,92,1,3,0,0,1,0
18,93,4,2,1,1,0,1
18,94,4,3,1,1,1,1
18,95,1,3,0,0,0,0
18,96,1,4,0,0,0,0
19,1,2,3,0,0,1,0
19,2,2,3,0,0,0,0
19,3,4,1,1,0,0,1
19,4,4,1,1,0,1,0
19,5,4,1,1,0,0,1
19,6,2,4,0,1,1,1
19,7,3,2,0,1,1,1
19,8,4,1,1,0,0,1
19,9,1,4,0,0,1,0
19,10,4,2,1,1,0,1
19,11,1,4,1,1,1,1
19,12,1,3,0,0,0,0
19,13,1,3,0,0,1,0
19,14,3,1,1,1,0,1
19,15,4,2,1,1,0,1
19,16,2,3,0,1,0,0
19,17,2,4,1,0,1,0
19,18,1,3,0,1,0,0
19,19,3,4,1,1,0,1
19,20,3,4,1,1,1,1
19,21,1,3,0,1,1,1
19,22,4,2,1,1,0,1
19,23,2,4,0,1,1,1
19,24,2,1,1,0,0,1
19,25,4,1,0,0,0,0
19,26,4,2,1,1,1,1
19,27,2,3,0,0,0,0
19,28,1,3,1,0,1,0
19,29,1,4,0,0,1,0
19,30,3,1,0,0,0,0
19,31,1,2,0,0,1,0
19,32,4,3,1,0,0,1
19,33,3,4,0,0,1,0
19,34,2,1,1,1,0,1
19,35,3,4,1,1,1,1
19,36,1,4,1,1,1,1
19,37,4,2,1,0,0,1
19,38,4,3,1,1,0,1
19,39,1,2,0,0,0,0
19,40,4,2,1,0,1,0
19,41,4,2,1,1,0,1
19,42,2,1,0,0,0,0
19,43,1,2,0,0,0,0
19,44,3,2,0,0,0,0
19,45,3,1,1,0,0,1
19,46,4,3,1,1,0,1
19,47,2,4,0,1,1,1
19,48,3,1,1,0,1,0
19,49,4,3,1,1,0,1
19,50,2,3,1,1,1,1
19,51,3,1,1,0,0,1
19,52,1,4,1,1,1,1
19,53,4,1,1,0,0,1
19,54,1,3,1,0,1,0
19,55,3,4,1,1,1,1
19,56,1,2,0,0,1,0
19,57,1,2,0,0,1,0
19,58,1,3,0,1,1,1
19,59,3,2,1,0,0,1
19,60,1,2,0,1,1,1
19,61,4,1,0,0,0,0
19,62,1,4,1,1,1,1
19,63,1,2,0,0,1,0
19,64,2,1,0,0,1,0
19,65,4,3,1,0,0,1
19,66,2,1,1,1,0,1
19,67,3,4,1,1,1,1
19,68,2,1,1,0,0,1
19,69,1,2,0,1,1,1
19,70,2,3,0,0,1,0
19,71,1,3,0,1,1,1
19,72,2,4,1,0,1,0
19,73,3,4,0,0,1,0
19,74,3,2,0,1,0,0
19,75,3,4,1,1,1,1
19,76,4,3,1,1,0,1
19,77,4,3,1,1,0,1
19,78,2,1,1,0,1,0
19,79,2,4,0,1,1,1
19,80,1,4,0,0,1,0
19,81,3,1,1,1,0,1
19,82,4,1,1,0,0,1
19,83,3,2,0,0,0,0
19,84,2,4,0,1,1,1
19,85,3,1,1,0,0,1
19,86,2,3,1,1,0,1
19,87,2,1,1,0,0,1
19,88,3,2,0,0,1,0
19,89,3,1,0,0,0,0
19,90,3,2,1,0,0,1
19,91,4,2,1,1,0,1
19,92,2,4,0,1,1,1
19,93,1,4,0,0,1,0
19,94,2,3,0,1,0,0
19,95,3,2,0,0,1,0
19,96,4,3,1,1,0,1
910,1,2,1,1,0,0,1
910,2,2,4,1,1,0,1
910,3,2,1,1,0,1,0
910,4,2,4,1,1,0,1
910,5,3,1,1,0,0,1
910,6,3,1,1,0,0,1
910,7,2,1,0,0,0,0
910,8,3,4,1,1,0,1
910,9,4,1,1,0,0,1
910,10,1,2,0,0,1,0
910,11,4,1,1,0,0,1
910,12,1,3,0,1,1,1
910,13,3,4,1,1,1,1
910,14,2,4,0,1,0,0
910,15,3,2,0,0,1,0
910,16,2,4,0,1,0,0
910,17,3,4,0,1,1,1
910,18,1,4,1,1,1,1
910,19,2,3,0,1,1,1
910,20,1,4,0,0,1,0
910,21,4,1,1,0,1,0
910,22,3,2,0,0,0,0
910,23,4,2,1,1,0,1
910,24,3,1,1,1,0,1
910,25,4,2,1,1,0,1
910,26,4,2,0,0,0,0
910,27,3,1,1,0,1,0
910,28,2,4,0,1,1,1
910,29,1,2,0,0,0,0
910,30,3,1,1,0,0,1
910,31,3,2,1,1,1,1
910,32,3,2,0,0,0,0
910,33,1,4,0,0,1,0
910,34,4,3,1,0,0,1
910,35,4,3,0,1,0,0
910,36,3,1,1,0,0,1
910,37,1,4,0,1,1,1
910,38,1,2,1,0,1,0
910,39,1,2,1,0,1,0
910,40,1,3,0,0,0,0
910,41,3,4,1,0,1,0
910,42,4,2,1,1,1,1
910,43,3,4,1,1,0,1
910,44,1,2,0,0,0,0
910,45,1,3,0,0,0,0
910,46,2,3,0,0,1,0
910,47,4,1,1,0,1,0
910,48,4,3,1,0,1,0
910,49,4,1,1,0,0,1
910,50,1,4,1,1,0,1
910,51,4,1,1,0,0,1
910,52,3,1,1,1,0,1
910,53,1,2,0,0,0,0
910,54,1,4,1,1,1,1
910,55,3,2,0,0,1,0
910,56,1,3,0,1,1,1
910,57,3,4,1,0,1,0
910,58,3,2,0,0,0,0
910,59,4,3,0,0,0,0
910,60,2,3,0,0,0,0
910,61,3,1,1,0,1,0
910,62,4,3,1,1,0,1
910,63,1,4,0,1,0,0
910,64,4,3,0,0,1,0
910,65,3,4,1,1,0,1
910,66,2,4,0,1,0,0
910,67,2,1,1,1,0,1
910,68,4,1,1,0,0,1
910,69,3,2,0,0,0,0
910,70,4,2,1,1,0,1
910,71,1,4,1,1,1,1
910,72,2,1,1,0,0,1
910,73,4,2,1,1,1,1
910,74,2,4,0,1,1,1
910,75,4,1,1,0,1,0
910,76,4,3,1,1,0,1
910,77,1,3,0,1,0,0
910,78,1,3,0,1,1,1
910,79,2,1,1,0,0,1
910,80,2,1,1,1,0,1
910,81,2,3,0,0,1,0
910,82,4,2,0,0,1,0
910,83,4,2,1,1,0,1
910,84,3,4,0,1,0,0
910,85,2,3,1,0,1,0
910,86,1,2,0,1,0,0
910,87,4,3,0,1,0,0
910,88,2,3,1,0,1,0
910,89,1,3,0,1,0,0
910,90,2,3,0,1,1,1
910,91,1,3,0,1,1,1
910,92,2,4,0,1,1,1
910,93,2,3,0,0,0,0
910,94,1,2,0,1,1,1
910,95,3,2,1,1,0,1
910,96,2,1,0,0,1,0
911,1,1,3,1,1,0,1
911,2,1,3,1,1,0,1
911,3,4,3,1,0,0,1
911,4,3,2,1,0,0,1
911,5,4,3,1,0,0,1
911,6,1,4,0,1,0,0
911,7,3,2,1,0,1,0
911,8,2,3,1,1,0,1
911,9,1,2,1,0,0,1
911,10,4,1,0,1,0,0
911,11,4,3,0,1,1,1
911,12,3,2,1,0,1,0
911,13,1,4,0,1,0,0
911,14,1,4,0,1,1,1
911,15,4,1,1,0,1,0
911,16,4,3,0,1,0,0
911,17,4,2,1,0,1,0
911,18,2,3,1,1,1,1
911,19,4,2,1,0,0,1
911,20,1,2,1,0,0,1
911,21,4,1,1,0,1,0
911,22,3,2,0,0,0,0
911,23,3,2,0,0,0,0
911,24,3,1,0,0,1,0
911,25,2,1,0,0,0,0
911,26,3,1,0,0,1,0
911,27,3,2,1,0,1,0
911,28,4,2,1,0,0,1
911,29,2,3,1,0,0,1
911,30,1,2,0,1,0,0
911,31,1,4,0,1,1,1
911,32,1,4,0,1,1,1
911,33,1,3,1,0,0,1
911,34,2,4,0,1,1,1
911,35,4,3,1,1,0,1
911,36,1,2,0,0,0,0
911,37,3,1,1,0,0,1
911,38,3,4,0,1,1,1
911,39,4,2,1,0,0,1
911,40,3,1,1,1,1,1
911,41,3,4,1,1,1,1
911,42,2,4,1,1,1,1
911,43,1,2,0,0,1,0
911,44,1,4,0,1,1,1
911,45,2,1,0,0,1,0
911,46,2,3,1,0,0,1
911,47,1,2,0,1,0,0
911,48,3,1,0,0,0,0
911,49,3,1,0,0,1,0
911,50,1,3,0,1,1,1
911,51,3,2,1,0,0,1
911,52,2,1,1,0,1,0
911,53,1,4,0,1,1,1
911,54,2,1,1,0,0,1
911,55,3,4,1,0,1,0
911,56,3,1,1,1,1,1
911,57,2,4,1,1,1,1
911,58,2,4,1,0,1,0
911,59,3,1,1,0,0,1
911,60,4,2,1,0,0,1
911,61,4,1,1,0,1,0
911,62,1,3,0,1,1,1
911,63,3,4,1,0,1,0
911,64,2,1,1,0,0,1
911,65,1,3,1,0,1,0
911,66,4,2,1,0,0,1
911,67,4,1,0,1,0,0
911,68,3,4,0,1,1,1
911,69,4,1,1,0,0,1
911,70,1,2,0,0,1,0
911,71,1,2,0,0,1,0
911,72,1,3,0,1,1,1
911,73,4,3,1,1,0,1
911,74,3,4,0,1,1,1
911,75,1,4,0,1,1,1
911,76,2,4,0,1,1,1
911,77,2,4,1,1,1,1
911,78,4,2,1,0,0,1
911,79,2,4,1,1,1,1
911,80,2,3,1,0,1,0
911,81,3,2,1,0,1,0
911,82,4,2,1,0,0,1
911,83,4,1,1,0,0,1
911,84,2,1,0,0,1,0
911,85,2,3,1,0,0,1
911,86,3,4,1,1,1,1
911,87,4,1,1,0,0,1
911,88,2,1,1,0,0,1
911,89,2,3,1,0,0,1
911,90,2,4,1,0,1,0
911,91,3,4,0,1,1,1
911,92,2,1,0,0,1,0
911,93,4,3,0,1,0,0
911,94,2,3,1,0,0,1
911,95,4,3,0,1,0,0
911,96,1,3,0,1,0,0
912,1,1,3,1,0,1,0
912,2,4,3,1,1,1,1
912,3,1,2,0,1,0,0
912,4,1,3,0,1,1,1
912,5,2,4,0,1,0,0
912,6,1,3,1,0,0,1
912,7,4,3,1,1,1,1
912,8,1,2,0,1,0,0
912,9,3,2,1,1,0,1
912,10,3,4,0,0,0,0
912,11,4,2,1,1,1,1
912,12,2,4,0,1,1,1
912,13,2,1,0,0,0,0
912,14,2,1,1,0,0,1
912,15,3,4,0,1,0,0
912,16,4,2,1,0,0,1
912,17,4,2,1,1,0,1
912,18,3,2,0,0,1,0
912,19,4,2,1,0,0,1
912,20,1,4,0,1,1,1
912,21,1,4,0,1,1,1
912,22,4,1,1,1,0,1
912,23,1,2,1,1,1,1
912,24,3,2,0,0,1,0
912,25,2,1,0,0,0,0
912,26,3,4,0,1,1,1
912,27,4,1,0,0,1,0
912,28,2,3,0,1,0,0
912,29,4,1,1,0,1,0
912,30,3,4,0,1,1,1
912,31,3,4,1,1,1,1
912,32,2,1,1,0,1,0
912,33,2,3,1,0,0,1
912,34,2,3,1,1,0,1
912,35,2,3,1,1,1,1
912,36,2,1,1,0,1,0
912,37,4,3,1,1,0,1
912,38,2,3,0,0,0,0
912,39,2,3,0,1,0,0
912,40,3,1,0,0,1,0
912,41,1,4,0,1,1,1
912,42,3,4,0,0,1,0
912,43,2,3,1,0,1,0
912,44,1,3,0,0,1,0
912,45,1,3,0,1,1,1
912,46,3,1,1,0,0,1
912,47,4,3,0,1,0,0
912,48,3,2,0,0,0,0
912,49,2,4,1,0,0,1
912,50,2,4,0,0,1,0
912,51,3,1,1,0,0,1
912,52,1,4,0,1,1,1
912,53,2,1,1,0,0,1
912,54,3,2,1,1,1,1
912,55,4,1,0,0,0,0
912,56,3,4,0,1,1,1
912,57,4,1,1,0,0,1
912,58,1,2,1,0,1,0
912,59,1,4,0,1,0,0
912,60,4,3,1,1,0,1
912,61,3,2,1,0,1,0
912,62,4,2,1,0,0,1
912,63,4,1,1,1,0,1
912,64,1,4,0,1,1,1
912,65,4,2,1,1,0,1
912,66,2,1,0,1,0,0
912,67,4,1,1,0,0,1
912,68,3,4,1,1,1,1
912,69,1,2,0,0,1,0
912,70,1,4,0,1,1,1
912,71,4,3,0,1,0,0
912,72,3,1,1,0,1,0
912,73,2,3,0,0,1,0
912,74,4,3,1,1,0,1
912,75,3,1,1,0,0,1
912,76,4,3,1,1,1,1
912,77,1,3,0,1,0,0
912,78,4,1,1,0,0,1
912,79,3,1,1,0,1,0
912,80,1,2,0,0,0,0
912,81,2,4,0,0,1,0
912,82,2,1,0,1,1,1
912,83,4,2,1,0,0,1
912,84,3,1,1,0,0,1
912,85,3,2,0,0,1,0
912,86,1,3,0,0,1,0
912,87,1,4,0,1,1,1
912,88,2,4,0,1,1,1
912,89,3,1,0,0,0,0
912,90,2,4,1,0,0,1
912,91,2,4,0,1,1,1
912,92,1,3,0,1,0,0
912,93,4,2,1,1,0,1
912,94,1,2,1,0,1,0
912,95,1,2,1,1,0,1
912,96,3,2,1,0,0,1
913,1,4,1,1,0,1,0
913,2,4,3,0,1,0,0
913,3,4,1,1,0,1,0
913,4,4,3,0,1,0,0
913,5,2,4,1,1,0,1
913,6,2,1,1,0,0,1
913,7,1,2,0,0,1,0
913,8,2,4,1,1,1,1
913,9,3,1,0,0,1,0
913,10,3,2,0,0,0,0
913,11,3,2,1,0,0,1
913,12,2,1,0,0,0,0
913,13,1,2,1,1,1,1
913,14,2,3,0,1,1,1
913,15,3,4,1,1,0,1
913,16,4,1,1,0,0,1
913,17,1,3,0,1,1,1
913,18,4,3,1,0,1,0
913,19,2,1,0,0,0,0
913,20,1,4,0,1,1,1
913,21,2,3,1,1,0,1
913,22,3,1,0,0,0,0
913,23,1,3,0,0,1,0
913,24,2,4,0,1,0,0
913,25,4,1,1,1,0,1
913,26,3,4,1,0,1,0
913,27,3,1,0,0,0,0
913,28,3,4,0,1,1,1
913,29,1,4,0,1,1,1
913,30,2,3,0,1,1,1
913,31,4,1,1,1,0,1
913,32,2,4,1,0,1,0
913,33,3,2,0,0,0,0
913,34,1,2,1,0,1,0
913,35,2,3,1,0,1,0
913,36,2,4,0,1,1,1
913,37,3,2,1,1,0,1
913,38,2,1,1,0,0,1
913,39,4,2,1,1,0,1
913,40,3,4,0,1,1,1
913,41,1,3,0,1,1,1
913,42,4,3,1,1,0,1
913,43,2,1,0,0,1,0
913,44,4,2,0,0,0,0
913,45,3,2,1,1,0,1
913,46,1,2,0,0,0,0
913,47,3,4,1,1,0,1
913,48,1,2,0,0,0,0
913,49,1,3,0,0,1,0
913,50,4,2,1,1,0,1
913,51,4,2,0,0,0,0
913,52,1,4,0,1,0,0
913,53,3,1,0,0,0,0
913,54,4,1,1,0,0,1
913,55,2,1,0,0,0,0
913,56,3,1,1,0,0,1
913,57,2,3,1,1,1,1
913,58,2,4,0,1,1,1
913,59,2,1,0,0,1,0
913,60,3,4,0,1,0,0
913,61,4,3,1,0,1,0
913,62,1,4,0,1,1,1
913,63,4,2,1,1,0,1
913,64,1,4,1,1,1,1
913,65,2,3,0,1,1,1
913,66,2,4,0,1,1,1
913,67,2,1,0,0,1,0
913,68,3,1,0,0,0,0
913,69,4,2,1,1,0,1
913,70,1,2,0,0,0,0
913,71,1,3,0,1,1,1
913,72,3,4,0,1,1,1
913,73,2,3,0,1,1,1
913,74,4,1,1,1,1,1
913,75,1,3,0,1,1,1
913,76,1,4,1,1,1,1
913,77,1,2,1,0,0,1
913,78,3,2,1,0,1,0
913,79,3,4,1,0,1,0
913,80,4,1,1,1,0,1
913,81,4,3,0,1,0,0
913,82,3,2,1,0,0,1
913,83,4,2,1,1,0,1
913,84,1,2,1,1,0,1
913,85,2,3,1,0,1,0
913,86,4,3,1,1,1,1
913,87,1,4,0,1,1,1
913,88,1,4,0,1,1,1
913,89,4,3,0,1,0,0
913,90,1,3,0,0,0,0
913,91,3,2,1,0,1,0
913,92,3,1,0,0,1,0
913,93,3,1,1,0,0,1
913,94,2,4,1,0,1,0
913,95,1,3,0,0,1,0
913,96,4,2,1,1,1,1
914,1,3,4,0,1,0,0
914,2,3,4,0,1,0,0
914,3,2,4,1,1,0,1
914,4,4,2,1,0,1,0
914,5,2,4,1,1,1,1
914,6,4,2,1,0,0,1
914,7,4,1,0,1,1,1
914,8,2,3,0,1,1,1
914,9,4,3,1,1,1,1
914,10,3,4,1,0,1,0
914,11,2,1,0,0,1,0
914,12,4,3,1,0,1,0
914,13,3,2,1,0,0,1
914,14,1,4,0,1,0,0
914,15,4,2,1,1,0,1
914,16,2,3,1,1,1,1
914,17,3,1,1,1,1,1
914,18,1,4,0,1,0,0
914,19,2,1,1,0,1,0
914,20,2,4,1,1,0,1
914,21,4,1,1,0,1,0
914,22,1,4,0,1,1,1
914,23,3,1,1,0,0,1
914,24,2,1,0,0,1,0
914,25,1,4,0,1,0,0
914,26,3,4,1,1,1,1
914,27,2,4,0,1,0,0
914,28,2,3,0,0,1,0
914,29,1,2,0,0,1,0
914,30,1,3,0,0,1,0
914,31,2,4,0,1,1,1
914,32,1,2,0,1,0,0
914,33,4,3,1,1,0,1
914,34,2,1,0,0,0,0
914,35,1,3,0,1,1,1
914,36,3,2,0,1,0,0
914,37,3,1,1,1,0,1
914,38,4,1,0,0,0,0
914,39,3,4,0,1,1,1
914,40,2,3,0,1,1,1
914,41,1,2,0,1,0,0
914,42,2,3,0,0,1,0
914,43,1,3,0,1,1,1
914,44,1,2,0,0,1,0
914,45,3,2,1,0,0,1
914,46,4,1,0,1,0,0
914,47,3,2,0,0,0,0
914,48,3,4,1,0,0,1
914,49,1,3,0,0,0,0
914,50,3,1,1,1,1,1
914,51,4,2,0,1,0,0
914,52,4,2,1,0,0,1
914,53,3,2,0,0,0,0
914,54,3,4,0,1,0,0
914,55,4,1,1,0,1,0
914,56,2,3,0,1,1,1
914,57,1,2,0,0,0,0
914,58,1,4,0,1,1,1
914,59,1,3,0,1,1,1
914,60,3,2,0,1,0,0
914,61,3,1,0,1,0,0
914,62,2,4,0,1,1,1
914,63,1,4,0,0,0,0
914,64,4,1,0,0,0,0
914,65,1,3,0,1,0,0
914,66,2,1,0,0,0,0
914,67,2,3,0,1,1,1
914,68,4,1,1,0,0,1
914,69,1,3,0,1,1,1
914,70,3,2,0,0,0,0
914,71,4,3,1,0,0,1
914,72,3,2,0,0,0,0
914,73,3,1,1,1,0,1
914,74,2,3,1,1,0,1
914,75,3,4,1,1,0,1
914,76,3,1,0,1,0,0
914,77,2,1,1,0,1,0
914,78,2,4,1,1,1,1
914,79,3,1,1,0,0,1
914,80,1,2,1,1,1,1
914,81,2,1,1,0,0,1
914,82,2,1,1,0,0,1
914,83,4,2,0,1,0,0
914,84,2,4,0,1,1,1
914,85,4,2,1,1,0,1
914,86,1,3,0,1,1,1
914,87,4,3,1,0,1,0
914,88,4,3,1,1,0,1
914,89,4,2,1,0,0,1
914,90,1,4,0,0,1,0
914,91,4,1,1,0,0,1
914,92,1,2,0,0,1,0
914,93,1,4,0,1,1,1
914,94,1,2,1,1,0,1
914,95,4,3,1,0,1,0
914,96,4,3,1,1,1,1
